Order_ID,Order_Date,City,State,Zone,Distance_km,Package_Weight_kg,Service_Type,Payment_Mode,Customer_Segment,Courier_Partner,Traffic_Level,Weather,Promised_Delivery_Hrs,Actual_Delivery_Hrs,Delay_Hrs,On_Time_Flag,Last_Mile_Status,Customer_Rating
ORD000001,2025-12-21,Pune,MH,North,8.5,0.53,Standard,Prepaid,Returning,Shadowfax,High,Clear,20,25.3,5.3,No,Delivered,4
ORD000002,2026-01-19,Patna,BR,West,0.8,0.95,Standard,Prepaid,VIP,DTDC,Low,Storm,12,17.4,5.4,No,Delivered,5
ORD000003,2026-01-12,Kochi,KL,Central,4.1,1.06,Standard,Prepaid,Returning,EcomExpress,Medium,Clear,43,44.3,1.3,No,Delivered,4
ORD000004,2026-01-17,Jaipur,RJ,East,8.3,0.67,Express,COD,Returning,Shadowfax,Severe,Clear,10,16.2,6.2,No,Delivered,4
ORD000005,2026-02-13,Jaipur,RJ,North,2.1,1.52,Standard,Prepaid,Returning,Shadowfax,Medium,Clear,37,39.7,2.7,No,Delivered,5
ORD000006,2026-01-10,Chandigarh,CH,North,12.4,1.03,Express,COD,Returning,DTDC,Low,Rain,15,20.0,5.0,No,Delivered,4
ORD000007,2026-03-05,Pune,MH,Central,9.6,0.86,Standard,COD,VIP,Ekart,High,Rain,14,20.3,6.3,No,Delivered,4
ORD000008,2025-12-05,Kochi,KL,Central,3.9,1.13,Express,COD,Returning,AmazonLogistics,Medium,Clear,16,15.0,-1.0,Yes,Delivered,5
ORD000009,2025-12-21,Hyderabad,TG,South,1.6,2.28,Express,Prepaid,New,XpressBees,High,Rain,15,21.2,6.2,No,Delivered,3
ORD000010,2025-12-28,Pune,MH,West,4.6,0.3,Express,Prepaid,New,XpressBees,High,Clear,9,11.0,2.0,No,Delivered,4
ORD000011,2025-12-14,Surat,GJ,South,3.9,2.41,Standard,COD,Returning,XpressBees,Low,Rain,28,29.1,1.1,No,Delivered,4
ORD000012,2025-12-19,Noida,UP,South,2.6,0.76,SameDay,Prepaid,VIP,XpressBees,Medium,Clear,4,3.5,-0.5,Yes,Delivered,4
ORD000013,2025-12-14,Coimbatore,TN,North,1.9,0.69,Standard,COD,New,Delhivery,Medium,Clear,44,44.9,0.9,No,Delivered,4
ORD000014,2025-12-19,Patna,BR,North,6.6,0.87,Express,Prepaid,VIP,DTDC,High,Clear,13,17.2,4.2,No,Delivered,4
ORD000015,2026-01-10,Coimbatore,TN,North,10.4,0.65,Standard,Prepaid,New,DTDC,Medium,Rain,14,19.9,5.9,No,Delivered,3
ORD000016,2025-12-16,Patna,BR,East,4.7,0.59,Standard,Prepaid,Returning,Shadowfax,High,Clear,23,26.4,3.4,No,Delivered,4
ORD000017,2026-01-18,Surat,GJ,North,9.3,1.84,Express,Prepaid,VIP,AmazonLogistics,Medium,Clear,18,21.6,3.6,No,Delivered,4
ORD000018,2026-02-17,Delhi,DL,North,6.2,1.22,Standard,Prepaid,VIP,DTDC,Medium,Clear,41,42.7,1.7,No,Delivered,5
ORD000019,2026-01-19,Bhopal,MP,South,9.9,0.35,Standard,COD,Returning,BlueDart,Low,Clear,31,32.4,1.4,No,Delivered,4
ORD000020,2025-12-14,Lucknow,UP,North,4.4,1.66,Standard,COD,VIP,Delhivery,Medium,Fog,32,34.2,2.2,No,Delivered,4
ORD000021,2026-01-21,Surat,GJ,North,8.6,1.52,Standard,Prepaid,Returning,Delhivery,Medium,Clear,29,30.5,1.5,No,Delivered,5
ORD000022,2026-01-04,Ahmedabad,GJ,West,8.0,0.45,SameDay,Prepaid,Returning,BlueDart,Medium,Clear,4,3.1,-0.9,Yes,Delivered,4
ORD000023,2026-02-19,Bangalore,KA,South,12.9,1.23,Express,Prepaid,Returning,Shadowfax,Severe,Rain,17,22.8,5.8,No,Delivered,4
ORD000024,2026-01-26,Gurgaon,HR,West,9.7,1.6,Standard,Prepaid,Returning,Delhivery,Medium,Clear,28,31.1,3.1,No,Delivered,4
ORD000025,2025-12-28,Patna,BR,East,8.5,0.42,Express,COD,New,EcomExpress,High,Fog,13,17.4,4.4,No,Delivered,4
ORD000026,2025-12-08,Nagpur,MH,North,1.6,1.31,Standard,COD,New,EcomExpress,Low,Clear,30,29.3,-0.7,Yes,Delivered,5
ORD000027,2026-01-13,Jaipur,RJ,East,5.4,0.74,Express,Prepaid,New,AmazonLogistics,High,Heatwave,13,14.2,1.2,No,Delivered,4
ORD000028,2026-01-21,Bhopal,MP,East,4.3,1.53,Standard,COD,New,AmazonLogistics,Low,Fog,47,50.9,3.9,No,Delivered,4
ORD000029,2025-12-10,Surat,GJ,East,4.2,0.63,Standard,Prepaid,New,BlueDart,High,Clear,14,18.5,4.5,No,Delivered,4
ORD000030,2026-01-16,Jaipur,RJ,West,7.6,2.07,Standard,COD,New,Delhivery,Low,Clear,37,38.8,1.8,No,Delivered,4
ORD000031,2026-02-10,Lucknow,UP,West,8.5,0.95,Express,Prepaid,Returning,Delhivery,Medium,Rain,9,14.1,5.1,No,Delivered,5
ORD000032,2026-02-21,Hyderabad,TG,West,8.6,0.76,Express,Prepaid,New,Delhivery,Medium,Rain,14,16.6,2.6,No,Delivered,4
ORD000033,2026-02-08,Pune,MH,West,12.5,0.72,Express,COD,New,BlueDart,Medium,Clear,18,22.2,4.2,No,Delivered,4
ORD000034,2025-12-15,Indore,MP,North,9.4,1.87,Standard,Prepaid,New,Delhivery,Medium,Clear,24,25.4,1.4,No,Delivered,4
ORD000035,2025-12-29,Chandigarh,CH,Central,2.6,0.72,Express,Prepaid,New,EcomExpress,Medium,Clear,10,12.3,2.3,No,Delivered,4
ORD000036,2025-12-10,Pune,MH,West,8.3,2.09,Standard,Prepaid,Returning,Ekart,Severe,Rain,33,40.0,7.0,No,Delivered,4
ORD000037,2026-01-24,Chandigarh,CH,East,9.8,1.26,Express,Prepaid,Returning,Shadowfax,Medium,Rain,17,18.7,1.7,No,Delivered,3
ORD000038,2025-12-18,Bhopal,MP,South,12.5,0.48,Standard,Prepaid,Returning,AmazonLogistics,Medium,Clear,46,46.9,0.9,No,Delivered,5
ORD000039,2025-12-12,Chennai,TN,North,6.9,1.12,Express,Prepaid,Returning,Delhivery,High,Clear,9,12.6,3.6,No,Delivered,3
ORD000040,2026-01-17,Nagpur,MH,South,6.9,1.14,SameDay,Prepaid,VIP,EcomExpress,High,Rain,9,12.0,3.0,No,Delivered,4
ORD000041,2026-02-05,Bangalore,KA,South,11.8,0.47,Standard,COD,Returning,Ekart,Medium,Heatwave,33,37.4,4.4,No,Delivered,3
ORD000042,2025-12-14,Patna,BR,South,8.2,1.11,Express,Prepaid,New,BlueDart,Medium,Clear,7,6.9,-0.1,Yes,Delivered,5
ORD000043,2025-12-22,Coimbatore,TN,South,1.1,1.53,Standard,Prepaid,New,XpressBees,Low,Clear,22,23.3,1.3,No,Delivered,4
ORD000044,2026-01-30,Ahmedabad,GJ,North,0.5,2.17,Standard,Prepaid,Returning,Ekart,Medium,Clear,14,13.6,-0.4,Yes,Delivered,5
ORD000045,2026-01-23,Pune,MH,South,14.9,2.12,Standard,Prepaid,Returning,XpressBees,Medium,Rain,31,36.5,5.5,No,Delivered,4
ORD000046,2026-02-15,Noida,UP,South,0.6,4.63,Express,COD,Returning,EcomExpress,High,Clear,10,14.3,4.3,No,Delivered,4
ORD000047,2025-12-11,Jaipur,RJ,Central,6.8,1.11,Standard,Prepaid,New,Shadowfax,High,Clear,34,37.0,3.0,No,Delivered,4
ORD000048,2026-01-24,Chandigarh,CH,North,11.0,1.54,Standard,Prepaid,VIP,Delhivery,Medium,Rain,40,44.2,4.2,No,Delivered,5
ORD000049,2026-01-17,Kochi,KL,South,0.5,0.77,Express,Prepaid,Returning,Delhivery,Low,Clear,6,8.1,2.1,No,Delivered,3
ORD000050,2026-01-06,Patna,BR,South,3.2,3.42,Standard,Prepaid,VIP,Delhivery,Medium,Clear,34,34.6,0.6,No,NDR_Pending,4
ORD000051,2026-02-02,Patna,BR,South,2.5,0.65,Express,Prepaid,Returning,Ekart,Medium,Clear,13,13.8,0.8,No,Delivered,4
ORD000052,2026-01-14,Bangalore,KA,South,14.7,3.33,Standard,Prepaid,New,DTDC,Medium,Clear,42,46.0,4.0,No,Delivered,4
ORD000053,2026-02-28,Ahmedabad,GJ,West,15.6,3.09,Standard,Prepaid,Returning,EcomExpress,High,Clear,47,52.1,5.1,No,Delivered,4
ORD000054,2025-12-27,Lucknow,UP,Central,4.6,0.69,Express,Prepaid,New,EcomExpress,Medium,Clear,9,10.5,1.5,No,Delivered,4
ORD000055,2026-02-14,Lucknow,UP,South,9.8,2.06,Standard,Prepaid,New,DTDC,Severe,Clear,18,22.2,4.2,No,RTO,2
ORD000056,2026-02-20,Mumbai,MH,West,8.7,1.45,Standard,Prepaid,Returning,Ekart,Medium,Clear,48,51.4,3.4,No,Delivered,3
ORD000057,2026-02-28,Surat,GJ,North,6.4,0.86,Express,Prepaid,Returning,EcomExpress,Low,Heatwave,15,15.5,0.5,No,Delivered,4
ORD000058,2026-01-03,Bangalore,KA,North,1.0,1.02,SameDay,Prepaid,New,EcomExpress,Medium,Heatwave,5,9.9,4.9,No,Delivered,4
ORD000059,2026-01-08,Coimbatore,TN,South,16.7,1.3,Standard,Prepaid,Returning,AmazonLogistics,High,Clear,23,25.5,2.5,No,Delivered,4
ORD000060,2026-02-21,Kochi,KL,North,0.5,1.37,SameDay,Prepaid,Returning,Ekart,Medium,Rain,3,4.7,1.7,No,Delivered,4
ORD000061,2026-02-07,Gurgaon,HR,West,8.3,2.71,Express,Prepaid,New,Ekart,Medium,Clear,8,10.6,2.6,No,Delivered,5
ORD000062,2026-03-02,Coimbatore,TN,West,4.9,1.56,Standard,Prepaid,New,EcomExpress,Medium,Rain,31,35.3,4.3,No,Delivered,3
ORD000063,2026-01-04,Ahmedabad,GJ,West,11.5,0.7,Standard,Prepaid,Returning,Delhivery,High,Fog,46,51.0,5.0,No,Delivered,4
ORD000064,2025-12-28,Noida,UP,South,10.9,1.73,Standard,Prepaid,New,BlueDart,Severe,Rain,42,50.8,8.8,No,Delivered,4
ORD000065,2026-02-04,Jaipur,RJ,West,3.6,0.39,Standard,Prepaid,VIP,EcomExpress,Medium,Rain,41,44.8,3.8,No,Reattempted,5
ORD000066,2026-02-21,Kolkata,WB,South,4.3,0.88,Standard,Prepaid,New,Ekart,Medium,Clear,26,27.4,1.4,No,Delivered,4
ORD000067,2026-02-27,Gurgaon,HR,North,1.3,0.93,Standard,Prepaid,Returning,Delhivery,Medium,Clear,25,26.7,1.7,No,Delivered,5
ORD000068,2026-02-19,Ahmedabad,GJ,North,8.3,1.64,Standard,Prepaid,Returning,XpressBees,Medium,Clear,29,32.8,3.8,No,Delivered,4
ORD000069,2026-03-03,Pune,MH,West,10.3,3.2,SameDay,Prepaid,New,Ekart,Severe,Clear,8,15.4,7.4,No,Delivered,3
ORD000070,2026-01-29,Lucknow,UP,Central,5.7,1.26,Standard,Prepaid,Returning,Ekart,Medium,Rain,39,42.9,3.9,No,Delivered,4
ORD000071,2025-12-05,Patna,BR,North,6.5,0.89,Standard,COD,Returning,XpressBees,High,Clear,46,48.6,2.6,No,Delivered,4
ORD000072,2026-02-18,Bangalore,KA,West,15.1,0.73,Standard,Prepaid,Returning,Ekart,Severe,Clear,16,20.5,4.5,No,Delivered,4
ORD000073,2025-12-31,Lucknow,UP,West,11.2,1.82,Standard,Prepaid,Returning,Delhivery,High,Clear,46,48.2,2.2,No,Delivered,5
ORD000074,2026-01-12,Delhi,DL,East,12.9,0.98,Standard,Prepaid,VIP,BlueDart,Medium,Rain,36,39.2,3.2,No,Delivered,4
ORD000075,2026-02-08,Kochi,KL,South,0.5,0.82,Express,Prepaid,New,Delhivery,High,Clear,12,14.6,2.6,No,Delivered,5
ORD000076,2026-01-28,Lucknow,UP,West,9.7,1.96,Express,COD,Returning,Ekart,Medium,Clear,18,21.2,3.2,No,Delivered,4
ORD000077,2026-02-02,Kolkata,WB,West,8.5,2.23,Standard,Prepaid,New,Ekart,Medium,Fog,13,18.8,5.8,No,Delivered,3
ORD000078,2026-01-10,Hyderabad,TG,East,2.5,0.62,Express,Prepaid,New,Delhivery,Severe,Clear,15,16.9,1.9,No,Reattempted,5
ORD000079,2025-12-29,Indore,MP,North,3.3,0.45,Standard,Prepaid,New,Delhivery,Medium,Rain,43,46.3,3.3,No,Delivered,4
ORD000080,2026-03-05,Kochi,KL,Central,6.6,1.04,Express,COD,Returning,BlueDart,Medium,Clear,7,9.6,2.6,No,Delivered,4
ORD000081,2026-02-04,Gurgaon,HR,North,2.1,0.56,Standard,COD,Returning,EcomExpress,Low,Clear,23,20.9,-2.1,Yes,Delivered,4
ORD000082,2026-01-22,Jaipur,RJ,East,4.3,0.51,Express,Prepaid,Returning,AmazonLogistics,Low,Storm,11,15.2,4.2,No,Delivered,4
ORD000083,2026-01-02,Bangalore,KA,North,5.7,0.59,SameDay,Prepaid,VIP,Delhivery,High,Clear,6,12.5,6.5,No,Delivered,5
ORD000084,2025-12-26,Bhopal,MP,North,9.8,2.07,Express,Prepaid,Returning,AmazonLogistics,High,Clear,11,15.0,4.0,No,Delivered,5
ORD000085,2026-02-01,Nagpur,MH,North,4.7,1.63,Standard,COD,New,XpressBees,High,Clear,48,52.3,4.3,No,Delivered,4
ORD000086,2026-02-03,Coimbatore,TN,South,5.7,4.83,Standard,Prepaid,New,BlueDart,Medium,Storm,27,31.5,4.5,No,Delivered,3
ORD000087,2026-02-14,Pune,MH,South,11.6,0.75,Express,Prepaid,Returning,Delhivery,Low,Fog,13,17.2,4.2,No,Delivered,5
ORD000088,2026-02-11,Kolkata,WB,North,0.5,2.45,Standard,Prepaid,New,Ekart,Medium,Clear,26,29.1,3.1,No,Delivered,4
ORD000089,2026-01-21,Patna,BR,South,8.4,1.49,Standard,Prepaid,New,XpressBees,Medium,Clear,15,16.9,1.9,No,Delivered,5
ORD000090,2026-02-21,Bhopal,MP,South,9.1,0.79,Standard,Prepaid,New,BlueDart,High,Clear,42,46.6,4.6,No,Delivered,4
ORD000091,2026-01-29,Jaipur,RJ,West,9.2,1.01,Standard,COD,Returning,BlueDart,High,Rain,26,32.1,6.1,No,Delivered,4
ORD000092,2025-12-06,Bhopal,MP,East,5.5,0.79,Standard,Prepaid,Returning,Ekart,High,Clear,34,39.2,5.2,No,Delivered,4
ORD000093,2025-12-15,Bhopal,MP,West,3.2,1.29,Standard,Prepaid,Returning,AmazonLogistics,High,Clear,25,28.5,3.5,No,Delivered,5
ORD000094,2026-02-11,Ahmedabad,GJ,North,13.6,2.0,Express,COD,Returning,AmazonLogistics,Medium,Clear,9,11.9,2.9,No,Delivered,4
ORD000095,2026-02-23,Chandigarh,CH,South,4.1,0.89,Standard,COD,VIP,XpressBees,High,Heatwave,42,46.8,4.8,No,Delivered,3
ORD000096,2026-01-22,Chennai,TN,East,3.0,1.84,Standard,Prepaid,Returning,Ekart,High,Clear,39,41.5,2.5,No,Delivered,4
ORD000097,2026-03-01,Hyderabad,TG,North,7.6,2.37,Standard,Prepaid,Returning,EcomExpress,Severe,Clear,47,53.3,6.3,No,Delivered,4
ORD000098,2026-02-09,Kochi,KL,South,4.5,2.71,SameDay,COD,Returning,DTDC,Medium,Heatwave,3,5.7,2.7,No,Delivered,4
ORD000099,2026-02-16,Nagpur,MH,Central,11.7,0.55,Standard,Prepaid,New,BlueDart,High,Clear,33,36.6,3.6,No,Delivered,4
ORD000100,2026-01-21,Delhi,DL,Central,6.4,1.07,Express,COD,VIP,XpressBees,Medium,Clear,10,12.5,2.5,No,Delivered,4
ORD000101,2026-02-05,Bhopal,MP,South,12.2,1.69,Express,Prepaid,Returning,Ekart,High,Clear,9,11.5,2.5,No,Delivered,5
ORD000102,2026-01-04,Bangalore,KA,West,9.3,0.58,Express,COD,New,Ekart,Severe,Clear,19,25.2,6.2,No,Delivered,4
ORD000103,2026-02-26,Bhopal,MP,South,5.9,0.5,Standard,Prepaid,Returning,Shadowfax,Severe,Clear,25,27.9,2.9,No,Delivered,4
ORD000104,2025-12-08,Mumbai,MH,West,12.0,1.09,Express,Prepaid,Returning,XpressBees,Low,Clear,13,14.5,1.5,No,Delivered,4
ORD000105,2025-12-07,Patna,BR,North,4.9,0.86,Standard,COD,VIP,Ekart,Medium,Clear,39,42.2,3.2,No,Delivered,5
ORD000106,2026-01-03,Patna,BR,North,6.2,1.0,Standard,Prepaid,New,Ekart,High,Clear,19,22.5,3.5,No,Delivered,5
ORD000107,2025-12-24,Patna,BR,West,9.6,0.83,Standard,Prepaid,New,AmazonLogistics,High,Fog,17,22.4,5.4,No,Delivered,4
ORD000108,2026-02-02,Kochi,KL,North,8.4,4.04,Express,Prepaid,VIP,Delhivery,Severe,Clear,19,23.1,4.1,No,Delivered,4
ORD000109,2026-02-08,Lucknow,UP,West,4.8,0.84,Standard,Prepaid,Returning,EcomExpress,Medium,Rain,13,17.9,4.9,No,Delivered,4
ORD000110,2025-12-05,Coimbatore,TN,South,1.4,1.57,Standard,Prepaid,New,Ekart,High,Clear,47,48.7,1.7,No,Delivered,5
ORD000111,2025-12-24,Chennai,TN,East,7.4,1.51,Express,Prepaid,Returning,AmazonLogistics,High,Clear,11,14.6,3.6,No,Delivered,4
ORD000112,2026-02-26,Patna,BR,East,4.6,0.4,Standard,Prepaid,Returning,AmazonLogistics,Medium,Clear,45,47.5,2.5,No,Delivered,4
ORD000113,2026-02-01,Indore,MP,South,7.6,2.66,Standard,Prepaid,New,DTDC,Low,Clear,36,35.7,-0.3,Yes,Delivered,3
ORD000114,2026-01-10,Lucknow,UP,East,5.8,1.61,Express,Prepaid,New,BlueDart,High,Rain,8,12.0,4.0,No,Delivered,3
ORD000115,2026-01-08,Surat,GJ,North,4.6,1.21,Express,COD,New,BlueDart,Low,Clear,7,7.4,0.4,No,Delivered,3
ORD000116,2025-12-10,Indore,MP,South,6.4,2.08,Express,Prepaid,New,AmazonLogistics,High,Rain,9,13.7,4.7,No,Delivered,5
ORD000117,2026-01-13,Mumbai,MH,North,7.2,1.07,Standard,COD,Returning,EcomExpress,Medium,Heatwave,46,48.4,2.4,No,Delivered,4
ORD000118,2026-02-23,Delhi,DL,East,10.3,1.88,Standard,Prepaid,New,DTDC,Medium,Clear,44,45.3,1.3,No,Delivered,4
ORD000119,2026-01-23,Hyderabad,TG,East,9.2,0.36,Standard,Prepaid,Returning,DTDC,Medium,Heatwave,21,24.3,3.3,No,Delivered,5
ORD000120,2025-12-21,Delhi,DL,East,15.9,1.8,Standard,Prepaid,Returning,AmazonLogistics,Severe,Clear,23,27.7,4.7,No,Delivered,4
ORD000121,2026-03-04,Jaipur,RJ,East,8.1,1.23,Standard,Prepaid,Returning,EcomExpress,High,Clear,25,28.4,3.4,No,Delivered,4
ORD000122,2025-12-10,Kochi,KL,Central,4.8,1.25,Standard,Prepaid,New,AmazonLogistics,High,Clear,33,36.5,3.5,No,Delivered,4
ORD000123,2025-12-06,Kochi,KL,North,6.8,0.67,Standard,COD,Returning,Delhivery,High,Rain,41,44.8,3.8,No,Delivered,4
ORD000124,2025-12-12,Lucknow,UP,Central,9.8,0.97,Standard,Prepaid,New,Delhivery,High,Rain,49,54.4,5.4,No,Delivered,4
ORD000125,2025-12-14,Chandigarh,CH,West,11.5,0.95,Standard,Prepaid,VIP,BlueDart,Severe,Storm,32,39.8,7.8,No,Delivered,3
ORD000126,2026-01-22,Indore,MP,South,12.9,0.56,Standard,COD,New,Delhivery,High,Rain,30,36.5,6.5,No,Delivered,3
ORD000127,2026-02-18,Pune,MH,West,3.4,1.37,Standard,Prepaid,Returning,Ekart,Medium,Clear,42,42.9,0.9,No,Delivered,4
ORD000128,2025-12-31,Patna,BR,South,12.6,2.84,Standard,COD,Returning,Ekart,Medium,Heatwave,47,49.7,2.7,No,Delivered,4
ORD000129,2026-02-03,Indore,MP,South,7.3,0.47,Standard,Prepaid,Returning,Delhivery,Medium,Heatwave,28,31.3,3.3,No,Delivered,3
ORD000130,2026-02-19,Nagpur,MH,North,3.8,1.48,Standard,Prepaid,Returning,AmazonLogistics,High,Rain,32,39.4,7.4,No,Delivered,4
ORD000131,2026-01-30,Indore,MP,North,6.7,0.86,Standard,Prepaid,Returning,Shadowfax,Medium,Clear,22,23.7,1.7,No,Delivered,5
ORD000132,2026-01-23,Indore,MP,South,12.3,0.8,Express,Prepaid,Returning,DTDC,High,Fog,9,14.7,5.7,No,Delivered,3
ORD000133,2025-12-09,Pune,MH,East,9.3,1.16,Standard,Prepaid,New,Ekart,Severe,Clear,42,46.4,4.4,No,Delivered,3
ORD000134,2025-12-30,Indore,MP,West,2.7,1.17,Standard,COD,Returning,XpressBees,Medium,Heatwave,17,21.2,4.2,No,Delivered,4
ORD000135,2026-02-25,Patna,BR,South,2.7,1.23,Standard,Prepaid,New,Delhivery,Low,Storm,22,25.1,3.1,No,Delivered,4
ORD000136,2026-01-27,Kolkata,WB,South,2.6,0.56,Standard,COD,Returning,Delhivery,High,Rain,16,22.8,6.8,No,RTO,2
ORD000137,2026-01-15,Nagpur,MH,South,4.6,2.13,Standard,Prepaid,Returning,Shadowfax,Low,Clear,21,19.8,-1.2,Yes,Delivered,4
ORD000138,2026-02-28,Mumbai,MH,North,7.8,1.16,Standard,Prepaid,Returning,Ekart,High,Clear,39,42.8,3.8,No,Delivered,3
ORD000139,2026-02-03,Kolkata,WB,East,3.0,1.58,Standard,Prepaid,New,XpressBees,Medium,Heatwave,42,45.3,3.3,No,Delivered,4
ORD000140,2026-02-21,Jaipur,RJ,North,5.8,2.29,Express,COD,Returning,BlueDart,Medium,Fog,8,13.0,5.0,No,Delivered,4
ORD000141,2025-12-16,Noida,UP,West,13.1,0.35,Express,Prepaid,New,Delhivery,Medium,Rain,17,22.4,5.4,No,NDR_Pending,4
ORD000142,2025-12-17,Hyderabad,TG,West,14.0,1.61,Standard,COD,Returning,Ekart,Medium,Heatwave,27,31.6,4.6,No,Reattempted,4
ORD000143,2026-02-23,Chennai,TN,West,13.7,1.0,Standard,Prepaid,Returning,EcomExpress,Medium,Clear,22,26.3,4.3,No,Delivered,4
ORD000144,2026-02-22,Jaipur,RJ,East,0.5,2.04,SameDay,COD,New,DTDC,Medium,Heatwave,6,7.7,1.7,No,RTO,4
ORD000145,2026-01-03,Noida,UP,South,14.2,0.68,Standard,COD,New,DTDC,Medium,Clear,31,34.0,3.0,No,Delivered,4
ORD000146,2026-01-07,Chandigarh,CH,East,7.9,1.94,SameDay,Prepaid,VIP,EcomExpress,Severe,Clear,8,12.7,4.7,No,Delivered,3
ORD000147,2025-12-27,Mumbai,MH,West,7.8,0.59,Express,Prepaid,New,Delhivery,Low,Clear,12,15.1,3.1,No,Delivered,5
ORD000148,2026-01-08,Hyderabad,TG,East,11.6,1.41,Standard,Prepaid,VIP,BlueDart,Medium,Clear,26,28.6,2.6,No,Delivered,5
ORD000149,2025-12-06,Bhopal,MP,West,10.3,1.31,Standard,COD,Returning,EcomExpress,Medium,Clear,16,19.9,3.9,No,Delivered,5
ORD000150,2026-01-19,Pune,MH,East,0.5,1.01,Standard,Prepaid,Returning,DTDC,Medium,Rain,44,47.0,3.0,No,Delivered,4
ORD000151,2026-02-11,Chandigarh,CH,Central,5.1,0.59,Express,Prepaid,Returning,AmazonLogistics,Low,Clear,15,16.2,1.2,No,Delivered,4
ORD000152,2026-02-12,Chennai,TN,South,6.0,0.89,Standard,COD,Returning,EcomExpress,High,Rain,47,50.9,3.9,No,Delivered,3
ORD000153,2026-01-20,Gurgaon,HR,East,2.2,1.92,Express,Prepaid,Returning,Shadowfax,Low,Clear,12,12.0,0.0,Yes,Reattempted,4
ORD000154,2026-01-12,Chennai,TN,West,11.5,2.7,Standard,Prepaid,Returning,Delhivery,High,Fog,42,47.9,5.9,No,Delivered,3
ORD000155,2025-12-16,Jaipur,RJ,South,13.3,3.57,Express,Prepaid,Returning,EcomExpress,Medium,Clear,14,16.3,2.3,No,Delivered,4
ORD000156,2026-02-03,Kochi,KL,Central,7.5,1.52,Express,Prepaid,New,AmazonLogistics,Medium,Rain,11,13.8,2.8,No,Delivered,5
ORD000157,2026-01-15,Delhi,DL,South,8.7,1.29,Standard,Prepaid,Returning,AmazonLogistics,Medium,Clear,25,27.1,2.1,No,Delivered,4
ORD000158,2025-12-20,Indore,MP,West,7.5,1.45,Standard,Prepaid,Returning,AmazonLogistics,High,Clear,18,21.0,3.0,No,Delivered,4
ORD000159,2026-01-19,Surat,GJ,North,7.9,3.52,Standard,COD,Returning,Delhivery,Severe,Clear,43,50.1,7.1,No,Delivered,4
ORD000160,2025-12-31,Patna,BR,North,12.0,1.51,Express,Prepaid,Returning,XpressBees,Medium,Clear,14,14.3,0.3,No,Delivered,4
ORD000161,2025-12-12,Noida,UP,East,0.5,1.16,Express,COD,Returning,BlueDart,Severe,Clear,12,18.0,6.0,No,Reattempted,4
ORD000162,2026-03-01,Kochi,KL,South,9.4,0.94,Standard,Prepaid,New,Ekart,Medium,Clear,43,44.5,1.5,No,Delivered,5
ORD000163,2026-02-20,Jaipur,RJ,South,7.5,1.0,Express,COD,VIP,XpressBees,Medium,Clear,12,16.4,4.4,No,Delivered,4
ORD000164,2026-01-12,Jaipur,RJ,North,4.6,1.39,Standard,Prepaid,Returning,Ekart,High,Rain,38,42.4,4.4,No,Delivered,5
ORD000165,2026-02-25,Jaipur,RJ,South,5.5,0.7,Standard,Prepaid,VIP,Delhivery,Medium,Clear,48,50.2,2.2,No,NDR_Pending,5
ORD000166,2026-02-09,Bhopal,MP,East,14.8,0.76,Express,COD,Returning,Shadowfax,Medium,Clear,7,9.2,2.2,No,Delivered,4
ORD000167,2026-01-11,Kolkata,WB,East,2.2,1.06,Standard,Prepaid,Returning,AmazonLogistics,Low,Clear,35,33.4,-1.6,Yes,Delivered,4
ORD000168,2025-12-12,Bangalore,KA,North,6.8,0.84,Express,COD,Returning,BlueDart,High,Clear,16,20.1,4.1,No,Delivered,4
ORD000169,2026-03-04,Kolkata,WB,West,14.0,1.58,Standard,Prepaid,New,XpressBees,Medium,Clear,45,44.9,-0.1,Yes,Delivered,4
ORD000170,2025-12-07,Mumbai,MH,South,2.4,1.66,Standard,Prepaid,New,Shadowfax,Severe,Rain,39,43.6,4.6,No,Delivered,4
ORD000171,2026-02-27,Delhi,DL,West,5.7,1.29,Standard,Prepaid,Returning,Ekart,Medium,Clear,22,24.8,2.8,No,Delivered,5
ORD000172,2025-12-09,Pune,MH,South,7.7,1.48,Standard,COD,New,Delhivery,Severe,Clear,46,51.2,5.2,No,NDR_Pending,3
ORD000173,2026-02-17,Patna,BR,South,9.2,1.19,Standard,Prepaid,New,Ekart,Low,Clear,42,42.4,0.4,No,Delivered,5
ORD000174,2026-02-06,Coimbatore,TN,South,7.2,0.11,Express,COD,Returning,BlueDart,High,Clear,11,16.3,5.3,No,Delivered,4
ORD000175,2026-02-13,Kochi,KL,West,3.9,0.65,Standard,Prepaid,New,Shadowfax,Medium,Rain,38,43.5,5.5,No,Delivered,5
ORD000176,2025-12-10,Lucknow,UP,South,9.3,1.69,Standard,Prepaid,New,Shadowfax,Medium,Clear,22,24.2,2.2,No,Delivered,5
ORD000177,2026-02-25,Coimbatore,TN,South,7.1,0.67,Standard,COD,Returning,EcomExpress,Low,Fog,22,27.6,5.6,No,Delivered,4
ORD000178,2026-01-28,Bangalore,KA,East,10.0,1.85,Standard,COD,New,Ekart,High,Clear,28,34.2,6.2,No,Delivered,4
ORD000179,2026-02-21,Gurgaon,HR,West,11.2,1.91,Standard,Prepaid,New,Ekart,Medium,Rain,24,28.3,4.3,No,NDR_Pending,4
ORD000180,2025-12-27,Surat,GJ,South,1.6,0.94,Express,Prepaid,New,Ekart,Medium,Clear,15,15.7,0.7,No,Delivered,4
ORD000181,2026-01-18,Gurgaon,HR,East,11.6,0.78,Express,Prepaid,Returning,Ekart,Severe,Heatwave,15,21.5,6.5,No,NDR_Pending,4
ORD000182,2025-12-17,Bangalore,KA,East,6.5,1.11,Standard,Prepaid,VIP,DTDC,Medium,Clear,45,45.5,0.5,No,Delivered,4
ORD000183,2026-02-05,Lucknow,UP,North,10.8,1.08,Standard,COD,New,Shadowfax,Low,Clear,14,16.8,2.8,No,Delivered,4
ORD000184,2026-02-06,Kochi,KL,West,9.5,1.61,Standard,Prepaid,Returning,AmazonLogistics,Low,Heatwave,23,24.2,1.2,No,Delivered,4
ORD000185,2025-12-15,Lucknow,UP,South,14.9,0.27,Standard,Prepaid,New,Delhivery,Low,Rain,29,33.0,4.0,No,Delivered,4
ORD000186,2026-01-23,Jaipur,RJ,West,7.5,0.71,Express,COD,Returning,AmazonLogistics,Medium,Clear,9,11.0,2.0,No,Delivered,4
ORD000187,2026-01-29,Bangalore,KA,North,5.9,0.6,Standard,COD,New,Shadowfax,High,Clear,45,47.7,2.7,No,Delivered,4
ORD000188,2026-02-24,Ahmedabad,GJ,West,5.4,0.24,SameDay,Prepaid,Returning,DTDC,Medium,Clear,4,6.0,2.0,No,Delivered,4
ORD000189,2025-12-14,Hyderabad,TG,North,3.4,0.82,Standard,COD,Returning,BlueDart,Low,Rain,31,32.0,1.0,No,Delivered,4
ORD000190,2026-02-09,Kolkata,WB,South,10.7,0.45,Express,Prepaid,Returning,BlueDart,High,Clear,13,15.8,2.8,No,Delivered,5
ORD000191,2026-01-30,Kochi,KL,Central,3.1,0.88,Express,Prepaid,New,Delhivery,Medium,Clear,10,10.2,0.2,No,Delivered,5
ORD000192,2026-01-03,Nagpur,MH,South,10.7,0.82,Express,COD,Returning,BlueDart,Medium,Clear,17,18.5,1.5,No,Delivered,4
ORD000193,2025-12-22,Nagpur,MH,East,6.6,1.45,Express,Prepaid,New,BlueDart,Severe,Storm,9,14.2,5.2,No,Delivered,4
ORD000194,2025-12-16,Ahmedabad,GJ,Central,0.5,0.95,Standard,COD,Returning,EcomExpress,Medium,Clear,28,29.3,1.3,No,Delivered,4
ORD000195,2025-12-14,Noida,UP,East,13.5,0.4,Express,Prepaid,Returning,EcomExpress,Medium,Clear,16,19.5,3.5,No,Delivered,4
ORD000196,2026-01-31,Pune,MH,North,0.5,1.36,Standard,COD,Returning,XpressBees,High,Heatwave,45,49.4,4.4,No,RTO,2
ORD000197,2026-02-08,Kolkata,WB,East,7.2,4.72,Standard,Prepaid,Returning,EcomExpress,High,Clear,30,34.8,4.8,No,Delivered,3
ORD000198,2026-01-05,Delhi,DL,North,8.4,2.11,Standard,Prepaid,Returning,AmazonLogistics,High,Rain,33,36.5,3.5,No,Delivered,5
ORD000199,2026-02-27,Kolkata,WB,South,0.5,1.66,Standard,COD,Returning,Delhivery,High,Rain,31,35.4,4.4,No,Delivered,4
ORD000200,2025-12-20,Noida,UP,East,9.3,0.98,Express,COD,New,XpressBees,Medium,Clear,11,15.2,4.2,No,Delivered,3
ORD000201,2025-12-18,Ahmedabad,GJ,West,4.8,0.82,Standard,COD,Returning,Delhivery,Medium,Rain,20,24.0,4.0,No,Delivered,4
ORD000202,2026-01-26,Gurgaon,HR,South,6.5,0.79,Standard,Prepaid,Returning,Shadowfax,High,Storm,15,21.9,6.9,No,Delivered,3
ORD000203,2026-02-09,Lucknow,UP,South,12.9,1.28,Standard,Prepaid,Returning,XpressBees,High,Clear,48,54.8,6.8,No,Delivered,4
ORD000204,2026-02-03,Kochi,KL,East,8.1,0.56,Express,Prepaid,Returning,XpressBees,High,Clear,12,15.4,3.4,No,Delivered,4
ORD000205,2026-03-04,Lucknow,UP,West,6.1,1.26,Express,Prepaid,Returning,BlueDart,Medium,Fog,14,17.0,3.0,No,Delivered,4
ORD000206,2025-12-30,Chennai,TN,South,6.8,0.74,SameDay,Prepaid,Returning,Shadowfax,High,Clear,8,10.1,2.1,No,Delivered,4
ORD000207,2026-01-07,Patna,BR,East,14.6,0.4,Standard,COD,New,EcomExpress,Medium,Clear,23,26.3,3.3,No,Delivered,5
ORD000208,2026-02-08,Noida,UP,North,9.1,0.74,Standard,Prepaid,Returning,Shadowfax,Low,Clear,19,21.6,2.6,No,Delivered,3
ORD000209,2025-12-27,Chennai,TN,North,4.0,2.34,Standard,Prepaid,VIP,BlueDart,Medium,Fog,36,40.0,4.0,No,Delivered,5
ORD000210,2025-12-11,Patna,BR,West,5.5,1.2,Standard,COD,New,DTDC,Medium,Rain,33,39.2,6.2,No,Delivered,3
ORD000211,2026-02-09,Chennai,TN,Central,2.7,0.13,Standard,COD,New,BlueDart,High,Heatwave,35,39.2,4.2,No,Delivered,5
ORD000212,2026-02-09,Coimbatore,TN,North,5.7,0.74,SameDay,Prepaid,Returning,AmazonLogistics,Medium,Clear,6,4.4,-1.6,Yes,Delivered,5
ORD000213,2025-12-23,Patna,BR,North,13.9,1.9,Standard,COD,New,BlueDart,High,Storm,24,32.6,8.6,No,Delivered,3
ORD000214,2025-12-14,Jaipur,RJ,North,6.8,0.92,Standard,COD,Returning,EcomExpress,Medium,Clear,30,32.8,2.8,No,NDR_Pending,3
ORD000215,2025-12-12,Coimbatore,TN,East,2.2,1.51,Express,Prepaid,Returning,EcomExpress,Low,Rain,16,18.5,2.5,No,Delivered,4
ORD000216,2026-02-05,Chennai,TN,North,9.2,0.87,Standard,COD,Returning,Delhivery,Medium,Rain,42,48.1,6.1,No,Delivered,4
ORD000217,2025-12-10,Pune,MH,South,5.9,1.23,Express,COD,VIP,Shadowfax,Medium,Clear,18,20.0,2.0,No,Delivered,5
ORD000218,2026-01-13,Pune,MH,Central,9.7,1.13,Standard,COD,Returning,AmazonLogistics,High,Clear,24,28.3,4.3,No,Delivered,4
ORD000219,2025-12-06,Jaipur,RJ,North,6.5,0.75,Standard,Prepaid,Returning,AmazonLogistics,Medium,Clear,20,19.9,-0.1,Yes,Delivered,4
ORD000220,2025-12-18,Gurgaon,HR,West,13.3,1.56,Standard,Prepaid,VIP,BlueDart,Medium,Clear,23,23.4,0.4,No,Delivered,4
ORD000221,2026-02-22,Delhi,DL,South,3.9,2.77,Standard,COD,New,EcomExpress,Medium,Rain,45,48.4,3.4,No,Delivered,4
ORD000222,2025-12-06,Lucknow,UP,East,2.8,1.39,Express,Prepaid,New,AmazonLogistics,Low,Clear,9,8.6,-0.4,Yes,Delivered,4
ORD000223,2026-02-25,Coimbatore,TN,South,11.3,1.18,Standard,Prepaid,Returning,Delhivery,Low,Rain,40,44.2,4.2,No,Delivered,4
ORD000224,2026-02-19,Hyderabad,TG,South,0.5,0.67,Standard,Prepaid,Returning,BlueDart,Severe,Clear,42,44.3,2.3,No,Delivered,4
ORD000225,2026-02-03,Coimbatore,TN,North,6.8,1.94,SameDay,COD,New,AmazonLogistics,Low,Clear,4,6.9,2.9,No,Delivered,5
ORD000226,2026-02-23,Kolkata,WB,West,10.7,0.81,Standard,Prepaid,Returning,BlueDart,Low,Rain,18,19.8,1.8,No,Delivered,5
ORD000227,2026-02-15,Bhopal,MP,East,0.5,1.55,Standard,COD,New,Delhivery,High,Clear,15,18.1,3.1,No,Delivered,4
ORD000228,2026-01-07,Indore,MP,North,7.8,1.75,SameDay,Prepaid,New,EcomExpress,High,Storm,8,15.1,7.1,No,Delivered,4
ORD000229,2026-01-15,Surat,GJ,South,1.5,2.0,Standard,COD,Returning,XpressBees,Medium,Storm,42,47.9,5.9,No,Delivered,4
ORD000230,2026-02-02,Bangalore,KA,East,0.5,2.02,Express,Prepaid,VIP,Delhivery,High,Clear,14,17.1,3.1,No,Delivered,4
ORD000231,2026-02-17,Lucknow,UP,North,3.2,1.98,Standard,COD,Returning,XpressBees,Severe,Clear,39,47.0,8.0,No,Delivered,3
ORD000232,2026-02-22,Chandigarh,CH,South,6.8,0.52,Express,COD,Returning,BlueDart,Low,Clear,7,7.5,0.5,No,Delivered,4
ORD000233,2025-12-31,Mumbai,MH,West,4.7,0.66,Standard,Prepaid,Returning,EcomExpress,Medium,Rain,46,50.0,4.0,No,Delivered,4
ORD000234,2025-12-13,Patna,BR,South,11.9,0.49,Standard,Prepaid,New,EcomExpress,High,Clear,29,33.0,4.0,No,Delivered,4
ORD000235,2026-01-20,Lucknow,UP,North,7.8,0.47,SameDay,COD,Returning,AmazonLogistics,High,Heatwave,8,13.4,5.4,No,Delivered,4
ORD000236,2026-01-20,Coimbatore,TN,South,5.5,2.76,Standard,COD,Returning,BlueDart,Severe,Storm,31,39.9,8.9,No,Delivered,4
ORD000237,2026-02-23,Kochi,KL,North,2.3,0.61,Standard,Prepaid,Returning,DTDC,Medium,Clear,41,43.0,2.0,No,RTO,4
ORD000238,2026-01-12,Jaipur,RJ,South,8.4,0.56,Standard,Prepaid,Returning,Shadowfax,Severe,Rain,42,47.1,5.1,No,RTO,2
ORD000239,2026-01-02,Kolkata,WB,West,15.7,1.07,Standard,COD,VIP,Delhivery,Medium,Clear,48,51.1,3.1,No,Delivered,4
ORD000240,2025-12-24,Nagpur,MH,West,4.7,0.71,Standard,COD,Returning,Shadowfax,High,Clear,27,29.4,2.4,No,Delivered,4
ORD000241,2025-12-11,Delhi,DL,North,5.2,4.29,Standard,Prepaid,New,Shadowfax,Severe,Clear,45,49.1,4.1,No,Delivered,5
ORD000242,2025-12-27,Indore,MP,East,3.3,0.94,Standard,Prepaid,VIP,Shadowfax,Low,Rain,12,13.4,1.4,No,Delivered,5
ORD000243,2026-01-07,Pune,MH,North,12.2,1.44,SameDay,Prepaid,New,AmazonLogistics,Medium,Clear,5,6.3,1.3,No,Delivered,4
ORD000244,2026-02-26,Nagpur,MH,West,11.2,0.69,Express,COD,VIP,Ekart,High,Heatwave,9,13.9,4.9,No,Delivered,3
ORD000245,2026-02-12,Nagpur,MH,South,5.7,0.41,SameDay,COD,Returning,AmazonLogistics,High,Clear,9,11.6,2.6,No,Delivered,4
ORD000246,2026-02-06,Pune,MH,East,5.1,0.71,Standard,Prepaid,Returning,XpressBees,Low,Rain,19,21.6,2.6,No,Delivered,5
ORD000247,2025-12-06,Patna,BR,North,3.7,0.72,Standard,Prepaid,Returning,XpressBees,High,Heatwave,48,50.8,2.8,No,Delivered,4
ORD000248,2026-01-30,Jaipur,RJ,North,6.3,0.72,Standard,Prepaid,Returning,XpressBees,Medium,Rain,13,16.9,3.9,No,Delivered,4
ORD000249,2025-12-12,Patna,BR,South,11.6,0.42,Standard,Prepaid,Returning,EcomExpress,Medium,Clear,31,32.6,1.6,No,Delivered,4
ORD000250,2026-02-01,Mumbai,MH,North,7.7,1.2,Standard,COD,Returning,AmazonLogistics,Medium,Clear,40,41.2,1.2,No,Delivered,3
ORD000251,2026-01-10,Bangalore,KA,North,12.7,0.9,Express,COD,Returning,AmazonLogistics,Severe,Clear,18,23.5,5.5,No,RTO,3
ORD000252,2026-01-11,Lucknow,UP,West,4.6,0.44,Express,Prepaid,Returning,EcomExpress,Low,Clear,12,9.9,-2.1,Yes,Delivered,5
ORD000253,2026-01-07,Bangalore,KA,East,0.5,1.18,Standard,Prepaid,Returning,Ekart,Medium,Heatwave,34,39.0,5.0,No,Delivered,4
ORD000254,2026-02-14,Kolkata,WB,North,17.9,1.75,Standard,Prepaid,Returning,AmazonLogistics,Low,Clear,41,43.5,2.5,No,Delivered,4
ORD000255,2025-12-07,Kochi,KL,East,8.4,2.27,Standard,COD,New,BlueDart,Severe,Clear,47,52.6,5.6,No,Delivered,4
ORD000256,2026-02-10,Delhi,DL,East,10.6,0.26,Standard,Prepaid,Returning,Ekart,High,Rain,37,42.0,5.0,No,Delivered,3
ORD000257,2025-12-31,Kochi,KL,East,4.3,0.71,Standard,Prepaid,Returning,Delhivery,Medium,Clear,20,21.8,1.8,No,Delivered,4
ORD000258,2026-01-13,Delhi,DL,West,2.0,0.49,Express,COD,Returning,Delhivery,Medium,Heatwave,10,11.3,1.3,No,Delivered,4
ORD000259,2026-02-04,Bangalore,KA,West,8.1,0.75,Standard,Prepaid,Returning,BlueDart,Medium,Clear,46,48.2,2.2,No,Delivered,4
ORD000260,2025-12-18,Indore,MP,South,0.5,2.54,Standard,COD,Returning,XpressBees,Medium,Clear,24,23.9,-0.1,Yes,Delivered,4
ORD000261,2025-12-19,Patna,BR,West,6.4,0.71,Express,Prepaid,New,BlueDart,High,Rain,8,11.1,3.1,No,Delivered,4
ORD000262,2025-12-13,Bangalore,KA,East,11.6,0.83,Express,Prepaid,Returning,Ekart,Medium,Clear,10,11.7,1.7,No,Delivered,4
ORD000263,2025-12-25,Chennai,TN,North,9.3,0.67,Express,COD,Returning,EcomExpress,Medium,Heatwave,7,12.6,5.6,No,Delivered,4
ORD000264,2026-02-15,Gurgaon,HR,South,8.5,2.93,Standard,COD,New,EcomExpress,High,Clear,34,36.9,2.9,No,Delivered,4
ORD000265,2025-12-16,Noida,UP,North,14.5,0.28,Standard,COD,New,XpressBees,Medium,Clear,39,43.1,4.1,No,Delivered,4
ORD000266,2026-02-06,Indore,MP,Central,9.0,0.79,Express,Prepaid,Returning,Delhivery,Low,Clear,10,8.9,-1.1,Yes,Delivered,4
ORD000267,2026-01-20,Jaipur,RJ,South,0.5,0.66,Express,Prepaid,New,DTDC,Low,Clear,16,16.7,0.7,No,Delivered,3
ORD000268,2026-01-14,Kolkata,WB,West,6.9,0.39,SameDay,Prepaid,Returning,BlueDart,Medium,Clear,4,7.5,3.5,No,Delivered,4
ORD000269,2026-02-17,Nagpur,MH,East,15.2,2.14,Standard,Prepaid,VIP,Ekart,High,Clear,45,50.1,5.1,No,Delivered,4
ORD000270,2025-12-17,Indore,MP,Central,6.3,0.37,Express,Prepaid,New,DTDC,Low,Clear,13,11.9,-1.1,Yes,Delivered,5
ORD000271,2025-12-09,Chennai,TN,North,15.0,0.84,Standard,Prepaid,Returning,Delhivery,Medium,Heatwave,20,23.8,3.8,No,Delivered,4
ORD000272,2026-02-13,Mumbai,MH,East,11.6,1.05,Standard,Prepaid,New,Delhivery,Medium,Clear,32,34.0,2.0,No,Delivered,3
ORD000273,2025-12-16,Bangalore,KA,East,5.9,0.7,Standard,Prepaid,Returning,Delhivery,High,Rain,21,27.5,6.5,No,Delivered,4
ORD000274,2026-01-06,Noida,UP,North,3.2,0.39,Standard,Prepaid,Returning,Ekart,Low,Clear,13,13.6,0.6,No,Delivered,5
ORD000275,2026-02-06,Jaipur,RJ,West,8.9,1.0,Standard,Prepaid,Returning,DTDC,Medium,Rain,29,31.6,2.6,No,Delivered,4
ORD000276,2026-02-13,Lucknow,UP,South,12.6,0.7,Standard,COD,Returning,BlueDart,Low,Clear,14,15.8,1.8,No,NDR_Pending,3
ORD000277,2026-02-06,Lucknow,UP,West,1.2,1.8,Express,COD,Returning,EcomExpress,Medium,Clear,11,12.1,1.1,No,Delivered,4
ORD000278,2026-02-06,Patna,BR,South,8.0,1.51,Standard,Prepaid,Returning,AmazonLogistics,Low,Clear,45,43.0,-2.0,Yes,Delivered,4
ORD000279,2026-01-08,Pune,MH,North,0.5,3.55,Standard,Prepaid,Returning,EcomExpress,Medium,Clear,19,20.1,1.1,No,Delivered,4
ORD000280,2026-02-27,Pune,MH,North,6.1,1.18,Express,COD,VIP,DTDC,High,Clear,9,13.2,4.2,No,Delivered,4
ORD000281,2025-12-25,Chennai,TN,North,0.9,1.57,Standard,Prepaid,Returning,AmazonLogistics,Low,Clear,25,25.2,0.2,No,Delivered,4
ORD000282,2025-12-11,Lucknow,UP,North,9.7,0.89,Standard,COD,New,EcomExpress,High,Heatwave,36,42.4,6.4,No,Delivered,4
ORD000283,2026-02-20,Kochi,KL,West,4.7,3.09,SameDay,Prepaid,Returning,Shadowfax,High,Clear,4,6.7,2.7,No,Delivered,5
ORD000284,2026-02-01,Lucknow,UP,South,12.1,1.11,Standard,Prepaid,Returning,EcomExpress,Medium,Storm,39,43.4,4.4,No,Delivered,4
ORD000285,2026-01-21,Jaipur,RJ,North,5.3,1.04,Standard,Prepaid,Returning,BlueDart,High,Clear,41,42.7,1.7,No,Delivered,4
ORD000286,2026-02-15,Gurgaon,HR,West,5.0,1.53,Express,COD,Returning,Ekart,Medium,Clear,16,18.4,2.4,No,Delivered,5
ORD000287,2026-02-09,Bangalore,KA,West,1.0,0.75,Standard,Prepaid,Returning,DTDC,High,Clear,43,47.4,4.4,No,Delivered,5
ORD000288,2025-12-31,Indore,MP,South,9.1,0.82,Standard,Prepaid,Returning,AmazonLogistics,High,Clear,22,24.9,2.9,No,Delivered,4
ORD000289,2025-12-07,Surat,GJ,Central,9.5,1.53,Express,Prepaid,Returning,XpressBees,High,Fog,17,22.9,5.9,No,Delivered,4
ORD000290,2026-02-10,Lucknow,UP,South,11.3,1.71,Standard,Prepaid,Returning,EcomExpress,Medium,Clear,36,38.3,2.3,No,RTO,3
ORD000291,2026-02-08,Bhopal,MP,East,10.1,1.58,Standard,COD,New,DTDC,High,Fog,36,42.9,6.9,No,Delivered,4
ORD000292,2026-01-01,Chennai,TN,North,9.1,1.05,Express,Prepaid,New,Shadowfax,Low,Clear,8,11.6,3.6,No,Delivered,3
ORD000293,2026-01-04,Noida,UP,West,9.9,1.3,Standard,Prepaid,Returning,Delhivery,Medium,Clear,17,19.2,2.2,No,Delivered,4
ORD000294,2026-01-31,Kolkata,WB,Central,10.3,1.97,Standard,Prepaid,Returning,BlueDart,Low,Clear,35,35.8,0.8,No,Delivered,4
ORD000295,2025-12-10,Surat,GJ,East,11.1,0.57,Standard,Prepaid,Returning,XpressBees,Medium,Rain,26,30.5,4.5,No,Delivered,4
ORD000296,2026-02-04,Surat,GJ,West,1.4,1.11,Standard,COD,New,DTDC,High,Clear,27,29.8,2.8,No,Delivered,5
ORD000297,2025-12-20,Bhopal,MP,West,5.7,0.19,SameDay,COD,Returning,EcomExpress,High,Heatwave,7,9.8,2.8,No,Delivered,4
ORD000298,2026-02-24,Jaipur,RJ,South,1.0,1.72,Express,Prepaid,Returning,AmazonLogistics,Low,Clear,8,5.6,-2.4,Yes,Delivered,4
ORD000299,2025-12-18,Chennai,TN,West,8.8,0.69,Standard,Prepaid,Returning,BlueDart,Medium,Clear,24,24.8,0.8,No,Delivered,5
ORD000300,2026-03-01,Mumbai,MH,East,14.0,0.7,Standard,Prepaid,Returning,EcomExpress,High,Rain,39,46.6,7.6,No,Delivered,3
ORD000301,2026-01-14,Ahmedabad,GJ,Central,11.1,1.03,Standard,Prepaid,Returning,EcomExpress,Severe,Clear,32,39.0,7.0,No,Delivered,4
ORD000302,2026-03-05,Bhopal,MP,South,5.1,1.6,Express,Prepaid,Returning,AmazonLogistics,High,Fog,19,22.3,3.3,No,Delivered,4
ORD000303,2026-02-14,Mumbai,MH,North,9.5,4.64,Standard,Prepaid,New,BlueDart,Low,Clear,31,31.8,0.8,No,Delivered,4
ORD000304,2026-02-06,Chandigarh,CH,West,8.9,0.44,Express,Prepaid,Returning,Shadowfax,Low,Rain,9,12.3,3.3,No,Delivered,4
ORD000305,2025-12-22,Surat,GJ,North,8.4,0.66,Standard,Prepaid,Returning,EcomExpress,High,Clear,38,40.8,2.8,No,Delivered,3
ORD000306,2026-01-26,Delhi,DL,North,2.3,1.27,Standard,Prepaid,New,DTDC,Medium,Storm,14,20.8,6.8,No,Delivered,3
ORD000307,2025-12-23,Kolkata,WB,South,12.8,0.71,SameDay,COD,VIP,AmazonLogistics,Severe,Clear,6,12.5,6.5,No,Delivered,5
ORD000308,2026-02-05,Indore,MP,West,2.8,1.82,Express,Prepaid,Returning,EcomExpress,Severe,Fog,12,19.2,7.2,No,Delivered,2
ORD000309,2026-01-07,Kolkata,WB,North,6.0,1.0,Standard,COD,New,Ekart,Severe,Clear,23,28.6,5.6,No,Delivered,3
ORD000310,2026-02-11,Delhi,DL,North,11.3,1.88,Standard,Prepaid,Returning,Delhivery,Medium,Rain,40,42.4,2.4,No,Delivered,5
ORD000311,2026-01-02,Kochi,KL,North,6.0,0.95,Express,Prepaid,New,Delhivery,High,Fog,8,15.1,7.1,No,Delivered,3
ORD000312,2026-02-17,Kochi,KL,East,7.8,1.53,Express,Prepaid,Returning,XpressBees,High,Fog,17,23.6,6.6,No,RTO,2
ORD000313,2026-01-18,Delhi,DL,West,8.0,0.62,Express,Prepaid,New,DTDC,Low,Clear,13,15.1,2.1,No,Delivered,4
ORD000314,2025-12-31,Chennai,TN,North,7.8,3.53,Express,Prepaid,New,EcomExpress,Medium,Clear,15,16.3,1.3,No,Delivered,3
ORD000315,2026-03-05,Hyderabad,TG,North,8.0,0.4,SameDay,Prepaid,Returning,XpressBees,Medium,Fog,4,7.7,3.7,No,Delivered,5
ORD000316,2026-02-07,Kochi,KL,West,8.4,0.72,Standard,Prepaid,Returning,EcomExpress,Medium,Clear,37,39.8,2.8,No,Delivered,4
ORD000317,2025-12-25,Coimbatore,TN,South,7.8,0.47,Standard,Prepaid,New,XpressBees,Severe,Rain,23,31.4,8.4,No,Delivered,3
ORD000318,2025-12-22,Coimbatore,TN,West,3.9,1.79,Standard,Prepaid,New,XpressBees,High,Clear,26,31.3,5.3,No,Delivered,4
ORD000319,2026-02-17,Gurgaon,HR,South,1.3,1.53,Express,Prepaid,New,Ekart,Medium,Clear,14,14.4,0.4,No,Delivered,4
ORD000320,2025-12-14,Patna,BR,Central,11.5,0.53,Standard,Prepaid,New,Shadowfax,Medium,Clear,40,42.2,2.2,No,Delivered,4
ORD000321,2025-12-15,Kolkata,WB,South,11.7,2.01,Standard,Prepaid,Returning,XpressBees,Medium,Rain,13,15.0,2.0,No,Delivered,4
ORD000322,2026-02-15,Delhi,DL,West,8.8,0.73,Express,COD,New,XpressBees,Medium,Clear,13,13.0,0.0,Yes,Delivered,4
ORD000323,2025-12-17,Nagpur,MH,North,8.8,1.39,Standard,COD,Returning,EcomExpress,Low,Clear,48,50.7,2.7,No,Delivered,5
ORD000324,2026-01-26,Gurgaon,HR,Central,3.8,1.61,SameDay,COD,Returning,EcomExpress,High,Fog,5,9.9,4.9,No,Delivered,4
ORD000325,2026-02-25,Noida,UP,Central,0.5,0.95,Standard,COD,New,Ekart,High,Clear,23,23.8,0.8,No,Delivered,5
ORD000326,2026-01-17,Hyderabad,TG,West,6.5,1.91,Express,Prepaid,Returning,EcomExpress,High,Heatwave,18,20.8,2.8,No,Delivered,4
ORD000327,2026-03-03,Hyderabad,TG,South,0.5,1.01,Standard,Prepaid,Returning,AmazonLogistics,High,Clear,17,19.3,2.3,No,Delivered,4
ORD000328,2026-01-10,Mumbai,MH,North,8.2,1.35,Standard,Prepaid,Returning,Delhivery,Low,Clear,36,37.8,1.8,No,Delivered,3
ORD000329,2026-02-10,Delhi,DL,East,12.7,0.94,Standard,Prepaid,Returning,AmazonLogistics,High,Clear,25,26.4,1.4,No,Delivered,4
ORD000330,2025-12-28,Indore,MP,West,5.0,0.36,Standard,COD,New,EcomExpress,Low,Clear,22,25.1,3.1,No,Delivered,3
ORD000331,2026-01-07,Surat,GJ,North,5.3,1.03,Express,COD,Returning,Ekart,Medium,Rain,7,10.4,3.4,No,Delivered,4
ORD000332,2026-01-27,Ahmedabad,GJ,South,3.5,0.65,Express,Prepaid,VIP,DTDC,Medium,Clear,14,16.2,2.2,No,Delivered,4
ORD000333,2026-01-07,Kolkata,WB,South,7.7,2.55,Standard,COD,Returning,Delhivery,Low,Clear,20,21.9,1.9,No,Delivered,4
ORD000334,2025-12-12,Bhopal,MP,East,7.4,0.49,Standard,COD,Returning,DTDC,Low,Clear,44,46.1,2.1,No,RTO,4
ORD000335,2026-01-06,Lucknow,UP,West,3.4,2.3,SameDay,Prepaid,Returning,XpressBees,Medium,Rain,5,7.4,2.4,No,Delivered,5
ORD000336,2026-02-06,Bhopal,MP,West,11.2,0.99,Standard,Prepaid,VIP,EcomExpress,Low,Fog,45,49.0,4.0,No,NDR_Pending,4
ORD000337,2026-01-16,Noida,UP,West,18.3,1.41,Express,COD,New,EcomExpress,Severe,Clear,13,20.4,7.4,No,Delivered,4
ORD000338,2026-01-18,Kolkata,WB,North,12.3,0.48,Standard,Prepaid,Returning,DTDC,Medium,Clear,45,47.7,2.7,No,Delivered,4
ORD000339,2025-12-21,Hyderabad,TG,South,7.1,0.92,Standard,Prepaid,Returning,AmazonLogistics,Medium,Clear,44,45.4,1.4,No,Delivered,4
ORD000340,2026-01-31,Noida,UP,North,7.0,0.74,Standard,Prepaid,Returning,EcomExpress,Severe,Rain,15,23.2,8.2,No,Delivered,3
ORD000341,2026-01-17,Nagpur,MH,East,5.4,3.9,Standard,COD,Returning,AmazonLogistics,Medium,Clear,17,18.1,1.1,No,Delivered,5
ORD000342,2025-12-07,Chennai,TN,South,5.4,0.73,Express,COD,Returning,EcomExpress,Medium,Clear,12,15.3,3.3,No,Delivered,4
ORD000343,2026-02-03,Nagpur,MH,South,11.3,2.21,Express,Prepaid,Returning,Delhivery,Severe,Rain,10,17.1,7.1,No,Delivered,5
ORD000344,2026-01-08,Surat,GJ,North,11.5,2.23,Express,COD,Returning,XpressBees,Medium,Clear,10,15.0,5.0,No,Delivered,3
ORD000345,2025-12-13,Gurgaon,HR,North,2.8,2.19,Express,Prepaid,New,Delhivery,Low,Rain,17,17.8,0.8,No,Delivered,4
ORD000346,2026-01-10,Chennai,TN,West,9.0,0.77,Express,COD,Returning,EcomExpress,Medium,Clear,12,16.5,4.5,No,Delivered,3
ORD000347,2026-01-20,Noida,UP,North,11.9,3.26,Express,Prepaid,New,Shadowfax,Medium,Heatwave,8,10.6,2.6,No,Delivered,4
ORD000348,2026-01-26,Gurgaon,HR,North,6.1,3.7,Express,COD,New,EcomExpress,High,Clear,17,23.5,6.5,No,Delivered,4
ORD000349,2026-01-25,Bangalore,KA,West,6.7,1.38,Express,COD,New,EcomExpress,Low,Clear,9,11.4,2.4,No,Delivered,4
ORD000350,2026-02-25,Bangalore,KA,South,10.3,0.84,Standard,COD,Returning,DTDC,High,Clear,15,20.7,5.7,No,Delivered,4
ORD000351,2026-01-18,Surat,GJ,South,10.4,0.66,Standard,Prepaid,Returning,XpressBees,High,Clear,20,23.8,3.8,No,Delivered,4
ORD000352,2026-02-08,Mumbai,MH,South,9.2,1.47,Standard,COD,Returning,AmazonLogistics,Severe,Rain,44,51.8,7.8,No,Delivered,4
ORD000353,2026-02-05,Chennai,TN,East,8.5,1.15,Standard,Prepaid,Returning,XpressBees,Low,Clear,24,26.4,2.4,No,Delivered,5
ORD000354,2026-02-16,Jaipur,RJ,South,9.1,1.23,Standard,Prepaid,New,Shadowfax,Medium,Clear,34,36.0,2.0,No,Delivered,4
ORD000355,2026-02-24,Noida,UP,West,6.4,0.49,Standard,Prepaid,New,EcomExpress,Severe,Rain,25,32.7,7.7,No,Delivered,4
ORD000356,2026-02-12,Noida,UP,Central,3.0,1.13,Standard,Prepaid,Returning,AmazonLogistics,High,Clear,13,11.1,-1.9,Yes,Delivered,4
ORD000357,2026-03-04,Bangalore,KA,West,1.3,2.2,Standard,Prepaid,Returning,EcomExpress,Low,Rain,28,29.6,1.6,No,Delivered,5
ORD000358,2025-12-22,Chandigarh,CH,South,9.9,1.8,Express,Prepaid,Returning,EcomExpress,Low,Rain,8,11.5,3.5,No,Delivered,4
ORD000359,2026-02-09,Pune,MH,West,7.9,0.86,Express,Prepaid,New,AmazonLogistics,High,Clear,9,12.4,3.4,No,Delivered,4
ORD000360,2026-01-20,Coimbatore,TN,South,9.3,1.04,Standard,Prepaid,VIP,AmazonLogistics,Medium,Rain,42,46.5,4.5,No,Delivered,4
ORD000361,2026-01-01,Bhopal,MP,South,4.2,0.46,SameDay,COD,Returning,XpressBees,Medium,Fog,6,10.3,4.3,No,RTO,2
ORD000362,2026-02-09,Chandigarh,CH,South,7.9,0.74,SameDay,Prepaid,Returning,Delhivery,High,Rain,5,9.8,4.8,No,Delivered,4
ORD000363,2026-03-03,Hyderabad,TG,South,7.8,0.9,Express,Prepaid,Returning,Delhivery,Medium,Clear,11,14.1,3.1,No,Delivered,5
ORD000364,2026-01-22,Chandigarh,CH,North,12.6,1.62,Standard,Prepaid,New,Shadowfax,Low,Clear,43,46.2,3.2,No,Delivered,4
ORD000365,2026-02-13,Delhi,DL,South,10.9,0.72,Standard,Prepaid,Returning,AmazonLogistics,High,Heatwave,44,48.9,4.9,No,Delivered,5
ORD000366,2026-03-01,Surat,GJ,North,4.5,0.59,Standard,Prepaid,Returning,Shadowfax,Severe,Clear,19,23.4,4.4,No,Delivered,4
ORD000367,2025-12-07,Lucknow,UP,South,9.5,1.74,Express,Prepaid,Returning,Delhivery,Medium,Clear,17,22.3,5.3,No,Delivered,3
ORD000368,2026-01-21,Kolkata,WB,West,4.5,0.86,Express,COD,New,EcomExpress,High,Clear,13,16.9,3.9,No,RTO,2
ORD000369,2026-03-05,Mumbai,MH,Central,0.5,0.67,Express,COD,Returning,XpressBees,Low,Rain,8,11.2,3.2,No,Delivered,5
ORD000370,2026-01-23,Patna,BR,North,14.4,1.8,Express,Prepaid,Returning,DTDC,Low,Rain,7,13.2,6.2,No,Delivered,4
ORD000371,2025-12-19,Kolkata,WB,West,6.0,1.46,SameDay,Prepaid,Returning,Delhivery,Severe,Heatwave,7,14.5,7.5,No,Delivered,3
ORD000372,2025-12-15,Kochi,KL,South,11.7,0.98,Standard,Prepaid,Returning,Delhivery,Low,Heatwave,23,26.4,3.4,No,Delivered,4
ORD000373,2026-01-01,Jaipur,RJ,North,4.9,0.9,Express,Prepaid,VIP,EcomExpress,Low,Clear,13,12.9,-0.1,Yes,Delivered,4
ORD000374,2025-12-12,Ahmedabad,GJ,North,4.3,1.39,Express,Prepaid,New,Delhivery,High,Rain,7,12.0,5.0,No,Delivered,4
ORD000375,2025-12-19,Chandigarh,CH,North,5.3,1.53,Standard,Prepaid,New,XpressBees,Medium,Clear,41,43.6,2.6,No,Delivered,4
ORD000376,2025-12-10,Pune,MH,North,8.5,1.25,Express,Prepaid,New,Delhivery,Medium,Clear,16,20.5,4.5,No,Delivered,4
ORD000377,2026-01-10,Coimbatore,TN,North,8.2,1.19,Standard,Prepaid,Returning,XpressBees,High,Clear,28,35.3,7.3,No,NDR_Pending,2
ORD000378,2025-12-18,Coimbatore,TN,South,9.5,0.77,Standard,COD,Returning,AmazonLogistics,Low,Heatwave,34,35.5,1.5,No,Delivered,4
ORD000379,2025-12-19,Ahmedabad,GJ,South,5.5,0.8,SameDay,Prepaid,Returning,Ekart,High,Clear,7,11.3,4.3,No,Delivered,4
ORD000380,2026-02-04,Chennai,TN,North,7.7,1.0,Standard,Prepaid,Returning,Ekart,Medium,Clear,25,26.1,1.1,No,Delivered,4
ORD000381,2025-12-15,Mumbai,MH,North,4.1,0.62,Standard,COD,Returning,EcomExpress,Low,Clear,31,32.4,1.4,No,Delivered,4
ORD000382,2025-12-21,Gurgaon,HR,North,13.4,0.58,SameDay,Prepaid,New,Delhivery,High,Clear,6,9.1,3.1,No,Delivered,5
ORD000383,2026-01-17,Gurgaon,HR,South,2.2,1.05,Standard,Prepaid,Returning,EcomExpress,Medium,Clear,25,28.5,3.5,No,Delivered,3
ORD000384,2025-12-14,Hyderabad,TG,South,4.2,2.0,Standard,Prepaid,Returning,DTDC,High,Clear,24,27.6,3.6,No,Delivered,4
ORD000385,2025-12-06,Mumbai,MH,South,5.8,0.32,Standard,COD,Returning,Delhivery,Severe,Clear,29,34.8,5.8,No,Delivered,4
ORD000386,2026-01-29,Delhi,DL,North,17.1,0.87,Standard,Prepaid,New,BlueDart,High,Clear,30,34.2,4.2,No,Delivered,3
ORD000387,2026-02-13,Pune,MH,North,10.6,1.3,Standard,Prepaid,Returning,EcomExpress,Medium,Rain,16,20.8,4.8,No,Delivered,4
ORD000388,2026-02-21,Bhopal,MP,Central,4.1,2.1,Standard,Prepaid,Returning,EcomExpress,Medium,Rain,15,19.0,4.0,No,Delivered,5
ORD000389,2025-12-06,Chandigarh,CH,North,10.8,3.25,Express,Prepaid,New,DTDC,Severe,Fog,9,16.1,7.1,No,Delivered,4
ORD000390,2025-12-08,Bangalore,KA,North,9.6,0.95,Standard,Prepaid,VIP,XpressBees,Medium,Clear,46,46.5,0.5,No,Delivered,4
ORD000391,2025-12-11,Coimbatore,TN,North,8.6,3.61,Standard,Prepaid,New,Shadowfax,High,Clear,43,44.9,1.9,No,Delivered,5
ORD000392,2026-01-20,Bangalore,KA,Central,10.3,1.45,Standard,Prepaid,VIP,Ekart,High,Clear,46,47.9,1.9,No,NDR_Pending,4
ORD000393,2026-02-13,Ahmedabad,GJ,West,7.7,1.8,Standard,Prepaid,New,Delhivery,Medium,Storm,43,48.8,5.8,No,Delivered,3
ORD000394,2025-12-22,Indore,MP,West,8.2,0.58,Express,COD,Returning,Delhivery,Low,Clear,16,16.9,0.9,No,Reattempted,4
ORD000395,2026-02-23,Coimbatore,TN,Central,1.3,1.45,Standard,Prepaid,Returning,BlueDart,High,Clear,15,18.3,3.3,No,Delivered,4
ORD000396,2026-02-26,Chandigarh,CH,North,13.3,1.9,Standard,Prepaid,New,XpressBees,High,Heatwave,45,50.5,5.5,No,Delivered,3
ORD000397,2026-02-19,Mumbai,MH,Central,5.7,0.73,Standard,Prepaid,New,XpressBees,Medium,Heatwave,29,29.6,0.6,No,Delivered,4
ORD000398,2026-01-12,Bangalore,KA,North,2.6,0.23,Standard,Prepaid,Returning,Delhivery,High,Clear,34,36.3,2.3,No,Delivered,4
ORD000399,2026-01-02,Chennai,TN,West,5.5,1.21,Standard,Prepaid,Returning,Ekart,High,Rain,46,48.5,2.5,No,Delivered,5
ORD000400,2026-02-01,Kolkata,WB,South,5.6,0.97,Standard,Prepaid,New,EcomExpress,Medium,Clear,16,16.5,0.5,No,Delivered,4
ORD000401,2026-02-27,Noida,UP,South,4.3,2.48,Standard,COD,New,BlueDart,Medium,Clear,21,22.1,1.1,No,Delivered,4
ORD000402,2026-01-13,Patna,BR,Central,10.6,0.8,Standard,Prepaid,Returning,XpressBees,High,Clear,16,18.9,2.9,No,Delivered,5
ORD000403,2026-01-18,Kolkata,WB,North,11.4,0.72,Standard,Prepaid,Returning,Ekart,High,Storm,29,38.7,9.7,No,RTO,2
ORD000404,2026-02-17,Noida,UP,Central,0.5,0.55,Express,COD,Returning,DTDC,Severe,Clear,12,18.0,6.0,No,Delivered,3
ORD000405,2026-02-23,Lucknow,UP,South,5.4,0.76,Standard,Prepaid,New,Ekart,Low,Rain,30,32.4,2.4,No,Delivered,5
ORD000406,2026-01-18,Surat,GJ,West,5.7,5.47,Standard,Prepaid,Returning,EcomExpress,Severe,Clear,33,39.6,6.6,No,Delivered,4
ORD000407,2026-03-03,Jaipur,RJ,Central,6.8,0.43,Standard,COD,New,XpressBees,High,Rain,22,26.8,4.8,No,Delivered,5
ORD000408,2026-03-01,Delhi,DL,North,14.3,0.5,Standard,Prepaid,Returning,AmazonLogistics,High,Rain,23,28.0,5.0,No,Delivered,4
ORD000409,2026-01-30,Gurgaon,HR,Central,4.2,1.07,Standard,Prepaid,New,Shadowfax,Medium,Rain,32,36.3,4.3,No,Reattempted,4
ORD000410,2026-01-06,Mumbai,MH,West,13.7,3.61,Standard,Prepaid,VIP,BlueDart,Low,Heatwave,14,15.0,1.0,No,Delivered,5
ORD000411,2026-02-23,Bangalore,KA,West,6.9,1.72,Standard,Prepaid,Returning,Ekart,Medium,Rain,28,32.6,4.6,No,Delivered,5
ORD000412,2026-02-08,Hyderabad,TG,North,13.8,2.8,Standard,Prepaid,Returning,Delhivery,Medium,Rain,48,53.0,5.0,No,Delivered,4
ORD000413,2026-01-05,Chennai,TN,South,6.3,0.88,Standard,COD,Returning,BlueDart,Medium,Clear,33,35.7,2.7,No,RTO,2
ORD000414,2025-12-13,Delhi,DL,West,5.8,0.48,Express,COD,VIP,AmazonLogistics,Severe,Storm,10,20.4,10.4,No,Delivered,3
ORD000415,2026-01-29,Mumbai,MH,South,7.4,0.84,Express,Prepaid,Returning,Ekart,Low,Clear,15,16.8,1.8,No,Delivered,5
ORD000416,2025-12-19,Kochi,KL,North,12.7,1.03,Standard,COD,Returning,Ekart,Severe,Clear,28,34.5,6.5,No,Delivered,3
ORD000417,2026-01-03,Noida,UP,North,8.1,1.11,Express,COD,Returning,Ekart,Medium,Clear,13,14.0,1.0,No,Delivered,5
ORD000418,2026-01-22,Delhi,DL,East,8.3,0.97,Standard,Prepaid,New,Delhivery,High,Clear,38,41.8,3.8,No,Delivered,4
ORD000419,2026-02-19,Chennai,TN,North,10.0,1.58,Standard,Prepaid,Returning,Ekart,Medium,Clear,48,49.8,1.8,No,Delivered,5
ORD000420,2025-12-28,Surat,GJ,West,4.0,0.72,Standard,Prepaid,Returning,BlueDart,High,Clear,35,37.4,2.4,No,Delivered,5
ORD000421,2026-02-15,Gurgaon,HR,Central,8.8,0.63,SameDay,Prepaid,Returning,XpressBees,Medium,Clear,7,8.8,1.8,No,Delivered,5
ORD000422,2025-12-10,Kochi,KL,North,5.0,0.54,Standard,COD,Returning,BlueDart,Severe,Heatwave,18,24.2,6.2,No,Delivered,4
ORD000423,2026-02-04,Patna,BR,North,13.4,1.25,Express,COD,Returning,AmazonLogistics,Low,Heatwave,9,10.5,1.5,No,Delivered,4
ORD000424,2025-12-27,Indore,MP,West,9.2,1.18,Express,COD,Returning,XpressBees,Medium,Clear,12,15.3,3.3,No,Delivered,4
ORD000425,2026-02-01,Jaipur,RJ,North,10.3,2.13,Standard,Prepaid,VIP,AmazonLogistics,Severe,Storm,36,42.9,6.9,No,Delivered,4
ORD000426,2025-12-29,Bangalore,KA,West,0.5,2.8,Standard,Prepaid,Returning,EcomExpress,Low,Clear,24,22.3,-1.7,Yes,Delivered,4
ORD000427,2026-01-15,Chandigarh,CH,West,10.3,0.54,Standard,Prepaid,New,EcomExpress,High,Clear,40,43.5,3.5,No,Delivered,4
ORD000428,2026-01-30,Bhopal,MP,West,6.8,1.12,Express,Prepaid,New,Shadowfax,Low,Heatwave,9,11.4,2.4,No,Delivered,4
ORD000429,2025-12-11,Mumbai,MH,South,1.8,0.98,Standard,Prepaid,Returning,Delhivery,Low,Rain,37,38.4,1.4,No,Delivered,4
ORD000430,2025-12-20,Coimbatore,TN,West,7.9,0.44,Standard,Prepaid,New,DTDC,High,Rain,36,41.8,5.8,No,Delivered,4
ORD000431,2026-02-22,Pune,MH,West,1.4,0.81,Standard,Prepaid,Returning,EcomExpress,Medium,Clear,18,18.9,0.9,No,Reattempted,5
ORD000432,2026-02-27,Coimbatore,TN,North,9.9,2.83,Express,Prepaid,Returning,XpressBees,Medium,Clear,10,11.3,1.3,No,Delivered,4
ORD000433,2026-01-22,Bhopal,MP,West,13.2,0.76,Express,Prepaid,New,Delhivery,Medium,Clear,8,11.4,3.4,No,Delivered,4
ORD000434,2025-12-31,Delhi,DL,East,0.5,0.68,Standard,Prepaid,VIP,Delhivery,High,Storm,40,45.3,5.3,No,Delivered,4
ORD000435,2025-12-30,Jaipur,RJ,West,7.4,1.07,Standard,COD,Returning,XpressBees,Severe,Clear,38,44.3,6.3,No,Delivered,4
ORD000436,2026-03-02,Delhi,DL,South,6.8,1.91,Standard,Prepaid,VIP,EcomExpress,Medium,Clear,18,18.3,0.3,No,Delivered,4
ORD000437,2026-02-11,Indore,MP,South,0.5,0.92,Standard,Prepaid,New,EcomExpress,Medium,Clear,46,47.4,1.4,No,Delivered,5
ORD000438,2026-01-12,Gurgaon,HR,North,11.2,1.19,Standard,Prepaid,Returning,EcomExpress,Medium,Rain,19,24.1,5.1,No,Delivered,4
ORD000439,2026-01-15,Pune,MH,North,10.0,0.28,Express,Prepaid,Returning,EcomExpress,High,Clear,11,15.3,4.3,No,Delivered,4
ORD000440,2026-02-09,Ahmedabad,GJ,North,15.6,1.56,Standard,Prepaid,Returning,XpressBees,Medium,Rain,30,36.1,6.1,No,Delivered,3
ORD000441,2026-01-13,Noida,UP,Central,9.5,1.26,Standard,COD,VIP,Delhivery,High,Clear,38,43.1,5.1,No,Delivered,4
ORD000442,2026-02-04,Kolkata,WB,North,4.0,1.88,Standard,Prepaid,Returning,BlueDart,Medium,Clear,12,13.5,1.5,No,Delivered,4
ORD000443,2026-02-12,Delhi,DL,East,9.6,0.36,Standard,Prepaid,New,DTDC,High,Clear,25,30.0,5.0,No,Delivered,4
ORD000444,2025-12-30,Lucknow,UP,North,12.6,0.92,Standard,Prepaid,Returning,Shadowfax,High,Clear,14,17.5,3.5,No,Delivered,4
ORD000445,2026-02-11,Surat,GJ,South,5.6,1.97,Express,Prepaid,Returning,XpressBees,Medium,Rain,7,11.4,4.4,No,Delivered,3
ORD000446,2026-01-14,Kochi,KL,South,10.9,0.79,Standard,COD,New,EcomExpress,Medium,Fog,22,27.4,5.4,No,Delivered,4
ORD000447,2026-03-04,Kolkata,WB,South,0.5,1.14,Standard,Prepaid,VIP,Ekart,Medium,Clear,23,26.4,3.4,No,Delivered,4
ORD000448,2025-12-25,Noida,UP,East,13.4,0.86,Standard,Prepaid,Returning,BlueDart,Medium,Clear,16,18.6,2.6,No,Delivered,5
ORD000449,2026-01-10,Surat,GJ,Central,10.7,0.88,Standard,Prepaid,Returning,EcomExpress,Medium,Clear,17,18.0,1.0,No,Delivered,4
ORD000450,2026-02-23,Chennai,TN,East,0.5,2.23,Express,Prepaid,VIP,Ekart,High,Heatwave,17,20.7,3.7,No,Delivered,4
ORD000451,2026-01-25,Noida,UP,North,9.0,0.47,Express,Prepaid,New,XpressBees,Medium,Storm,18,22.8,4.8,No,Delivered,4
ORD000452,2026-02-23,Gurgaon,HR,East,0.5,1.07,Express,Prepaid,Returning,XpressBees,Low,Rain,8,11.2,3.2,No,Delivered,4
ORD000453,2025-12-15,Lucknow,UP,North,5.1,1.29,Express,COD,Returning,Ekart,Medium,Clear,11,14.3,3.3,No,Delivered,4
ORD000454,2026-01-06,Mumbai,MH,East,10.2,1.94,Express,COD,Returning,Delhivery,Medium,Clear,14,16.2,2.2,No,Delivered,4
ORD000455,2026-02-26,Indore,MP,South,7.0,1.03,Standard,Prepaid,Returning,AmazonLogistics,Severe,Storm,16,22.5,6.5,No,Delivered,4
ORD000456,2026-01-11,Indore,MP,South,12.5,1.98,Standard,COD,New,DTDC,Medium,Clear,15,18.7,3.7,No,Delivered,5
ORD000457,2026-01-01,Delhi,DL,North,7.8,1.07,Express,Prepaid,Returning,BlueDart,Medium,Rain,16,18.3,2.3,No,Delivered,4
ORD000458,2026-01-01,Nagpur,MH,North,7.4,1.19,Standard,Prepaid,New,EcomExpress,Medium,Heatwave,32,33.9,1.9,No,Delivered,4
ORD000459,2026-02-25,Bhopal,MP,North,11.9,1.16,Standard,Prepaid,Returning,Delhivery,Severe,Rain,19,25.8,6.8,No,Delivered,4
ORD000460,2026-01-01,Delhi,DL,East,6.1,1.64,Express,Prepaid,VIP,Ekart,High,Rain,15,20.9,5.9,No,Delivered,4
ORD000461,2025-12-15,Coimbatore,TN,East,7.4,1.53,Standard,Prepaid,New,Delhivery,Low,Clear,25,24.4,-0.6,Yes,NDR_Pending,4
ORD000462,2025-12-12,Delhi,DL,Central,7.9,0.57,Standard,COD,New,EcomExpress,High,Heatwave,16,20.1,4.1,No,Delivered,5
ORD000463,2026-03-03,Coimbatore,TN,North,7.2,1.26,Standard,Prepaid,Returning,DTDC,High,Clear,37,43.6,6.6,No,Delivered,3
ORD000464,2026-02-01,Jaipur,RJ,West,12.1,1.53,Standard,Prepaid,Returning,DTDC,High,Heatwave,26,33.5,7.5,No,Delivered,4
ORD000465,2026-03-01,Mumbai,MH,North,4.8,2.66,Standard,Prepaid,New,Delhivery,Medium,Clear,37,40.2,3.2,No,Delivered,4
ORD000466,2026-02-12,Noida,UP,South,4.2,0.6,Standard,Prepaid,New,AmazonLogistics,High,Rain,13,17.2,4.2,No,Delivered,4
ORD000467,2026-01-16,Bangalore,KA,South,3.3,1.53,Standard,Prepaid,Returning,Shadowfax,High,Heatwave,14,18.5,4.5,No,Delivered,3
ORD000468,2026-01-05,Indore,MP,South,0.5,0.9,Standard,Prepaid,Returning,AmazonLogistics,Medium,Clear,41,41.0,0.0,Yes,Delivered,4
ORD000469,2025-12-25,Bangalore,KA,West,13.4,1.24,Standard,Prepaid,New,Delhivery,Low,Clear,24,22.7,-1.3,Yes,Delivered,5
ORD000470,2026-01-19,Gurgaon,HR,North,3.9,0.58,Standard,Prepaid,Returning,Delhivery,Medium,Clear,25,25.9,0.9,No,Delivered,3
ORD000471,2025-12-10,Coimbatore,TN,South,6.5,1.1,Standard,Prepaid,Returning,XpressBees,Low,Rain,28,30.5,2.5,No,Delivered,4
ORD000472,2025-12-07,Bhopal,MP,West,13.7,1.34,Standard,Prepaid,Returning,Delhivery,Medium,Rain,36,40.6,4.6,No,Delivered,4
ORD000473,2026-02-19,Jaipur,RJ,North,6.9,0.62,Express,COD,New,Shadowfax,High,Clear,15,19.4,4.4,No,Delivered,4
ORD000474,2026-01-31,Lucknow,UP,Central,9.6,2.64,Standard,Prepaid,Returning,Delhivery,High,Fog,39,46.9,7.9,No,Delivered,3
ORD000475,2026-02-08,Nagpur,MH,South,1.8,0.44,Express,COD,New,AmazonLogistics,Low,Heatwave,16,17.3,1.3,No,Reattempted,5
ORD000476,2026-01-03,Patna,BR,East,13.1,1.53,Express,Prepaid,Returning,Ekart,Low,Heatwave,16,17.6,1.6,No,Delivered,5
ORD000477,2026-01-25,Bhopal,MP,West,7.0,0.26,Standard,Prepaid,Returning,AmazonLogistics,High,Rain,23,27.2,4.2,No,Delivered,5
ORD000478,2025-12-18,Mumbai,MH,West,3.4,0.95,Standard,Prepaid,New,Ekart,Medium,Storm,33,38.8,5.8,No,Delivered,4
ORD000479,2026-01-20,Kochi,KL,West,3.4,1.47,Standard,Prepaid,New,Ekart,Low,Fog,22,24.8,2.8,No,Delivered,4
ORD000480,2025-12-06,Delhi,DL,East,14.3,1.69,Standard,COD,New,Shadowfax,High,Clear,29,32.8,3.8,No,Delivered,4
ORD000481,2026-01-22,Chennai,TN,West,5.2,1.04,Express,Prepaid,New,BlueDart,Medium,Storm,14,19.4,5.4,No,Delivered,3
ORD000482,2026-01-12,Bhopal,MP,North,3.5,0.96,Express,Prepaid,New,Ekart,Low,Clear,13,12.4,-0.6,Yes,Delivered,4
ORD000483,2026-01-07,Chennai,TN,North,5.8,1.55,Express,Prepaid,Returning,Ekart,High,Heatwave,8,11.0,3.0,No,Delivered,4
ORD000484,2026-02-03,Patna,BR,West,7.7,1.96,Express,COD,Returning,Ekart,High,Rain,8,14.4,6.4,No,Delivered,4
ORD000485,2026-01-29,Lucknow,UP,North,8.1,2.53,Express,Prepaid,New,AmazonLogistics,Medium,Rain,18,20.3,2.3,No,Delivered,5
ORD000486,2025-12-26,Hyderabad,TG,North,9.3,0.51,Express,COD,Returning,EcomExpress,High,Clear,12,15.9,3.9,No,Delivered,4
ORD000487,2025-12-05,Kolkata,WB,North,8.4,0.98,Standard,Prepaid,VIP,Ekart,Severe,Clear,19,24.2,5.2,No,Delivered,4
ORD000488,2025-12-20,Surat,GJ,South,10.1,0.3,Standard,Prepaid,Returning,Ekart,Low,Clear,25,26.6,1.6,No,Delivered,4
ORD000489,2026-02-22,Patna,BR,North,6.4,0.49,Standard,COD,Returning,DTDC,High,Rain,49,53.8,4.8,No,Delivered,4
ORD000490,2026-01-29,Nagpur,MH,West,15.8,0.72,Standard,COD,Returning,AmazonLogistics,Medium,Fog,30,35.6,5.6,No,Delivered,5
ORD000491,2026-02-03,Gurgaon,HR,East,5.5,1.86,Standard,Prepaid,New,XpressBees,Medium,Clear,45,45.9,0.9,No,Delivered,5
ORD000492,2026-01-28,Chandigarh,CH,East,12.9,0.83,Standard,COD,New,Ekart,Medium,Clear,17,22.3,5.3,No,Delivered,4
ORD000493,2026-02-17,Patna,BR,South,5.1,0.93,Express,Prepaid,Returning,Delhivery,Medium,Rain,7,10.1,3.1,No,Delivered,5
ORD000494,2026-01-01,Nagpur,MH,South,1.8,1.32,Standard,COD,Returning,AmazonLogistics,Medium,Clear,44,46.0,2.0,No,Delivered,4
ORD000495,2026-01-13,Chennai,TN,West,0.8,0.74,Express,COD,Returning,Delhivery,High,Clear,14,18.1,4.1,No,Delivered,4
ORD000496,2026-02-20,Jaipur,RJ,South,8.7,0.33,Standard,Prepaid,Returning,EcomExpress,Medium,Clear,13,14.9,1.9,No,Delivered,5
ORD000497,2025-12-15,Delhi,DL,West,12.1,0.71,Standard,Prepaid,Returning,Delhivery,Severe,Rain,38,44.3,6.3,No,Delivered,4
ORD000498,2026-01-28,Ahmedabad,GJ,North,2.9,1.03,Express,Prepaid,New,Shadowfax,Medium,Clear,16,18.2,2.2,No,Delivered,5
ORD000499,2026-02-18,Gurgaon,HR,Central,4.0,1.46,Standard,Prepaid,New,EcomExpress,High,Fog,36,39.6,3.6,No,NDR_Pending,3
ORD000500,2026-02-17,Jaipur,RJ,North,9.0,0.98,Express,Prepaid,VIP,Ekart,Medium,Clear,16,16.8,0.8,No,Delivered,5
ORD000501,2026-01-06,Delhi,DL,East,7.5,1.45,Express,Prepaid,New,XpressBees,Medium,Clear,15,18.0,3.0,No,Delivered,4
ORD000502,2026-02-27,Kochi,KL,West,5.2,1.92,Standard,COD,New,Ekart,High,Rain,43,48.4,5.4,No,Delivered,4
ORD000503,2025-12-29,Noida,UP,North,2.4,2.16,Standard,Prepaid,Returning,EcomExpress,High,Storm,44,49.6,5.6,No,Delivered,4
ORD000504,2026-02-04,Chandigarh,CH,West,8.7,1.23,Standard,Prepaid,Returning,Delhivery,Medium,Clear,30,31.6,1.6,No,Delivered,4
ORD000505,2025-12-23,Chennai,TN,North,10.1,0.56,Standard,COD,VIP,AmazonLogistics,Medium,Fog,46,49.5,3.5,No,Delivered,3
ORD000506,2025-12-31,Lucknow,UP,East,9.5,0.52,SameDay,COD,New,DTDC,Medium,Rain,8,15.6,7.6,No,Delivered,4
ORD000507,2026-01-21,Surat,GJ,West,7.6,0.55,Express,Prepaid,Returning,XpressBees,High,Heatwave,19,24.7,5.7,No,NDR_Pending,3
ORD000508,2026-02-04,Hyderabad,TG,North,3.3,0.58,Standard,Prepaid,New,AmazonLogistics,Medium,Clear,21,20.8,-0.2,Yes,Delivered,4
ORD000509,2025-12-30,Chennai,TN,North,8.8,1.17,Express,Prepaid,New,AmazonLogistics,High,Clear,13,15.5,2.5,No,Delivered,4
ORD000510,2026-01-12,Hyderabad,TG,West,8.5,3.43,Express,Prepaid,Returning,XpressBees,Medium,Clear,10,13.1,3.1,No,Delivered,3
ORD000511,2026-01-08,Noida,UP,South,2.2,1.26,Standard,Prepaid,Returning,Ekart,Medium,Rain,39,41.1,2.1,No,Delivered,5
ORD000512,2025-12-21,Coimbatore,TN,East,6.3,1.05,Standard,Prepaid,Returning,DTDC,High,Fog,37,42.1,5.1,No,Delivered,5
ORD000513,2026-01-26,Bhopal,MP,West,9.0,1.97,Express,Prepaid,New,DTDC,Severe,Clear,20,25.2,5.2,No,Delivered,4
ORD000514,2025-12-20,Bhopal,MP,West,7.2,0.67,Express,Prepaid,Returning,BlueDart,Medium,Clear,18,18.4,0.4,No,Delivered,5
ORD000515,2026-01-20,Noida,UP,North,0.5,2.07,Standard,COD,New,Delhivery,Medium,Clear,24,27.1,3.1,No,Delivered,3
ORD000516,2025-12-18,Delhi,DL,West,4.9,1.98,Standard,COD,Returning,EcomExpress,Low,Clear,38,38.8,0.8,No,NDR_Pending,4
ORD000517,2026-01-24,Chandigarh,CH,Central,4.7,1.14,Standard,Prepaid,VIP,AmazonLogistics,High,Heatwave,31,34.0,3.0,No,Delivered,4
ORD000518,2026-01-16,Pune,MH,North,9.7,3.88,Standard,Prepaid,Returning,DTDC,Medium,Clear,17,19.8,2.8,No,Delivered,5
ORD000519,2026-03-04,Lucknow,UP,South,17.9,2.16,Express,Prepaid,Returning,EcomExpress,Medium,Rain,15,22.1,7.1,No,Delivered,4
ORD000520,2026-01-28,Indore,MP,North,8.0,1.14,Standard,Prepaid,Returning,XpressBees,Medium,Clear,27,29.2,2.2,No,Delivered,4
ORD000521,2026-01-30,Ahmedabad,GJ,South,2.7,1.01,Express,COD,Returning,EcomExpress,Severe,Heatwave,13,21.5,8.5,No,Delivered,3
ORD000522,2026-03-03,Delhi,DL,West,6.9,0.85,Standard,Prepaid,New,EcomExpress,Medium,Fog,30,33.8,3.8,No,Delivered,4
ORD000523,2025-12-31,Bangalore,KA,South,7.5,1.02,Express,Prepaid,Returning,Ekart,High,Clear,15,18.2,3.2,No,Delivered,4
ORD000524,2026-02-04,Bhopal,MP,West,10.5,1.04,Express,Prepaid,Returning,BlueDart,Low,Rain,17,21.0,4.0,No,Delivered,4
ORD000525,2025-12-29,Kolkata,WB,South,12.5,0.91,Standard,Prepaid,Returning,EcomExpress,Low,Fog,46,52.5,6.5,No,Delivered,3
ORD000526,2025-12-26,Kolkata,WB,North,13.1,0.97,Standard,Prepaid,Returning,Shadowfax,Low,Heatwave,48,50.3,2.3,No,Delivered,4
ORD000527,2025-12-09,Gurgaon,HR,North,9.6,0.54,Standard,Prepaid,Returning,BlueDart,Medium,Clear,14,17.3,3.3,No,Delivered,4
ORD000528,2026-02-19,Delhi,DL,East,7.5,0.79,Express,Prepaid,Returning,DTDC,Medium,Clear,8,11.4,3.4,No,Delivered,4
ORD000529,2026-01-19,Gurgaon,HR,West,13.4,0.42,Express,Prepaid,VIP,Ekart,Medium,Clear,10,11.9,1.9,No,Delivered,5
ORD000530,2026-03-04,Gurgaon,HR,South,6.1,1.42,Standard,COD,VIP,XpressBees,Medium,Rain,37,41.4,4.4,No,Delivered,4
ORD000531,2025-12-12,Indore,MP,East,7.7,1.16,SameDay,Prepaid,New,XpressBees,Low,Clear,7,8.4,1.4,No,Delivered,5
ORD000532,2026-01-11,Bangalore,KA,North,6.5,1.03,Express,Prepaid,Returning,BlueDart,Medium,Storm,14,17.7,3.7,No,Delivered,4
ORD000533,2026-03-05,Bangalore,KA,North,0.5,1.88,Standard,Prepaid,Returning,XpressBees,Low,Clear,25,25.8,0.8,No,Delivered,5
ORD000534,2026-02-23,Chennai,TN,North,12.6,0.66,Standard,COD,Returning,EcomExpress,Low,Heatwave,19,22.5,3.5,No,Delivered,4
ORD000535,2026-02-12,Indore,MP,Central,10.2,0.72,Standard,Prepaid,New,Delhivery,Low,Clear,20,22.0,2.0,No,Delivered,3
ORD000536,2026-02-10,Bangalore,KA,West,0.5,0.45,Standard,Prepaid,Returning,AmazonLogistics,High,Clear,36,37.9,1.9,No,Delivered,4
ORD000537,2025-12-22,Lucknow,UP,West,11.5,2.04,SameDay,Prepaid,Returning,BlueDart,Severe,Clear,6,10.2,4.2,No,Delivered,3
ORD000538,2026-01-02,Delhi,DL,North,6.3,1.59,Express,Prepaid,New,Shadowfax,High,Rain,14,21.9,7.9,No,Delivered,3
ORD000539,2026-02-05,Surat,GJ,North,11.5,2.45,Standard,COD,New,Delhivery,Low,Fog,48,52.8,4.8,No,Delivered,4
ORD000540,2025-12-05,Mumbai,MH,West,7.8,2.86,Standard,COD,Returning,AmazonLogistics,Severe,Clear,35,41.5,6.5,No,RTO,3
ORD000541,2026-03-02,Coimbatore,TN,South,2.1,0.86,Standard,Prepaid,Returning,Delhivery,Severe,Clear,38,42.9,4.9,No,RTO,2
ORD000542,2026-02-06,Pune,MH,Central,7.6,0.72,Standard,COD,Returning,BlueDart,Medium,Heatwave,30,34.8,4.8,No,Delivered,4
ORD000543,2026-02-22,Bangalore,KA,West,3.9,0.38,Standard,Prepaid,New,AmazonLogistics,Low,Clear,26,25.2,-0.8,Yes,Delivered,4
ORD000544,2026-03-02,Bangalore,KA,South,2.6,0.57,Express,Prepaid,Returning,Shadowfax,High,Clear,9,11.6,2.6,No,Delivered,4
ORD000545,2026-02-01,Bhopal,MP,West,11.0,0.91,Express,Prepaid,New,Ekart,Severe,Heatwave,10,15.8,5.8,No,Delivered,4
ORD000546,2025-12-17,Pune,MH,Central,9.1,0.32,Express,Prepaid,Returning,EcomExpress,High,Clear,13,16.1,3.1,No,NDR_Pending,4
ORD000547,2025-12-18,Jaipur,RJ,South,13.5,0.58,Standard,COD,New,DTDC,High,Clear,38,43.4,5.4,No,Delivered,4
ORD000548,2026-02-26,Indore,MP,West,5.9,1.05,Standard,Prepaid,Returning,Ekart,High,Clear,22,25.0,3.0,No,Delivered,4
ORD000549,2026-01-16,Surat,GJ,East,3.6,1.89,Express,Prepaid,Returning,XpressBees,Severe,Rain,9,13.8,4.8,No,Reattempted,4
ORD000550,2025-12-23,Kochi,KL,North,10.1,0.72,Standard,COD,Returning,DTDC,Low,Clear,18,20.1,2.1,No,Delivered,4
ORD000551,2025-12-17,Bhopal,MP,East,4.2,1.19,Standard,Prepaid,New,BlueDart,Low,Heatwave,37,37.7,0.7,No,Delivered,4
ORD000552,2026-01-23,Ahmedabad,GJ,North,6.3,3.38,SameDay,Prepaid,Returning,AmazonLogistics,High,Clear,5,8.6,3.6,No,Delivered,4
ORD000553,2026-01-25,Bhopal,MP,West,9.6,0.37,Express,Prepaid,New,Ekart,Low,Storm,12,15.3,3.3,No,RTO,3
ORD000554,2026-01-24,Kolkata,WB,East,7.0,2.12,Express,Prepaid,New,DTDC,Medium,Clear,13,14.7,1.7,No,Delivered,4
ORD000555,2026-01-10,Noida,UP,West,5.5,1.39,Standard,COD,Returning,Ekart,Medium,Clear,13,14.5,1.5,No,Delivered,4
ORD000556,2025-12-25,Surat,GJ,South,1.9,2.36,Standard,Prepaid,New,XpressBees,Medium,Clear,41,43.4,2.4,No,Delivered,4
ORD000557,2025-12-16,Coimbatore,TN,West,11.2,1.97,Standard,Prepaid,VIP,XpressBees,Low,Clear,29,30.2,1.2,No,Delivered,5
ORD000558,2025-12-07,Chandigarh,CH,North,6.0,0.74,Standard,Prepaid,Returning,EcomExpress,Medium,Clear,23,26.2,3.2,No,Delivered,4
ORD000559,2025-12-22,Patna,BR,North,10.0,1.11,Standard,Prepaid,New,DTDC,Medium,Fog,15,19.8,4.8,No,Delivered,3
ORD000560,2025-12-20,Chandigarh,CH,North,9.4,0.46,Express,Prepaid,VIP,Ekart,Medium,Fog,8,13.1,5.1,No,Delivered,5
ORD000561,2025-12-20,Surat,GJ,West,11.9,0.81,Standard,Prepaid,New,XpressBees,Medium,Rain,39,44.9,5.9,No,Delivered,4
ORD000562,2026-01-09,Mumbai,MH,South,6.6,1.12,Standard,Prepaid,Returning,EcomExpress,Severe,Clear,42,45.6,3.6,No,Delivered,5
ORD000563,2026-01-22,Lucknow,UP,North,6.1,1.33,Express,Prepaid,New,XpressBees,High,Fog,18,23.4,5.4,No,Delivered,4
ORD000564,2025-12-22,Bangalore,KA,East,3.1,1.77,Express,Prepaid,Returning,AmazonLogistics,Severe,Clear,10,14.3,4.3,No,Delivered,4
ORD000565,2026-01-24,Chandigarh,CH,South,5.3,2.86,Standard,COD,Returning,Ekart,Medium,Rain,23,27.4,4.4,No,Delivered,4
ORD000566,2026-02-04,Hyderabad,TG,South,8.9,0.85,Standard,COD,New,Delhivery,Low,Rain,27,29.3,2.3,No,Delivered,4
ORD000567,2026-01-11,Hyderabad,TG,South,4.2,2.2,Standard,Prepaid,Returning,Delhivery,High,Clear,43,46.9,3.9,No,Delivered,5
ORD000568,2026-01-18,Hyderabad,TG,North,8.8,1.3,Standard,COD,New,BlueDart,High,Clear,28,31.8,3.8,No,Delivered,4
ORD000569,2026-01-27,Nagpur,MH,West,13.4,0.5,Standard,Prepaid,Returning,Delhivery,Low,Heatwave,40,42.9,2.9,No,RTO,3
ORD000570,2026-01-06,Indore,MP,South,5.7,1.01,Express,COD,New,Ekart,High,Clear,18,21.6,3.6,No,Delivered,4
ORD000571,2026-01-05,Gurgaon,HR,North,2.2,1.18,Express,COD,New,BlueDart,High,Rain,8,8.9,0.9,No,Delivered,4
ORD000572,2025-12-26,Jaipur,RJ,Central,5.8,0.67,SameDay,Prepaid,New,Shadowfax,Low,Heatwave,5,7.4,2.4,No,Delivered,4
ORD000573,2026-02-01,Chennai,TN,East,1.8,0.59,Standard,Prepaid,Returning,EcomExpress,Medium,Clear,47,49.1,2.1,No,Delivered,4
ORD000574,2026-02-03,Mumbai,MH,West,12.8,0.58,Standard,Prepaid,VIP,Shadowfax,Medium,Clear,35,37.1,2.1,No,Delivered,4
ORD000575,2026-01-25,Mumbai,MH,East,7.8,0.8,Standard,Prepaid,VIP,Ekart,Low,Clear,37,36.5,-0.5,Yes,Delivered,4
ORD000576,2026-02-24,Ahmedabad,GJ,East,4.6,0.66,SameDay,Prepaid,Returning,Shadowfax,High,Rain,4,8.1,4.1,No,Delivered,4
ORD000577,2025-12-23,Gurgaon,HR,South,5.3,2.31,Express,Prepaid,Returning,Delhivery,Medium,Clear,18,21.0,3.0,No,Delivered,3
ORD000578,2026-02-02,Surat,GJ,West,2.8,0.25,SameDay,Prepaid,Returning,EcomExpress,High,Clear,4,6.5,2.5,No,Delivered,4
ORD000579,2025-12-29,Chandigarh,CH,West,11.5,1.18,Standard,COD,Returning,Ekart,High,Clear,43,47.6,4.6,No,Delivered,3
ORD000580,2026-01-11,Delhi,DL,North,14.8,1.52,Standard,COD,New,Ekart,Severe,Storm,20,29.7,9.7,No,Delivered,4
ORD000581,2025-12-30,Pune,MH,North,1.5,0.62,Standard,Prepaid,Returning,EcomExpress,Medium,Heatwave,46,48.6,2.6,No,Delivered,5
ORD000582,2025-12-07,Bhopal,MP,North,11.7,0.96,Standard,Prepaid,New,XpressBees,Medium,Rain,23,26.0,3.0,No,Delivered,4
ORD000583,2026-01-20,Delhi,DL,West,6.5,0.9,Standard,COD,Returning,Delhivery,Medium,Storm,47,52.8,5.8,No,Delivered,4
ORD000584,2026-02-14,Pune,MH,East,12.6,1.06,Standard,Prepaid,Returning,XpressBees,High,Rain,33,40.4,7.4,No,Delivered,4
ORD000585,2026-03-04,Jaipur,RJ,West,0.5,1.65,Standard,COD,New,Delhivery,Medium,Heatwave,43,44.5,1.5,No,Delivered,4
ORD000586,2026-01-21,Gurgaon,HR,South,8.4,1.56,Standard,Prepaid,Returning,AmazonLogistics,High,Clear,25,27.5,2.5,No,Delivered,4
ORD000587,2026-02-08,Kochi,KL,North,5.9,0.77,SameDay,Prepaid,New,Ekart,Medium,Clear,7,10.2,3.2,No,Delivered,4
ORD000588,2025-12-10,Pune,MH,South,10.1,0.45,Express,Prepaid,VIP,Delhivery,Low,Heatwave,17,20.3,3.3,No,RTO,4
ORD000589,2025-12-07,Bhopal,MP,South,7.7,1.22,Express,Prepaid,VIP,Shadowfax,High,Clear,10,13.9,3.9,No,Delivered,5
ORD000590,2026-02-09,Bhopal,MP,East,7.6,0.75,Standard,Prepaid,Returning,Delhivery,High,Clear,33,36.9,3.9,No,Delivered,4
ORD000591,2026-01-18,Bhopal,MP,East,7.1,0.81,Express,COD,Returning,EcomExpress,Medium,Rain,8,12.9,4.9,No,Delivered,4
ORD000592,2025-12-25,Gurgaon,HR,East,13.7,1.26,Standard,Prepaid,New,Delhivery,High,Rain,40,45.7,5.7,No,Delivered,4
ORD000593,2026-01-17,Hyderabad,TG,East,6.8,0.85,Standard,Prepaid,Returning,EcomExpress,Medium,Clear,22,25.4,3.4,No,Delivered,3
ORD000594,2026-01-01,Noida,UP,Central,11.0,1.33,Standard,Prepaid,Returning,Ekart,High,Clear,36,39.4,3.4,No,Delivered,4
ORD000595,2025-12-27,Kolkata,WB,South,10.0,4.99,Standard,Prepaid,New,Delhivery,Medium,Clear,26,27.2,1.2,No,Delivered,4
ORD000596,2026-02-02,Bhopal,MP,North,11.1,1.67,Express,Prepaid,New,AmazonLogistics,Medium,Clear,15,15.1,0.1,No,Delivered,4
ORD000597,2026-02-03,Indore,MP,North,3.4,2.48,Express,Prepaid,Returning,Delhivery,Low,Clear,9,9.0,0.0,Yes,Delivered,5
ORD000598,2025-12-22,Patna,BR,South,10.3,1.5,Standard,Prepaid,Returning,Shadowfax,Low,Clear,20,20.7,0.7,No,Delivered,4
ORD000599,2026-02-23,Nagpur,MH,North,8.8,1.16,Standard,COD,Returning,Shadowfax,High,Rain,22,27.0,5.0,No,Delivered,5
ORD000600,2026-01-03,Nagpur,MH,North,2.7,1.52,Standard,COD,New,Ekart,Medium,Clear,27,27.7,0.7,No,NDR_Pending,5
ORD000601,2026-01-31,Nagpur,MH,Central,6.7,1.47,Standard,Prepaid,New,EcomExpress,Low,Clear,30,31.7,1.7,No,Delivered,4
ORD000602,2026-02-06,Patna,BR,North,16.7,1.85,Express,COD,Returning,Delhivery,Low,Rain,16,19.7,3.7,No,Delivered,4
ORD000603,2026-01-19,Coimbatore,TN,Central,5.9,1.15,Express,COD,New,AmazonLogistics,Medium,Clear,9,11.4,2.4,No,Delivered,4
ORD000604,2026-01-02,Delhi,DL,West,6.0,0.5,Express,Prepaid,New,DTDC,High,Clear,15,19.4,4.4,No,Delivered,4
ORD000605,2026-02-27,Bhopal,MP,West,9.3,0.46,Standard,Prepaid,New,DTDC,Medium,Clear,18,23.7,5.7,No,Delivered,4
ORD000606,2025-12-13,Surat,GJ,West,5.3,1.46,Standard,Prepaid,Returning,Delhivery,High,Rain,20,24.4,4.4,No,Delivered,3
ORD000607,2026-01-06,Kolkata,WB,South,8.1,0.56,Standard,Prepaid,New,EcomExpress,High,Clear,15,18.4,3.4,No,Delivered,3
ORD000608,2025-12-14,Surat,GJ,West,5.7,1.67,Standard,Prepaid,New,AmazonLogistics,Medium,Clear,15,15.2,0.2,No,Delivered,5
ORD000609,2026-01-28,Noida,UP,North,9.1,2.47,Standard,Prepaid,Returning,XpressBees,High,Clear,19,21.4,2.4,No,Delivered,5
ORD000610,2026-01-23,Chandigarh,CH,Central,7.3,0.97,Standard,Prepaid,New,XpressBees,Low,Fog,36,39.1,3.1,No,Delivered,4
ORD000611,2026-01-15,Bhopal,MP,South,15.3,2.29,Standard,Prepaid,VIP,EcomExpress,Medium,Rain,30,34.0,4.0,No,Delivered,4
ORD000612,2026-03-05,Lucknow,UP,North,7.7,1.29,Standard,Prepaid,Returning,EcomExpress,Low,Heatwave,28,28.7,0.7,No,Delivered,4
ORD000613,2026-02-13,Patna,BR,West,6.6,1.12,Express,Prepaid,Returning,Ekart,Low,Rain,11,14.3,3.3,No,Delivered,3
ORD000614,2026-01-21,Ahmedabad,GJ,West,11.6,1.15,Standard,Prepaid,Returning,DTDC,Low,Clear,27,27.8,0.8,No,Delivered,4
ORD000615,2026-02-13,Kochi,KL,South,1.9,0.67,Standard,Prepaid,New,Delhivery,Low,Clear,12,13.2,1.2,No,Delivered,4
ORD000616,2026-03-03,Nagpur,MH,West,14.3,0.62,SameDay,Prepaid,Returning,Ekart,High,Clear,6,11.4,5.4,No,Delivered,3
ORD000617,2026-02-02,Hyderabad,TG,North,3.5,0.41,Express,Prepaid,New,XpressBees,Medium,Clear,10,10.7,0.7,No,Delivered,4
ORD000618,2026-02-25,Chennai,TN,West,12.3,0.71,Standard,COD,Returning,EcomExpress,Severe,Clear,28,36.0,8.0,No,Delivered,3
ORD000619,2026-01-19,Pune,MH,North,13.3,3.99,Standard,Prepaid,New,BlueDart,Medium,Clear,44,46.7,2.7,No,Delivered,4
ORD000620,2026-02-22,Delhi,DL,North,5.4,0.45,Standard,Prepaid,Returning,DTDC,High,Rain,20,25.2,5.2,No,Delivered,3
ORD000621,2026-01-01,Jaipur,RJ,North,5.8,0.55,SameDay,COD,New,BlueDart,Medium,Rain,7,8.6,1.6,No,Delivered,5
ORD000622,2026-01-14,Lucknow,UP,South,7.1,0.68,Standard,Prepaid,Returning,XpressBees,Medium,Clear,14,14.1,0.1,No,Reattempted,5
ORD000623,2026-02-09,Bangalore,KA,South,10.0,0.7,Standard,Prepaid,New,DTDC,Medium,Clear,16,20.5,4.5,No,Delivered,4
ORD000624,2026-01-25,Jaipur,RJ,South,3.5,1.3,Express,Prepaid,New,EcomExpress,Severe,Clear,8,14.2,6.2,No,Delivered,4
ORD000625,2026-01-06,Nagpur,MH,North,7.1,0.77,Express,Prepaid,Returning,Ekart,Severe,Clear,16,23.0,7.0,No,Delivered,4
ORD000626,2026-01-31,Hyderabad,TG,North,6.2,0.98,Standard,COD,Returning,BlueDart,Medium,Clear,42,46.2,4.2,No,Delivered,4
ORD000627,2025-12-17,Kolkata,WB,South,2.9,0.66,Standard,COD,VIP,BlueDart,High,Clear,39,43.6,4.6,No,Delivered,3
ORD000628,2025-12-05,Ahmedabad,GJ,North,3.3,0.83,Standard,Prepaid,New,DTDC,High,Clear,45,48.5,3.5,No,Delivered,4
ORD000629,2026-01-23,Surat,GJ,West,8.0,1.07,Standard,Prepaid,New,XpressBees,Medium,Storm,28,34.5,6.5,No,Delivered,3
ORD000630,2025-12-08,Ahmedabad,GJ,Central,7.9,1.02,Standard,COD,Returning,Shadowfax,Low,Clear,21,22.0,1.0,No,Delivered,5
ORD000631,2025-12-06,Coimbatore,TN,South,4.4,3.63,Express,Prepaid,New,XpressBees,High,Clear,10,13.5,3.5,No,Delivered,5
ORD000632,2026-03-02,Kolkata,WB,East,7.8,1.09,Express,Prepaid,Returning,Ekart,High,Clear,12,16.4,4.4,No,Delivered,4
ORD000633,2026-01-08,Jaipur,RJ,North,4.9,0.97,Express,COD,New,AmazonLogistics,Medium,Clear,16,18.5,2.5,No,Delivered,4
ORD000634,2026-01-14,Ahmedabad,GJ,North,12.7,0.25,Express,Prepaid,Returning,AmazonLogistics,Medium,Clear,11,12.8,1.8,No,Delivered,5
ORD000635,2026-01-09,Bangalore,KA,West,7.1,1.28,Standard,COD,Returning,EcomExpress,Low,Storm,40,43.0,3.0,No,Delivered,4
ORD000636,2026-02-19,Kochi,KL,West,11.9,0.34,Standard,COD,New,BlueDart,Severe,Clear,47,50.9,3.9,No,Delivered,3
ORD000637,2026-01-11,Hyderabad,TG,East,0.7,1.54,Express,Prepaid,Returning,XpressBees,Low,Clear,15,16.2,1.2,No,Delivered,5
ORD000638,2025-12-16,Chennai,TN,North,8.8,1.2,Standard,Prepaid,Returning,Delhivery,Medium,Storm,15,20.1,5.1,No,RTO,3
ORD000639,2026-02-12,Patna,BR,East,9.9,1.78,Standard,Prepaid,Returning,AmazonLogistics,Medium,Clear,41,43.4,2.4,No,Delivered,4
ORD000640,2025-12-28,Gurgaon,HR,South,6.9,0.76,Standard,COD,Returning,EcomExpress,High,Clear,47,49.6,2.6,No,Delivered,5
ORD000641,2026-01-03,Kochi,KL,South,5.3,1.12,Express,Prepaid,Returning,EcomExpress,High,Rain,18,24.7,6.7,No,Delivered,4
ORD000642,2025-12-09,Gurgaon,HR,North,6.9,1.66,Standard,Prepaid,Returning,EcomExpress,Low,Clear,36,36.1,0.1,No,Delivered,5
ORD000643,2026-02-23,Chandigarh,CH,Central,10.5,0.63,Standard,Prepaid,Returning,EcomExpress,Medium,Heatwave,27,32.1,5.1,No,Delivered,3
ORD000644,2026-02-12,Lucknow,UP,North,2.7,1.59,Standard,Prepaid,Returning,EcomExpress,High,Clear,41,42.1,1.1,No,Delivered,4
ORD000645,2025-12-11,Patna,BR,East,10.3,1.55,Express,Prepaid,Returning,XpressBees,Medium,Rain,16,21.1,5.1,No,Delivered,4
ORD000646,2025-12-28,Kolkata,WB,West,8.8,1.02,Standard,COD,Returning,XpressBees,Low,Clear,20,21.1,1.1,No,Delivered,4
ORD000647,2026-03-01,Lucknow,UP,West,6.5,2.85,Standard,Prepaid,Returning,EcomExpress,Severe,Rain,25,31.8,6.8,No,Reattempted,4
ORD000648,2026-02-14,Surat,GJ,West,6.6,1.51,Express,Prepaid,New,EcomExpress,Low,Fog,15,19.7,4.7,No,Delivered,5
ORD000649,2026-01-06,Noida,UP,East,7.7,0.4,Express,Prepaid,New,AmazonLogistics,Medium,Fog,10,14.6,4.6,No,Delivered,4
ORD000650,2026-02-13,Bhopal,MP,North,14.1,2.0,Standard,Prepaid,New,Delhivery,Medium,Fog,16,20.1,4.1,No,Delivered,4
ORD000651,2026-01-06,Lucknow,UP,North,8.9,0.74,Standard,Prepaid,Returning,Shadowfax,High,Rain,33,37.6,4.6,No,Delivered,4
ORD000652,2025-12-14,Kochi,KL,West,3.7,1.78,SameDay,Prepaid,Returning,Shadowfax,High,Clear,6,7.0,1.0,No,RTO,3
ORD000653,2026-01-22,Hyderabad,TG,South,5.8,1.32,Standard,COD,New,XpressBees,Medium,Clear,41,41.5,0.5,No,NDR_Pending,4
ORD000654,2025-12-31,Bhopal,MP,North,2.9,0.23,Express,Prepaid,Returning,Ekart,High,Clear,14,15.9,1.9,No,Delivered,4
ORD000655,2026-03-04,Indore,MP,North,0.5,1.59,Express,Prepaid,New,XpressBees,Severe,Clear,13,16.3,3.3,No,Reattempted,3
ORD000656,2026-01-22,Surat,GJ,South,2.9,0.97,Express,COD,New,Ekart,High,Clear,7,8.7,1.7,No,Delivered,4
ORD000657,2025-12-29,Patna,BR,North,8.0,0.84,Standard,Prepaid,New,AmazonLogistics,Medium,Rain,29,32.0,3.0,No,Delivered,5
ORD000658,2026-02-16,Nagpur,MH,North,12.6,0.86,Standard,COD,Returning,EcomExpress,Medium,Rain,36,41.1,5.1,No,Delivered,3
ORD000659,2026-02-21,Pune,MH,East,11.5,1.77,Standard,Prepaid,New,EcomExpress,Severe,Storm,47,56.1,9.1,No,Delivered,4
ORD000660,2026-02-15,Chennai,TN,South,2.9,0.64,Standard,Prepaid,New,BlueDart,Low,Clear,46,45.2,-0.8,Yes,Delivered,5
ORD000661,2026-03-04,Bangalore,KA,Central,4.3,2.16,Standard,Prepaid,Returning,BlueDart,Low,Rain,27,28.4,1.4,No,Delivered,4
ORD000662,2026-01-23,Coimbatore,TN,Central,3.7,0.44,Standard,Prepaid,Returning,XpressBees,Medium,Rain,29,32.2,3.2,No,Delivered,5
ORD000663,2026-01-06,Mumbai,MH,North,0.5,1.32,Standard,COD,Returning,EcomExpress,High,Storm,44,51.7,7.7,No,Delivered,4
ORD000664,2026-02-06,Hyderabad,TG,West,6.8,1.76,Express,COD,New,EcomExpress,Low,Rain,9,11.8,2.8,No,Delivered,4
ORD000665,2025-12-14,Indore,MP,West,10.7,1.73,Standard,Prepaid,Returning,BlueDart,Medium,Clear,40,39.9,-0.1,Yes,Delivered,4
ORD000666,2026-02-28,Kochi,KL,West,6.5,1.23,Standard,Prepaid,New,DTDC,High,Clear,16,19.2,3.2,No,Delivered,5
ORD000667,2026-02-17,Surat,GJ,North,2.4,0.98,Standard,Prepaid,New,DTDC,Medium,Storm,41,45.7,4.7,No,RTO,2
ORD000668,2026-01-11,Chandigarh,CH,North,4.1,0.79,Express,Prepaid,Returning,Ekart,Medium,Rain,10,11.5,1.5,No,Delivered,4
ORD000669,2026-01-06,Gurgaon,HR,North,6.2,0.53,Standard,Prepaid,Returning,EcomExpress,Medium,Rain,26,29.3,3.3,No,Delivered,4
ORD000670,2025-12-16,Delhi,DL,West,10.6,0.73,Express,Prepaid,VIP,BlueDart,Medium,Rain,11,13.7,2.7,No,Delivered,4
ORD000671,2026-01-15,Noida,UP,Central,6.8,0.62,Standard,Prepaid,Returning,Ekart,Severe,Rain,48,54.7,6.7,No,Delivered,5
ORD000672,2025-12-17,Nagpur,MH,West,10.0,0.56,Standard,Prepaid,New,DTDC,Low,Rain,17,21.2,4.2,No,Delivered,3
ORD000673,2025-12-18,Nagpur,MH,West,7.2,3.26,Express,COD,New,XpressBees,High,Heatwave,11,15.4,4.4,No,Delivered,4
ORD000674,2026-01-08,Pune,MH,Central,8.4,0.39,Standard,Prepaid,Returning,Shadowfax,Medium,Heatwave,17,20.5,3.5,No,Delivered,5
ORD000675,2026-02-05,Nagpur,MH,West,3.7,2.17,Express,Prepaid,New,Delhivery,Low,Clear,6,6.4,0.4,No,Delivered,5
ORD000676,2025-12-15,Coimbatore,TN,North,4.8,0.53,Express,Prepaid,Returning,Ekart,Low,Clear,14,14.6,0.6,No,Delivered,4
ORD000677,2025-12-20,Indore,MP,East,2.5,0.6,Standard,Prepaid,Returning,XpressBees,Medium,Clear,14,15.2,1.2,No,Delivered,4
ORD000678,2026-02-23,Pune,MH,South,9.9,0.59,Standard,Prepaid,Returning,XpressBees,Medium,Clear,23,25.3,2.3,No,Delivered,5
ORD000679,2026-02-25,Surat,GJ,North,6.3,0.57,SameDay,Prepaid,New,Shadowfax,Medium,Fog,7,9.3,2.3,No,Delivered,3
ORD000680,2026-01-23,Gurgaon,HR,South,0.5,1.92,Express,COD,New,BlueDart,Severe,Fog,17,21.3,4.3,No,Delivered,5
ORD000681,2025-12-25,Coimbatore,TN,Central,9.4,1.57,Standard,Prepaid,New,EcomExpress,Medium,Clear,19,22.7,3.7,No,Delivered,4
ORD000682,2026-02-12,Delhi,DL,North,11.4,0.96,Standard,Prepaid,New,AmazonLogistics,Severe,Clear,32,37.1,5.1,No,Delivered,5
ORD000683,2025-12-18,Noida,UP,South,4.3,5.61,Standard,Prepaid,New,Shadowfax,Low,Clear,12,12.1,0.1,No,Delivered,5
ORD000684,2026-03-05,Noida,UP,North,9.4,1.09,Express,COD,Returning,Delhivery,Medium,Fog,18,24.4,6.4,No,Delivered,4
ORD000685,2025-12-10,Bangalore,KA,North,6.7,1.15,Express,Prepaid,Returning,BlueDart,High,Rain,17,25.1,8.1,No,Delivered,4
ORD000686,2026-01-10,Bhopal,MP,North,0.5,0.73,Standard,Prepaid,New,Ekart,Medium,Clear,24,23.4,-0.6,Yes,Delivered,4
ORD000687,2026-01-06,Jaipur,RJ,West,15.3,0.68,Standard,Prepaid,New,BlueDart,Medium,Clear,25,27.5,2.5,No,Delivered,4
ORD000688,2026-02-15,Indore,MP,East,6.7,0.8,Express,Prepaid,VIP,BlueDart,Low,Clear,10,11.4,1.4,No,Delivered,4
ORD000689,2026-03-05,Jaipur,RJ,North,8.3,1.84,Standard,COD,New,XpressBees,Low,Clear,22,22.2,0.2,No,Delivered,4
ORD000690,2026-02-09,Patna,BR,South,5.0,1.56,SameDay,COD,New,AmazonLogistics,High,Fog,6,9.4,3.4,No,NDR_Pending,3
ORD000691,2025-12-21,Noida,UP,North,6.3,2.4,Standard,COD,Returning,DTDC,Medium,Heatwave,26,30.7,4.7,No,Delivered,5
ORD000692,2025-12-28,Patna,BR,North,8.1,0.72,Standard,Prepaid,New,AmazonLogistics,Severe,Clear,45,49.3,4.3,No,Delivered,5
ORD000693,2025-12-05,Gurgaon,HR,West,3.3,1.57,Standard,Prepaid,New,Delhivery,Medium,Clear,18,18.7,0.7,No,Delivered,3
ORD000694,2025-12-15,Gurgaon,HR,West,14.3,1.33,Standard,Prepaid,New,Ekart,Medium,Clear,26,27.0,1.0,No,Delivered,4
ORD000695,2025-12-26,Pune,MH,West,10.9,1.43,Standard,COD,VIP,Ekart,Medium,Clear,35,38.5,3.5,No,Delivered,4
ORD000696,2025-12-05,Chennai,TN,South,9.6,0.66,Standard,Prepaid,Returning,Shadowfax,Medium,Clear,15,15.5,0.5,No,Delivered,5
ORD000697,2025-12-27,Coimbatore,TN,West,6.9,0.59,Standard,Prepaid,Returning,XpressBees,High,Clear,26,28.3,2.3,No,Delivered,4
ORD000698,2026-02-18,Indore,MP,North,4.5,1.53,Standard,COD,Returning,EcomExpress,High,Clear,44,46.6,2.6,No,RTO,4
ORD000699,2025-12-23,Pune,MH,North,11.6,1.87,Express,COD,Returning,Shadowfax,Low,Fog,8,12.0,4.0,No,Delivered,4
ORD000700,2026-03-04,Pune,MH,Central,9.9,0.76,Standard,Prepaid,New,EcomExpress,Medium,Clear,46,47.1,1.1,No,Delivered,4
ORD000701,2025-12-25,Surat,GJ,West,5.9,1.59,Standard,Prepaid,Returning,Delhivery,High,Fog,19,23.3,4.3,No,Delivered,4
ORD000702,2026-01-09,Nagpur,MH,Central,3.2,2.27,Express,Prepaid,Returning,Ekart,Low,Clear,6,7.9,1.9,No,Delivered,4
ORD000703,2026-01-31,Bangalore,KA,East,1.2,0.89,Standard,Prepaid,Returning,EcomExpress,Medium,Clear,43,44.6,1.6,No,Delivered,4
ORD000704,2026-01-22,Bangalore,KA,West,7.6,0.47,Standard,Prepaid,Returning,XpressBees,Medium,Clear,27,29.3,2.3,No,Delivered,5
ORD000705,2025-12-20,Delhi,DL,Central,6.5,0.5,Express,Prepaid,New,EcomExpress,Medium,Clear,8,10.5,2.5,No,Delivered,4
ORD000706,2025-12-22,Indore,MP,South,12.2,0.74,Standard,Prepaid,New,BlueDart,Medium,Clear,17,17.9,0.9,No,Delivered,4
ORD000707,2025-12-27,Mumbai,MH,North,11.5,0.85,Standard,COD,Returning,BlueDart,Medium,Fog,18,23.3,5.3,No,Delivered,4
ORD000708,2026-02-13,Indore,MP,North,7.7,1.08,Express,COD,New,EcomExpress,Severe,Heatwave,17,24.1,7.1,No,Delivered,3
ORD000709,2026-02-05,Lucknow,UP,North,7.2,1.09,SameDay,COD,VIP,XpressBees,Medium,Clear,5,6.6,1.6,No,Delivered,3
ORD000710,2025-12-06,Lucknow,UP,North,2.9,0.94,Express,COD,Returning,Ekart,Severe,Clear,9,14.8,5.8,No,Delivered,4
ORD000711,2025-12-28,Kochi,KL,South,11.7,1.66,Standard,Prepaid,New,BlueDart,High,Clear,46,49.7,3.7,No,Delivered,4
ORD000712,2025-12-17,Surat,GJ,West,7.3,0.7,Standard,Prepaid,Returning,Ekart,Medium,Rain,14,18.2,4.2,No,Delivered,5
ORD000713,2026-02-11,Coimbatore,TN,East,9.9,2.36,Standard,Prepaid,Returning,DTDC,Medium,Clear,43,47.6,4.6,No,Delivered,4
ORD000714,2026-02-28,Patna,BR,West,12.2,1.94,Standard,Prepaid,Returning,XpressBees,Medium,Clear,22,25.0,3.0,No,Delivered,4
ORD000715,2025-12-09,Gurgaon,HR,North,5.2,1.86,Standard,Prepaid,Returning,EcomExpress,High,Heatwave,37,39.9,2.9,No,Delivered,5
ORD000716,2026-01-01,Patna,BR,West,4.2,0.74,Express,Prepaid,Returning,Delhivery,Medium,Fog,8,12.0,4.0,No,Delivered,4
ORD000717,2026-03-01,Surat,GJ,South,17.4,1.03,Standard,COD,New,AmazonLogistics,Severe,Rain,42,50.0,8.0,No,Delivered,3
ORD000718,2026-01-23,Lucknow,UP,North,9.9,1.71,Express,Prepaid,Returning,XpressBees,High,Clear,17,19.6,2.6,No,Delivered,4
ORD000719,2026-01-16,Hyderabad,TG,South,6.4,0.98,SameDay,Prepaid,Returning,BlueDart,High,Clear,7,7.4,0.4,No,Delivered,4
ORD000720,2026-01-14,Indore,MP,South,12.5,0.73,Standard,COD,Returning,AmazonLogistics,Medium,Clear,18,20.5,2.5,No,Delivered,4
ORD000721,2025-12-21,Delhi,DL,North,6.3,0.71,Standard,Prepaid,Returning,EcomExpress,Medium,Rain,22,26.9,4.9,No,Delivered,4
ORD000722,2025-12-21,Gurgaon,HR,East,8.8,0.73,SameDay,Prepaid,VIP,AmazonLogistics,High,Rain,9,14.8,5.8,No,Delivered,4
ORD000723,2026-01-09,Bhopal,MP,West,5.2,0.55,Standard,Prepaid,New,EcomExpress,High,Clear,34,37.6,3.6,No,Reattempted,4
ORD000724,2026-02-07,Delhi,DL,West,7.4,6.19,Express,Prepaid,Returning,Ekart,Medium,Heatwave,15,19.8,4.8,No,Delivered,3
ORD000725,2026-02-08,Patna,BR,North,6.4,0.34,Standard,Prepaid,Returning,EcomExpress,High,Clear,24,27.6,3.6,No,Delivered,4
ORD000726,2026-02-25,Delhi,DL,East,4.5,0.61,Standard,Prepaid,Returning,Delhivery,Medium,Rain,45,48.2,3.2,No,Delivered,4
ORD000727,2026-01-26,Coimbatore,TN,West,8.5,1.58,Standard,COD,VIP,DTDC,High,Clear,29,33.7,4.7,No,NDR_Pending,3
ORD000728,2026-01-25,Pune,MH,North,4.9,0.73,Standard,Prepaid,Returning,Delhivery,Medium,Clear,21,21.8,0.8,No,Delivered,4
ORD000729,2026-01-01,Lucknow,UP,West,9.8,0.89,Express,Prepaid,Returning,Ekart,Low,Clear,7,7.1,0.1,No,Delivered,4
ORD000730,2025-12-29,Kochi,KL,South,6.3,1.4,Standard,Prepaid,New,XpressBees,High,Rain,36,40.1,4.1,No,Delivered,4
ORD000731,2026-02-05,Coimbatore,TN,South,0.6,2.05,Standard,Prepaid,New,EcomExpress,Medium,Clear,44,44.7,0.7,No,Delivered,5
ORD000732,2026-02-20,Jaipur,RJ,North,10.0,0.94,Express,COD,VIP,EcomExpress,Medium,Clear,8,12.1,4.1,No,Delivered,4
ORD000733,2026-02-16,Gurgaon,HR,South,10.1,1.92,SameDay,Prepaid,VIP,Ekart,High,Rain,6,9.9,3.9,No,Delivered,5
ORD000734,2025-12-31,Patna,BR,North,16.5,0.4,Standard,COD,New,XpressBees,High,Rain,37,43.0,6.0,No,Delivered,5
ORD000735,2026-01-19,Hyderabad,TG,North,7.6,0.77,Express,COD,New,Ekart,High,Rain,19,25.9,6.9,No,Delivered,4
ORD000736,2026-02-17,Kochi,KL,North,8.2,1.49,Standard,Prepaid,Returning,Delhivery,Medium,Rain,20,23.5,3.5,No,Delivered,3
ORD000737,2025-12-27,Coimbatore,TN,Central,9.4,3.61,Express,COD,New,Ekart,Low,Rain,13,16.7,3.7,No,Delivered,4
ORD000738,2026-02-21,Kolkata,WB,South,11.6,0.62,Express,COD,Returning,Shadowfax,High,Rain,16,21.8,5.8,No,Delivered,4
ORD000739,2025-12-28,Coimbatore,TN,South,11.3,0.56,Express,COD,VIP,DTDC,Medium,Clear,7,12.7,5.7,No,Delivered,4
ORD000740,2026-02-20,Chandigarh,CH,South,8.8,1.36,Express,Prepaid,New,BlueDart,Low,Clear,9,10.6,1.6,No,Delivered,4
ORD000741,2026-02-20,Bhopal,MP,East,7.4,1.14,SameDay,Prepaid,Returning,Delhivery,Low,Clear,4,5.5,1.5,No,Delivered,4
ORD000742,2026-02-08,Patna,BR,West,10.9,0.72,Standard,Prepaid,Returning,Ekart,Medium,Clear,30,32.7,2.7,No,Delivered,4
ORD000743,2025-12-26,Nagpur,MH,East,7.2,0.53,Express,Prepaid,New,Ekart,Severe,Clear,14,19.5,5.5,No,Delivered,5
ORD000744,2026-03-02,Chennai,TN,South,2.3,0.81,Express,Prepaid,Returning,BlueDart,Low,Clear,9,11.3,2.3,No,Delivered,4
ORD000745,2026-02-14,Patna,BR,North,1.5,1.51,Standard,Prepaid,Returning,Ekart,Medium,Clear,19,19.9,0.9,No,Delivered,5
ORD000746,2026-02-24,Ahmedabad,GJ,West,6.3,0.9,SameDay,Prepaid,Returning,Delhivery,Severe,Rain,9,15.9,6.9,No,Delivered,3
ORD000747,2026-01-30,Surat,GJ,South,8.0,2.23,Express,COD,Returning,Delhivery,Severe,Rain,19,26.5,7.5,No,Delivered,3
ORD000748,2026-02-27,Kolkata,WB,East,17.4,1.02,Express,Prepaid,VIP,Delhivery,Medium,Clear,10,14.4,4.4,No,Delivered,4
ORD000749,2025-12-19,Kolkata,WB,East,7.0,1.59,Standard,COD,New,BlueDart,Severe,Heatwave,43,50.9,7.9,No,NDR_Pending,3
ORD000750,2026-01-13,Bangalore,KA,South,7.7,1.31,Express,Prepaid,VIP,Delhivery,Low,Clear,11,11.6,0.6,No,Delivered,5
ORD000751,2025-12-09,Noida,UP,Central,5.9,0.87,Standard,Prepaid,Returning,BlueDart,High,Clear,34,37.3,3.3,No,Delivered,3
ORD000752,2025-12-27,Delhi,DL,West,10.0,1.82,SameDay,COD,Returning,Delhivery,Low,Clear,6,8.4,2.4,No,Delivered,4
ORD000753,2025-12-06,Pune,MH,North,8.6,0.53,Standard,Prepaid,New,DTDC,Medium,Clear,23,23.8,0.8,No,Delivered,5
ORD000754,2026-03-05,Gurgaon,HR,South,4.9,0.79,Standard,Prepaid,New,AmazonLogistics,Medium,Clear,27,29.2,2.2,No,Delivered,3
ORD000755,2025-12-20,Indore,MP,North,3.5,0.86,Standard,COD,Returning,DTDC,High,Fog,27,34.9,7.9,No,Delivered,3
ORD000756,2025-12-17,Jaipur,RJ,East,5.9,1.39,Express,COD,VIP,EcomExpress,Low,Clear,11,13.7,2.7,No,Delivered,4
ORD000757,2025-12-12,Coimbatore,TN,North,4.1,1.61,Standard,COD,Returning,AmazonLogistics,Medium,Clear,38,38.8,0.8,No,Delivered,5
ORD000758,2026-01-27,Ahmedabad,GJ,South,6.6,0.68,Express,Prepaid,New,EcomExpress,High,Clear,19,20.8,1.8,No,Delivered,4
ORD000759,2026-03-01,Delhi,DL,West,8.1,0.62,Express,Prepaid,New,AmazonLogistics,Low,Clear,8,9.4,1.4,No,Delivered,4
ORD000760,2026-02-05,Coimbatore,TN,North,5.5,1.16,Standard,Prepaid,Returning,XpressBees,Severe,Rain,44,49.5,5.5,No,Delivered,3
ORD000761,2026-02-18,Bangalore,KA,North,13.3,0.44,Express,Prepaid,Returning,BlueDart,Medium,Rain,16,18.9,2.9,No,Delivered,5
ORD000762,2026-01-06,Indore,MP,West,12.1,2.02,Express,COD,Returning,Delhivery,Low,Rain,18,22.5,4.5,No,Delivered,4
ORD000763,2025-12-19,Gurgaon,HR,North,6.6,0.97,Standard,Prepaid,New,AmazonLogistics,Medium,Rain,22,25.9,3.9,No,Reattempted,4
ORD000764,2025-12-30,Gurgaon,HR,South,3.6,0.55,Standard,COD,New,Ekart,Medium,Clear,34,35.8,1.8,No,Delivered,4
ORD000765,2026-02-08,Ahmedabad,GJ,South,7.4,0.54,Standard,Prepaid,New,DTDC,Medium,Clear,21,23.1,2.1,No,Delivered,3
ORD000766,2025-12-18,Patna,BR,North,7.0,1.33,Standard,Prepaid,Returning,Ekart,Medium,Rain,32,35.7,3.7,No,Delivered,4
ORD000767,2026-01-19,Nagpur,MH,North,7.2,1.31,Standard,Prepaid,New,Ekart,High,Clear,44,46.4,2.4,No,Delivered,4
ORD000768,2025-12-08,Lucknow,UP,West,5.9,0.7,Standard,Prepaid,New,EcomExpress,Medium,Clear,33,34.5,1.5,No,Delivered,4
ORD000769,2025-12-15,Delhi,DL,Central,3.3,1.03,Standard,Prepaid,Returning,DTDC,Medium,Clear,47,46.9,-0.1,Yes,Delivered,4
ORD000770,2026-03-03,Ahmedabad,GJ,North,7.6,0.56,SameDay,COD,Returning,BlueDart,High,Rain,6,12.2,6.2,No,Delivered,3
ORD000771,2026-01-10,Kochi,KL,Central,6.1,0.95,Standard,Prepaid,VIP,Shadowfax,Medium,Clear,17,22.1,5.1,No,Delivered,4
ORD000772,2026-01-13,Noida,UP,West,6.5,2.68,Express,Prepaid,Returning,Delhivery,High,Storm,9,15.9,6.9,No,Delivered,4
ORD000773,2026-01-01,Mumbai,MH,West,7.9,3.97,Express,Prepaid,New,Ekart,Severe,Clear,20,26.6,6.6,No,Delivered,3
ORD000774,2025-12-31,Coimbatore,TN,West,7.2,0.97,Express,COD,New,DTDC,Medium,Clear,11,13.6,2.6,No,Delivered,5
ORD000775,2026-02-05,Bhopal,MP,West,7.8,1.43,Standard,Prepaid,Returning,EcomExpress,High,Clear,36,38.0,2.0,No,Delivered,5
ORD000776,2025-12-21,Noida,UP,East,5.9,1.4,Standard,Prepaid,Returning,BlueDart,Severe,Clear,43,50.0,7.0,No,Delivered,3
ORD000777,2026-01-20,Jaipur,RJ,South,8.9,0.39,Express,Prepaid,Returning,BlueDart,Medium,Clear,14,14.7,0.7,No,Delivered,4
ORD000778,2025-12-26,Delhi,DL,South,4.6,0.55,Express,COD,VIP,AmazonLogistics,Severe,Rain,16,23.5,7.5,No,Delivered,4
ORD000779,2025-12-08,Chennai,TN,South,3.1,0.28,Express,COD,Returning,Ekart,Medium,Clear,7,9.4,2.4,No,NDR_Pending,3
ORD000780,2026-01-21,Chandigarh,CH,North,3.9,1.45,Standard,COD,Returning,EcomExpress,Medium,Clear,19,22.7,3.7,No,NDR_Pending,4
ORD000781,2025-12-21,Chandigarh,CH,West,4.8,3.55,Standard,Prepaid,New,Shadowfax,Medium,Clear,18,19.5,1.5,No,Delivered,4
ORD000782,2025-12-27,Nagpur,MH,North,2.3,2.09,Standard,Prepaid,New,XpressBees,Low,Clear,47,46.4,-0.6,Yes,Delivered,4
ORD000783,2026-02-18,Delhi,DL,North,0.7,1.14,Express,Prepaid,Returning,BlueDart,Severe,Heatwave,15,18.7,3.7,No,Delivered,4
ORD000784,2025-12-29,Delhi,DL,North,9.5,1.04,Express,Prepaid,New,Shadowfax,Medium,Clear,16,21.0,5.0,No,Delivered,4
ORD000785,2026-02-01,Lucknow,UP,North,12.6,0.89,Standard,Prepaid,Returning,Delhivery,Severe,Rain,45,52.9,7.9,No,Delivered,4
ORD000786,2026-03-04,Indore,MP,West,9.7,2.09,Standard,Prepaid,Returning,Delhivery,High,Clear,24,30.3,6.3,No,Delivered,5
ORD000787,2026-01-10,Mumbai,MH,West,5.6,1.26,Standard,Prepaid,New,BlueDart,Severe,Clear,35,38.9,3.9,No,Delivered,4
ORD000788,2026-01-27,Kochi,KL,South,0.6,1.15,Standard,Prepaid,Returning,Ekart,Severe,Fog,49,56.3,7.3,No,Delivered,4
ORD000789,2025-12-14,Surat,GJ,North,8.3,0.57,Standard,Prepaid,Returning,BlueDart,Medium,Clear,38,38.1,0.1,No,Delivered,4
ORD000790,2025-12-14,Mumbai,MH,South,1.1,1.59,Standard,COD,New,EcomExpress,Severe,Fog,32,39.2,7.2,No,Delivered,4
ORD000791,2026-02-11,Pune,MH,South,7.2,1.01,Standard,Prepaid,Returning,AmazonLogistics,High,Clear,35,40.4,5.4,No,Delivered,4
ORD000792,2026-02-11,Lucknow,UP,West,4.3,1.4,Express,Prepaid,Returning,Ekart,Medium,Clear,8,8.7,0.7,No,Delivered,4
ORD000793,2025-12-29,Coimbatore,TN,West,0.5,2.01,Express,Prepaid,Returning,Shadowfax,High,Heatwave,8,10.4,2.4,No,Delivered,4
ORD000794,2025-12-12,Bhopal,MP,South,13.4,0.41,Standard,Prepaid,New,Delhivery,Medium,Clear,38,41.8,3.8,No,Delivered,3
ORD000795,2026-01-03,Jaipur,RJ,South,2.5,0.93,Standard,Prepaid,Returning,DTDC,Low,Storm,46,50.6,4.6,No,Delivered,4
ORD000796,2026-01-02,Chennai,TN,Central,6.1,0.85,Express,COD,Returning,BlueDart,Medium,Heatwave,8,13.0,5.0,No,Delivered,4
ORD000797,2026-01-05,Noida,UP,West,7.0,0.8,Standard,Prepaid,New,DTDC,Medium,Clear,27,29.0,2.0,No,Delivered,4
ORD000798,2026-01-04,Lucknow,UP,South,5.6,0.57,Standard,Prepaid,New,EcomExpress,Medium,Clear,37,39.0,2.0,No,Delivered,3
ORD000799,2026-02-25,Kolkata,WB,South,9.4,0.71,Standard,COD,Returning,Delhivery,Medium,Rain,29,34.1,5.1,No,Delivered,4
ORD000800,2026-02-06,Jaipur,RJ,North,4.5,0.57,SameDay,Prepaid,New,BlueDart,High,Clear,5,6.3,1.3,No,Delivered,4
ORD000801,2025-12-18,Mumbai,MH,Central,9.0,1.81,Standard,Prepaid,VIP,DTDC,High,Rain,37,41.2,4.2,No,Delivered,4
ORD000802,2025-12-11,Kolkata,WB,South,8.8,1.39,SameDay,Prepaid,New,BlueDart,Severe,Clear,8,11.0,3.0,No,Delivered,4
ORD000803,2026-02-28,Surat,GJ,North,2.0,1.33,Standard,Prepaid,Returning,EcomExpress,Severe,Clear,41,41.5,0.5,No,Delivered,4
ORD000804,2026-01-26,Gurgaon,HR,Central,8.4,0.35,Standard,Prepaid,VIP,Shadowfax,Severe,Clear,27,31.9,4.9,No,Reattempted,5
ORD000805,2025-12-23,Coimbatore,TN,West,3.3,3.56,Standard,Prepaid,New,AmazonLogistics,High,Rain,27,29.5,2.5,No,Delivered,3
ORD000806,2026-01-22,Patna,BR,North,2.8,0.86,Express,Prepaid,Returning,Delhivery,Medium,Rain,7,9.6,2.6,No,Delivered,4
ORD000807,2025-12-23,Surat,GJ,North,8.7,3.15,Standard,COD,New,DTDC,Severe,Rain,50,59.1,9.1,No,Delivered,4
ORD000808,2026-01-04,Delhi,DL,North,5.9,1.73,Standard,Prepaid,Returning,DTDC,Low,Clear,27,27.2,0.2,No,Delivered,4
ORD000809,2026-01-07,Ahmedabad,GJ,West,9.0,0.96,SameDay,Prepaid,VIP,BlueDart,Low,Clear,8,9.8,1.8,No,Reattempted,4
ORD000810,2026-01-17,Noida,UP,North,9.0,3.77,Standard,COD,VIP,Ekart,Medium,Clear,33,34.0,1.0,No,Delivered,5
ORD000811,2026-02-06,Mumbai,MH,Central,1.8,1.55,Standard,Prepaid,Returning,Ekart,Medium,Clear,16,16.6,0.6,No,Delivered,4
ORD000812,2026-01-16,Chandigarh,CH,Central,10.5,0.96,Express,COD,Returning,EcomExpress,High,Clear,15,21.6,6.6,No,Delivered,4
ORD000813,2025-12-19,Kochi,KL,South,8.6,0.87,Standard,Prepaid,Returning,Delhivery,Low,Clear,20,20.9,0.9,No,Delivered,5
ORD000814,2026-03-03,Chennai,TN,West,5.2,2.05,Standard,COD,New,EcomExpress,High,Clear,45,50.4,5.4,No,Delivered,4
ORD000815,2025-12-31,Patna,BR,South,7.0,0.8,Express,COD,Returning,EcomExpress,Low,Clear,10,14.7,4.7,No,Delivered,4
ORD000816,2026-02-04,Bhopal,MP,North,10.6,0.88,Standard,Prepaid,New,XpressBees,Medium,Rain,32,35.9,3.9,No,Delivered,3
ORD000817,2026-01-11,Mumbai,MH,West,6.2,0.77,Standard,Prepaid,VIP,Ekart,Medium,Clear,27,28.1,1.1,No,Delivered,5
ORD000818,2025-12-31,Delhi,DL,North,16.0,0.7,Standard,Prepaid,Returning,AmazonLogistics,Medium,Storm,31,34.3,3.3,No,Delivered,4
ORD000819,2026-01-28,Kochi,KL,North,13.5,0.73,Standard,Prepaid,Returning,EcomExpress,High,Clear,41,45.6,4.6,No,Delivered,4
ORD000820,2026-02-15,Noida,UP,South,8.0,3.2,Standard,Prepaid,Returning,BlueDart,Low,Clear,26,27.3,1.3,No,Delivered,4
ORD000821,2026-01-17,Mumbai,MH,North,6.6,2.02,Standard,Prepaid,VIP,Delhivery,Medium,Heatwave,14,17.6,3.6,No,Delivered,4
ORD000822,2026-01-14,Kochi,KL,South,6.8,1.27,Standard,Prepaid,New,XpressBees,Low,Clear,34,37.0,3.0,No,Delivered,5
ORD000823,2026-01-24,Delhi,DL,West,5.1,0.8,Standard,Prepaid,Returning,Delhivery,High,Rain,40,43.7,3.7,No,Delivered,4
ORD000824,2025-12-13,Kochi,KL,East,8.0,0.79,Standard,COD,Returning,Ekart,Severe,Clear,20,28.0,8.0,No,Delivered,3
ORD000825,2025-12-21,Nagpur,MH,West,10.3,0.89,Standard,Prepaid,Returning,AmazonLogistics,High,Clear,26,28.7,2.7,No,Delivered,4
ORD000826,2025-12-17,Pune,MH,East,2.1,3.23,Standard,Prepaid,New,EcomExpress,High,Rain,29,34.1,5.1,No,Delivered,4
ORD000827,2026-01-05,Kochi,KL,South,10.1,1.32,SameDay,COD,New,DTDC,Severe,Clear,10,16.2,6.2,No,Delivered,2
ORD000828,2026-01-25,Chandigarh,CH,East,11.2,1.73,Standard,COD,VIP,XpressBees,Medium,Clear,31,33.4,2.4,No,Delivered,4
ORD000829,2026-01-23,Chandigarh,CH,South,9.8,1.25,Standard,COD,Returning,AmazonLogistics,Low,Clear,40,40.0,0.0,Yes,Delivered,5
ORD000830,2025-12-19,Mumbai,MH,North,7.0,0.65,Express,Prepaid,Returning,Shadowfax,Medium,Clear,14,16.1,2.1,No,Delivered,3
ORD000831,2026-02-04,Hyderabad,TG,Central,9.6,1.18,Standard,Prepaid,Returning,EcomExpress,Medium,Clear,38,39.2,1.2,No,Delivered,4
ORD000832,2026-02-18,Hyderabad,TG,North,12.7,0.58,Express,Prepaid,Returning,XpressBees,Medium,Rain,7,11.4,4.4,No,Delivered,3
ORD000833,2026-02-16,Lucknow,UP,North,7.3,2.26,Express,COD,Returning,Delhivery,Medium,Clear,8,10.1,2.1,No,Delivered,3
ORD000834,2025-12-19,Delhi,DL,North,7.6,0.71,Standard,COD,Returning,XpressBees,Medium,Storm,28,33.9,5.9,No,Delivered,3
ORD000835,2026-01-03,Chandigarh,CH,South,16.0,0.78,Standard,COD,Returning,EcomExpress,Medium,Clear,29,30.6,1.6,No,Delivered,4
ORD000836,2026-01-07,Patna,BR,South,8.7,1.8,Standard,Prepaid,New,DTDC,Medium,Clear,40,38.7,-1.3,Yes,Delivered,5
ORD000837,2025-12-16,Bhopal,MP,South,3.5,0.73,Express,Prepaid,VIP,AmazonLogistics,Low,Clear,15,16.0,1.0,No,Delivered,5
ORD000838,2026-01-24,Bangalore,KA,East,11.0,0.97,Standard,COD,VIP,Delhivery,High,Rain,42,49.6,7.6,No,Delivered,4
ORD000839,2026-02-25,Mumbai,MH,South,9.1,0.23,Express,Prepaid,Returning,BlueDart,High,Rain,14,15.9,1.9,No,Delivered,5
ORD000840,2026-03-05,Gurgaon,HR,South,4.9,0.91,Express,Prepaid,VIP,DTDC,Low,Clear,14,15.7,1.7,No,Delivered,4
ORD000841,2026-01-17,Chennai,TN,South,3.1,1.58,Express,Prepaid,Returning,Delhivery,Low,Clear,14,14.9,0.9,No,Delivered,4
ORD000842,2025-12-09,Kochi,KL,East,8.5,0.76,Standard,COD,New,XpressBees,Low,Rain,44,46.4,2.4,No,Delivered,4
ORD000843,2026-02-17,Gurgaon,HR,North,7.3,1.55,Express,Prepaid,New,DTDC,Low,Clear,7,9.6,2.6,No,Delivered,3
ORD000844,2026-01-31,Mumbai,MH,North,2.5,1.09,Express,COD,Returning,BlueDart,Low,Clear,12,14.1,2.1,No,Reattempted,3
ORD000845,2026-02-17,Mumbai,MH,South,7.1,2.12,Standard,Prepaid,Returning,AmazonLogistics,Low,Rain,38,41.6,3.6,No,Delivered,4
ORD000846,2026-01-19,Mumbai,MH,West,6.9,0.71,Express,Prepaid,New,Shadowfax,High,Clear,19,24.4,5.4,No,Delivered,4
ORD000847,2026-02-01,Bangalore,KA,East,7.3,0.96,Standard,Prepaid,Returning,XpressBees,High,Rain,41,47.6,6.6,No,Delivered,3
ORD000848,2026-01-15,Pune,MH,West,9.5,0.46,SameDay,Prepaid,Returning,Delhivery,High,Rain,5,9.5,4.5,No,Delivered,4
ORD000849,2025-12-27,Bhopal,MP,East,0.5,1.05,Standard,Prepaid,Returning,Delhivery,High,Clear,27,29.6,2.6,No,Delivered,4
ORD000850,2025-12-26,Nagpur,MH,South,3.1,0.86,Standard,Prepaid,New,Delhivery,High,Clear,39,42.4,3.4,No,Delivered,4
ORD000851,2026-02-13,Noida,UP,North,5.6,1.97,Express,Prepaid,New,Ekart,High,Clear,19,24.1,5.1,No,Delivered,3
ORD000852,2025-12-05,Bhopal,MP,North,12.8,0.76,Standard,Prepaid,Returning,Ekart,Severe,Rain,45,52.2,7.2,No,Delivered,4
ORD000853,2026-02-20,Noida,UP,North,17.0,0.86,Standard,Prepaid,New,AmazonLogistics,High,Clear,32,35.2,3.2,No,Delivered,4
ORD000854,2026-02-16,Hyderabad,TG,South,7.5,0.74,Standard,COD,Returning,EcomExpress,High,Clear,17,19.2,2.2,No,Delivered,5
ORD000855,2026-02-12,Chennai,TN,South,7.7,1.12,Express,Prepaid,Returning,Shadowfax,High,Clear,8,12.4,4.4,No,Delivered,4
ORD000856,2026-02-11,Bhopal,MP,South,0.5,3.64,Standard,Prepaid,VIP,AmazonLogistics,Medium,Clear,30,30.7,0.7,No,Delivered,4
ORD000857,2026-02-20,Hyderabad,TG,West,11.1,0.14,Express,Prepaid,VIP,DTDC,Medium,Clear,8,9.7,1.7,No,Delivered,4
ORD000858,2025-12-15,Pune,MH,South,9.3,1.07,Standard,Prepaid,VIP,Delhivery,Low,Clear,42,44.4,2.4,No,Delivered,4
ORD000859,2026-01-19,Kochi,KL,West,8.6,2.24,Standard,Prepaid,Returning,Ekart,Medium,Clear,14,15.8,1.8,No,Delivered,5
ORD000860,2026-01-23,Bhopal,MP,West,2.5,0.81,Standard,COD,New,Delhivery,Low,Clear,15,14.6,-0.4,Yes,Delivered,5
ORD000861,2026-01-19,Noida,UP,South,15.4,1.52,Standard,Prepaid,New,Delhivery,Low,Rain,39,44.6,5.6,No,Delivered,4
ORD000862,2026-01-04,Gurgaon,HR,South,13.6,2.24,SameDay,Prepaid,Returning,Ekart,Low,Rain,6,7.4,1.4,No,Delivered,3
ORD000863,2026-02-22,Delhi,DL,West,8.7,0.94,Express,Prepaid,New,Shadowfax,Medium,Clear,16,18.3,2.3,No,Delivered,5
ORD000864,2025-12-14,Patna,BR,West,11.5,0.75,SameDay,Prepaid,New,BlueDart,Severe,Clear,9,13.9,4.9,No,Delivered,5
ORD000865,2026-01-08,Bhopal,MP,South,7.7,1.94,Express,COD,New,XpressBees,Medium,Clear,16,16.9,0.9,No,Delivered,4
ORD000866,2026-01-15,Kochi,KL,South,10.8,1.49,Express,Prepaid,Returning,Ekart,Medium,Clear,16,18.9,2.9,No,Delivered,4
ORD000867,2025-12-21,Bhopal,MP,West,2.3,1.06,SameDay,COD,Returning,Delhivery,Medium,Storm,3,7.7,4.7,No,Delivered,4
ORD000868,2025-12-05,Bhopal,MP,West,0.5,1.59,Standard,COD,VIP,AmazonLogistics,Medium,Clear,38,41.1,3.1,No,Delivered,5
ORD000869,2026-02-18,Jaipur,RJ,North,2.4,1.97,Express,Prepaid,Returning,EcomExpress,High,Clear,7,11.1,4.1,No,Delivered,5
ORD000870,2026-01-16,Mumbai,MH,South,4.3,1.07,Standard,Prepaid,New,Delhivery,High,Clear,33,36.3,3.3,No,NDR_Pending,4
ORD000871,2025-12-07,Lucknow,UP,East,4.9,1.33,Standard,COD,Returning,BlueDart,Low,Rain,24,23.8,-0.2,Yes,Delivered,5
ORD000872,2025-12-17,Hyderabad,TG,North,9.3,1.51,Standard,COD,Returning,XpressBees,Medium,Clear,20,22.4,2.4,No,Delivered,4
ORD000873,2025-12-30,Delhi,DL,East,6.5,0.84,Standard,Prepaid,VIP,EcomExpress,Low,Storm,32,36.0,4.0,No,Delivered,4
ORD000874,2026-01-06,Delhi,DL,North,7.4,2.25,Standard,Prepaid,Returning,BlueDart,High,Clear,44,48.4,4.4,No,Delivered,4
ORD000875,2025-12-30,Kochi,KL,South,2.8,0.6,Standard,Prepaid,New,XpressBees,Severe,Clear,42,46.9,4.9,No,Delivered,5
ORD000876,2026-01-08,Surat,GJ,South,2.4,1.02,Standard,Prepaid,Returning,XpressBees,Severe,Clear,23,28.0,5.0,No,Delivered,4
ORD000877,2025-12-26,Surat,GJ,North,7.7,1.75,Express,Prepaid,Returning,DTDC,Medium,Rain,13,18.4,5.4,No,Delivered,4
ORD000878,2025-12-11,Coimbatore,TN,East,5.3,0.59,Standard,Prepaid,Returning,AmazonLogistics,High,Clear,44,48.4,4.4,No,Delivered,4
ORD000879,2026-03-04,Surat,GJ,South,7.5,1.86,Standard,Prepaid,New,BlueDart,High,Heatwave,36,41.5,5.5,No,Delivered,3
ORD000880,2026-01-30,Nagpur,MH,Central,9.7,1.24,Express,Prepaid,Returning,BlueDart,High,Heatwave,13,17.7,4.7,No,NDR_Pending,4
ORD000881,2025-12-22,Pune,MH,South,14.1,2.45,Express,Prepaid,New,Shadowfax,Medium,Clear,14,16.4,2.4,No,Delivered,4
ORD000882,2026-01-20,Chandigarh,CH,East,7.4,1.6,Express,COD,Returning,XpressBees,Medium,Clear,14,17.3,3.3,No,NDR_Pending,3
ORD000883,2026-01-10,Jaipur,RJ,Central,14.8,1.0,Standard,Prepaid,New,Delhivery,Medium,Clear,40,42.9,2.9,No,Delivered,4
ORD000884,2026-02-03,Bangalore,KA,West,9.1,1.27,Standard,COD,New,EcomExpress,Low,Rain,30,34.9,4.9,No,Delivered,3
ORD000885,2026-01-20,Bhopal,MP,North,10.3,1.3,SameDay,Prepaid,Returning,Delhivery,High,Rain,5,9.9,4.9,No,Delivered,4
ORD000886,2026-02-17,Coimbatore,TN,West,11.7,3.72,Standard,Prepaid,Returning,BlueDart,Medium,Clear,36,39.1,3.1,No,Delivered,4
ORD000887,2025-12-17,Pune,MH,South,10.4,1.16,Express,Prepaid,New,Ekart,Medium,Heatwave,8,11.3,3.3,No,Delivered,5
ORD000888,2026-01-03,Bangalore,KA,Central,4.3,1.02,Standard,Prepaid,VIP,XpressBees,High,Clear,44,47.7,3.7,No,Delivered,4
ORD000889,2026-01-26,Mumbai,MH,South,11.8,0.98,Standard,Prepaid,Returning,BlueDart,Medium,Rain,16,18.4,2.4,No,Delivered,4
ORD000890,2026-01-20,Chennai,TN,North,6.0,1.24,Express,Prepaid,VIP,XpressBees,Severe,Fog,14,20.9,6.9,No,Delivered,4
ORD000891,2026-01-08,Pune,MH,North,8.7,0.56,Standard,COD,New,DTDC,High,Clear,31,36.0,5.0,No,Delivered,4
ORD000892,2026-02-13,Coimbatore,TN,West,8.0,0.88,Standard,Prepaid,Returning,BlueDart,High,Clear,49,51.8,2.8,No,Delivered,5
ORD000893,2026-01-08,Surat,GJ,Central,12.1,0.6,Express,Prepaid,Returning,Shadowfax,High,Clear,11,12.1,1.1,No,Delivered,5
ORD000894,2026-01-06,Noida,UP,North,9.1,0.65,Standard,Prepaid,Returning,DTDC,Low,Heatwave,26,27.1,1.1,No,Delivered,4
ORD000895,2026-01-17,Coimbatore,TN,West,2.0,1.79,Standard,COD,New,Delhivery,Low,Clear,27,28.6,1.6,No,Delivered,5
ORD000896,2026-01-24,Nagpur,MH,Central,15.9,1.12,Standard,Prepaid,New,XpressBees,Severe,Fog,24,34.3,10.3,No,Delivered,3
ORD000897,2025-12-21,Surat,GJ,North,10.8,0.71,Standard,Prepaid,Returning,XpressBees,Low,Clear,14,15.6,1.6,No,Delivered,4
ORD000898,2026-01-25,Pune,MH,North,5.3,1.01,Express,COD,Returning,AmazonLogistics,Medium,Clear,13,14.1,1.1,No,Delivered,4
ORD000899,2025-12-28,Pune,MH,West,3.0,0.95,Standard,Prepaid,New,Ekart,High,Heatwave,13,18.0,5.0,No,Delivered,3
ORD000900,2025-12-28,Nagpur,MH,West,11.3,1.14,Standard,Prepaid,New,AmazonLogistics,Medium,Clear,36,37.8,1.8,No,Delivered,4
ORD000901,2026-02-01,Mumbai,MH,North,3.4,0.45,Standard,Prepaid,New,Shadowfax,Medium,Rain,44,48.1,4.1,No,NDR_Pending,3
ORD000902,2026-01-22,Mumbai,MH,East,10.7,0.57,Express,Prepaid,Returning,Delhivery,Medium,Clear,16,18.1,2.1,No,Delivered,5
ORD000903,2026-02-27,Hyderabad,TG,South,11.8,0.47,Standard,COD,New,XpressBees,Medium,Clear,47,49.9,2.9,No,Delivered,5
ORD000904,2025-12-27,Chandigarh,CH,East,4.9,0.64,SameDay,Prepaid,Returning,AmazonLogistics,High,Clear,7,10.4,3.4,No,Delivered,4
ORD000905,2026-01-19,Lucknow,UP,East,4.5,0.72,Standard,COD,New,Ekart,Low,Clear,29,31.3,2.3,No,Delivered,5
ORD000906,2025-12-18,Coimbatore,TN,East,5.6,0.59,Standard,Prepaid,Returning,AmazonLogistics,Medium,Rain,35,37.5,2.5,No,Delivered,4
ORD000907,2026-01-07,Jaipur,RJ,South,3.5,1.75,Express,COD,Returning,EcomExpress,Low,Clear,14,14.1,0.1,No,Delivered,4
ORD000908,2026-02-15,Bangalore,KA,North,8.4,3.33,Standard,COD,New,DTDC,High,Clear,27,29.4,2.4,No,Delivered,4
ORD000909,2026-01-19,Ahmedabad,GJ,South,9.0,1.81,Standard,COD,Returning,Ekart,Low,Clear,14,14.2,0.2,No,RTO,3
ORD000910,2026-02-21,Pune,MH,North,10.4,0.79,Express,COD,VIP,DTDC,Medium,Rain,17,21.3,4.3,No,Delivered,4
ORD000911,2026-02-02,Patna,BR,West,4.2,1.25,Express,COD,Returning,DTDC,High,Rain,16,22.1,6.1,No,Delivered,4
ORD000912,2026-02-16,Bangalore,KA,North,10.9,1.06,Standard,Prepaid,New,Shadowfax,Medium,Rain,22,24.2,2.2,No,Delivered,4
ORD000913,2025-12-16,Ahmedabad,GJ,South,3.5,0.77,Express,Prepaid,Returning,XpressBees,High,Storm,15,19.7,4.7,No,Reattempted,4
ORD000914,2026-01-30,Noida,UP,North,10.9,2.45,Standard,Prepaid,New,EcomExpress,Medium,Clear,28,31.0,3.0,No,Delivered,4
ORD000915,2026-02-22,Indore,MP,South,1.6,3.69,Express,Prepaid,VIP,Delhivery,Medium,Clear,8,11.2,3.2,No,Delivered,4
ORD000916,2025-12-11,Lucknow,UP,North,13.8,0.46,Standard,Prepaid,Returning,AmazonLogistics,Medium,Clear,31,34.4,3.4,No,Delivered,4
ORD000917,2025-12-17,Surat,GJ,West,5.4,2.62,Standard,Prepaid,Returning,Ekart,Severe,Clear,36,38.6,2.6,No,Delivered,5
ORD000918,2026-01-22,Patna,BR,East,9.9,0.78,Standard,Prepaid,Returning,AmazonLogistics,Medium,Rain,46,49.9,3.9,No,RTO,2
ORD000919,2026-02-13,Chennai,TN,North,10.2,0.94,Standard,Prepaid,New,EcomExpress,Medium,Rain,46,51.4,5.4,No,Delivered,4
ORD000920,2026-03-01,Nagpur,MH,East,2.4,1.31,Express,Prepaid,Returning,Delhivery,Medium,Clear,7,7.8,0.8,No,Delivered,4
ORD000921,2026-01-27,Chandigarh,CH,East,10.8,2.8,Standard,COD,Returning,EcomExpress,Medium,Heatwave,36,39.7,3.7,No,Delivered,4
ORD000922,2026-02-25,Indore,MP,South,5.3,1.31,Standard,Prepaid,Returning,AmazonLogistics,High,Clear,21,23.9,2.9,No,Delivered,4
ORD000923,2026-01-17,Jaipur,RJ,West,6.3,1.42,Express,Prepaid,New,XpressBees,Severe,Rain,13,20.5,7.5,No,Delivered,3
ORD000924,2026-02-16,Delhi,DL,South,4.8,1.84,Standard,Prepaid,VIP,Ekart,Medium,Clear,15,17.2,2.2,No,Delivered,4
ORD000925,2025-12-16,Hyderabad,TG,North,14.0,2.03,SameDay,Prepaid,New,BlueDart,Medium,Rain,4,9.0,5.0,No,Delivered,5
ORD000926,2026-02-06,Gurgaon,HR,South,2.8,1.5,Standard,Prepaid,Returning,XpressBees,Medium,Clear,47,48.9,1.9,No,Delivered,4
ORD000927,2026-01-01,Surat,GJ,North,9.2,2.03,Standard,Prepaid,New,AmazonLogistics,Severe,Heatwave,43,47.6,4.6,No,Delivered,4
ORD000928,2026-01-19,Kolkata,WB,East,5.0,0.77,Standard,COD,Returning,EcomExpress,Medium,Heatwave,16,18.7,2.7,No,Delivered,4
ORD000929,2026-02-22,Jaipur,RJ,Central,11.9,0.39,Standard,COD,Returning,Ekart,Low,Clear,20,21.5,1.5,No,Delivered,4
ORD000930,2026-01-13,Indore,MP,East,16.8,3.3,Standard,Prepaid,New,XpressBees,Severe,Clear,45,50.8,5.8,No,Delivered,4
ORD000931,2025-12-12,Surat,GJ,West,5.0,0.59,Express,Prepaid,New,Delhivery,Severe,Rain,8,15.2,7.2,No,Delivered,4
ORD000932,2026-01-27,Kochi,KL,West,8.1,0.8,Standard,Prepaid,New,Delhivery,Medium,Clear,31,32.2,1.2,No,Delivered,4
ORD000933,2025-12-09,Chennai,TN,Central,6.0,0.91,SameDay,Prepaid,Returning,Ekart,Medium,Clear,6,9.2,3.2,No,Delivered,4
ORD000934,2026-01-17,Nagpur,MH,North,11.7,0.82,Standard,COD,Returning,XpressBees,High,Clear,42,45.6,3.6,No,Delivered,4
ORD000935,2025-12-21,Jaipur,RJ,North,6.5,0.71,Express,Prepaid,New,AmazonLogistics,High,Fog,10,15.1,5.1,No,Delivered,4
ORD000936,2026-01-11,Gurgaon,HR,West,11.1,1.46,Standard,Prepaid,Returning,AmazonLogistics,Medium,Rain,23,27.6,4.6,No,Delivered,5
ORD000937,2026-02-05,Bangalore,KA,South,5.9,1.47,Standard,COD,VIP,BlueDart,Medium,Clear,48,50.5,2.5,No,Delivered,4
ORD000938,2026-01-28,Delhi,DL,South,16.5,1.6,Standard,Prepaid,New,AmazonLogistics,Medium,Heatwave,31,32.0,1.0,No,Delivered,4
ORD000939,2025-12-25,Lucknow,UP,North,0.5,1.54,Standard,COD,Returning,Ekart,Medium,Clear,13,15.0,2.0,No,Delivered,4
ORD000940,2026-02-26,Surat,GJ,West,9.0,0.86,Standard,Prepaid,VIP,Delhivery,Low,Clear,48,48.5,0.5,No,Delivered,5
ORD000941,2025-12-20,Kochi,KL,North,7.5,0.86,Standard,COD,Returning,AmazonLogistics,High,Storm,20,25.3,5.3,No,Delivered,4
ORD000942,2025-12-24,Jaipur,RJ,North,7.3,2.16,Standard,Prepaid,VIP,EcomExpress,Low,Clear,16,17.6,1.6,No,Delivered,4
ORD000943,2026-02-03,Gurgaon,HR,North,8.6,0.81,SameDay,COD,Returning,EcomExpress,Medium,Clear,7,8.4,1.4,No,Delivered,4
ORD000944,2025-12-17,Lucknow,UP,South,7.7,0.8,Standard,COD,Returning,BlueDart,High,Clear,36,39.9,3.9,No,Delivered,4
ORD000945,2026-03-04,Delhi,DL,East,8.4,1.93,Standard,Prepaid,Returning,AmazonLogistics,Medium,Fog,35,40.4,5.4,No,Delivered,4
ORD000946,2025-12-19,Delhi,DL,South,9.1,1.09,Standard,COD,New,Delhivery,Medium,Clear,47,50.2,3.2,No,Delivered,4
ORD000947,2026-01-09,Noida,UP,West,14.5,0.82,Standard,Prepaid,Returning,BlueDart,Severe,Clear,31,36.1,5.1,No,Delivered,4
ORD000948,2026-02-06,Delhi,DL,West,0.5,0.82,Standard,Prepaid,Returning,DTDC,Low,Clear,16,16.5,0.5,No,Delivered,4
ORD000949,2026-02-12,Gurgaon,HR,South,14.9,2.17,Express,Prepaid,New,Delhivery,Severe,Clear,18,25.1,7.1,No,Delivered,4
ORD000950,2026-02-22,Chennai,TN,East,17.7,1.57,Standard,Prepaid,Returning,AmazonLogistics,Low,Clear,44,45.4,1.4,No,Delivered,5
ORD000951,2026-01-19,Pune,MH,West,0.5,1.27,Express,Prepaid,Returning,Ekart,Medium,Clear,11,11.7,0.7,No,Delivered,5
ORD000952,2026-02-12,Kolkata,WB,West,7.7,0.55,Standard,Prepaid,New,Delhivery,High,Heatwave,23,26.1,3.1,No,Delivered,4
ORD000953,2026-02-03,Nagpur,MH,North,13.0,1.28,Standard,Prepaid,Returning,Delhivery,Medium,Rain,37,40.5,3.5,No,Delivered,4
ORD000954,2026-01-10,Jaipur,RJ,North,11.2,0.97,Express,Prepaid,New,Ekart,Medium,Fog,10,15.8,5.8,No,Delivered,4
ORD000955,2025-12-20,Patna,BR,Central,14.2,0.64,Standard,Prepaid,New,EcomExpress,Medium,Heatwave,30,33.2,3.2,No,Delivered,4
ORD000956,2026-01-25,Nagpur,MH,East,9.0,0.77,Standard,Prepaid,Returning,Delhivery,Medium,Heatwave,18,21.7,3.7,No,Delivered,4
ORD000957,2026-02-13,Jaipur,RJ,Central,0.5,1.68,Standard,COD,New,Ekart,Low,Rain,16,19.6,3.6,No,Delivered,5
ORD000958,2025-12-09,Nagpur,MH,East,12.7,2.33,Express,Prepaid,Returning,Ekart,High,Clear,17,20.0,3.0,No,Delivered,4
ORD000959,2026-01-26,Noida,UP,North,10.0,0.59,Standard,COD,New,XpressBees,High,Fog,42,47.8,5.8,No,Reattempted,4
ORD000960,2026-01-16,Jaipur,RJ,East,13.4,0.63,Express,Prepaid,VIP,XpressBees,Medium,Clear,7,10.7,3.7,No,Delivered,4
ORD000961,2026-02-25,Bangalore,KA,South,1.4,1.68,Standard,Prepaid,Returning,Ekart,Low,Clear,31,31.7,0.7,No,Delivered,4
ORD000962,2026-02-10,Jaipur,RJ,East,2.6,0.86,SameDay,Prepaid,New,XpressBees,Medium,Clear,6,7.4,1.4,No,Delivered,4
ORD000963,2026-02-16,Bhopal,MP,North,7.6,1.54,Standard,Prepaid,New,XpressBees,Medium,Clear,26,28.8,2.8,No,Delivered,4
ORD000964,2026-02-15,Hyderabad,TG,South,12.8,0.86,Express,Prepaid,New,AmazonLogistics,Medium,Clear,16,19.2,3.2,No,Delivered,3
ORD000965,2026-01-06,Gurgaon,HR,West,13.9,1.56,Standard,Prepaid,New,XpressBees,High,Rain,36,42.2,6.2,No,Delivered,3
ORD000966,2026-01-29,Indore,MP,East,4.6,0.48,Express,Prepaid,Returning,Shadowfax,Low,Clear,12,12.1,0.1,No,Delivered,4
ORD000967,2025-12-25,Nagpur,MH,West,5.9,1.54,Standard,Prepaid,Returning,BlueDart,Medium,Clear,47,48.5,1.5,No,Reattempted,4
ORD000968,2026-02-18,Kolkata,WB,South,19.0,0.31,Express,COD,Returning,Shadowfax,High,Clear,10,14.4,4.4,No,Delivered,4
ORD000969,2026-01-04,Gurgaon,HR,South,5.3,1.93,Express,Prepaid,Returning,Shadowfax,Low,Fog,15,18.2,3.2,No,Delivered,5
ORD000970,2026-01-05,Mumbai,MH,Central,10.2,1.08,Standard,Prepaid,Returning,BlueDart,Medium,Clear,18,19.9,1.9,No,Delivered,4
ORD000971,2026-02-15,Chennai,TN,South,5.7,1.44,Standard,Prepaid,Returning,Shadowfax,High,Clear,35,37.1,2.1,No,Delivered,5
ORD000972,2025-12-12,Jaipur,RJ,South,9.4,1.27,Standard,Prepaid,Returning,AmazonLogistics,High,Rain,14,18.3,4.3,No,Delivered,4
ORD000973,2026-02-18,Lucknow,UP,West,4.0,0.4,SameDay,COD,Returning,BlueDart,Low,Fog,3,5.7,2.7,No,Delivered,5
ORD000974,2026-01-20,Lucknow,UP,South,4.1,2.51,SameDay,Prepaid,Returning,Delhivery,Low,Clear,6,7.7,1.7,No,NDR_Pending,4
ORD000975,2025-12-06,Delhi,DL,West,6.0,1.35,Standard,Prepaid,New,EcomExpress,Medium,Rain,16,18.7,2.7,No,Delivered,4
ORD000976,2026-03-05,Hyderabad,TG,South,5.3,1.74,Standard,Prepaid,New,EcomExpress,High,Clear,31,33.3,2.3,No,Delivered,5
ORD000977,2026-02-21,Pune,MH,East,6.3,0.68,Standard,COD,New,AmazonLogistics,Medium,Heatwave,33,35.1,2.1,No,Delivered,4
ORD000978,2026-02-24,Indore,MP,East,9.6,1.28,Standard,Prepaid,New,Shadowfax,High,Clear,48,52.3,4.3,No,Delivered,5
ORD000979,2026-02-22,Ahmedabad,GJ,Central,15.1,0.5,Standard,COD,Returning,EcomExpress,High,Rain,28,35.8,7.8,No,Delivered,4
ORD000980,2026-02-22,Indore,MP,West,5.1,1.21,Express,COD,Returning,AmazonLogistics,Severe,Clear,15,20.0,5.0,No,Delivered,4
ORD000981,2025-12-10,Indore,MP,South,3.5,0.63,Standard,Prepaid,Returning,Delhivery,Medium,Rain,21,25.2,4.2,No,Delivered,4
ORD000982,2026-01-29,Coimbatore,TN,West,7.5,22.29,Express,COD,VIP,Delhivery,Low,Clear,12,15.2,3.2,No,Delivered,4
ORD000983,2026-01-23,Surat,GJ,East,4.1,1.59,SameDay,Prepaid,New,AmazonLogistics,Medium,Clear,7,8.1,1.1,No,Delivered,5
ORD000984,2026-03-01,Nagpur,MH,West,1.0,2.46,Standard,Prepaid,VIP,XpressBees,Low,Rain,39,40.5,1.5,No,RTO,3
ORD000985,2025-12-30,Indore,MP,West,11.8,0.95,Standard,Prepaid,New,AmazonLogistics,Medium,Rain,20,23.6,3.6,No,Delivered,4
ORD000986,2026-01-24,Kochi,KL,West,7.8,1.4,Standard,Prepaid,New,AmazonLogistics,High,Clear,49,50.1,1.1,No,Delivered,4
ORD000987,2025-12-26,Nagpur,MH,West,8.2,1.9,Standard,Prepaid,New,Ekart,Medium,Fog,27,31.8,4.8,No,Delivered,4
ORD000988,2026-01-13,Kolkata,WB,West,0.5,0.58,Express,COD,New,Delhivery,Low,Clear,15,15.4,0.4,No,Delivered,4
ORD000989,2025-12-21,Hyderabad,TG,North,5.2,0.74,Standard,Prepaid,New,AmazonLogistics,Medium,Clear,27,28.2,1.2,No,Delivered,5
ORD000990,2026-02-02,Patna,BR,South,1.8,1.98,Standard,COD,Returning,DTDC,Severe,Clear,20,25.1,5.1,No,Delivered,2
ORD000991,2025-12-15,Kolkata,WB,West,7.4,0.97,Express,Prepaid,New,EcomExpress,Medium,Clear,16,17.7,1.7,No,Delivered,3
ORD000992,2026-01-24,Surat,GJ,North,8.0,0.71,Standard,Prepaid,New,Ekart,High,Heatwave,28,32.6,4.6,No,Delivered,4
ORD000993,2026-02-03,Bangalore,KA,East,8.0,0.76,Standard,Prepaid,New,BlueDart,High,Clear,49,51.9,2.9,No,Delivered,4
ORD000994,2026-02-06,Jaipur,RJ,West,4.8,0.53,SameDay,COD,Returning,Ekart,Medium,Heatwave,6,8.4,2.4,No,Delivered,4
ORD000995,2025-12-18,Surat,GJ,North,4.1,0.34,Standard,Prepaid,Returning,XpressBees,High,Clear,39,40.9,1.9,No,Delivered,5
ORD000996,2026-01-08,Nagpur,MH,East,6.7,0.4,Standard,Prepaid,New,Shadowfax,Medium,Rain,42,46.1,4.1,No,Delivered,4
ORD000997,2026-01-11,Surat,GJ,West,8.9,1.14,Standard,Prepaid,New,Delhivery,Medium,Clear,47,47.8,0.8,No,Delivered,5
ORD000998,2026-03-03,Ahmedabad,GJ,West,5.2,1.65,Standard,COD,Returning,Ekart,Medium,Rain,32,38.4,6.4,No,Delivered,4
ORD000999,2025-12-28,Noida,UP,South,3.8,5.01,Standard,Prepaid,Returning,XpressBees,Low,Heatwave,33,36.3,3.3,No,Delivered,5
ORD001000,2026-02-28,Surat,GJ,East,3.9,1.08,Express,Prepaid,Returning,Delhivery,High,Clear,14,15.1,1.1,No,Delivered,4
ORD001001,2025-12-27,Bhopal,MP,South,4.9,0.51,Standard,Prepaid,Returning,Delhivery,High,Clear,37,40.9,3.9,No,Delivered,4
ORD001002,2026-02-16,Coimbatore,TN,West,5.7,1.09,Standard,COD,New,AmazonLogistics,Medium,Rain,23,27.9,4.9,No,Delivered,3
ORD001003,2026-02-11,Indore,MP,North,3.1,1.68,Standard,COD,Returning,Delhivery,Medium,Rain,33,36.2,3.2,No,Delivered,4
ORD001004,2025-12-08,Chandigarh,CH,West,5.7,2.05,Standard,COD,Returning,XpressBees,Medium,Clear,33,36.0,3.0,No,Delivered,4
ORD001005,2026-01-29,Delhi,DL,West,12.4,1.93,SameDay,Prepaid,Returning,DTDC,Low,Rain,4,7.8,3.8,No,Delivered,5
ORD001006,2025-12-28,Gurgaon,HR,West,6.3,1.56,Express,Prepaid,New,EcomExpress,High,Rain,11,17.0,6.0,No,Delivered,4
ORD001007,2025-12-08,Chandigarh,CH,South,2.5,1.17,Express,Prepaid,Returning,XpressBees,Low,Rain,17,19.1,2.1,No,Delivered,5
ORD001008,2026-02-28,Surat,GJ,East,0.5,1.72,Standard,Prepaid,Returning,EcomExpress,High,Clear,18,21.9,3.9,No,Delivered,5
ORD001009,2026-02-12,Coimbatore,TN,West,14.8,0.54,Standard,COD,Returning,Ekart,Medium,Clear,26,29.4,3.4,No,Delivered,4
ORD001010,2026-02-16,Surat,GJ,North,12.1,0.33,Express,Prepaid,Returning,AmazonLogistics,High,Storm,13,19.4,6.4,No,Delivered,4
ORD001011,2026-02-01,Chennai,TN,Central,8.6,3.88,Express,Prepaid,Returning,EcomExpress,Medium,Clear,11,14.1,3.1,No,Delivered,3
ORD001012,2025-12-28,Patna,BR,West,12.2,1.07,Express,Prepaid,New,Shadowfax,Medium,Clear,18,21.6,3.6,No,Delivered,4
ORD001013,2026-01-31,Hyderabad,TG,Central,9.6,1.52,Standard,Prepaid,New,Shadowfax,High,Storm,42,46.3,4.3,No,Reattempted,4
ORD001014,2026-01-26,Kolkata,WB,Central,7.2,0.21,Standard,Prepaid,New,Ekart,Medium,Clear,19,17.6,-1.4,Yes,Delivered,4
ORD001015,2026-02-03,Surat,GJ,East,2.5,2.79,Standard,Prepaid,Returning,BlueDart,Medium,Clear,40,41.3,1.3,No,Delivered,4
ORD001016,2025-12-07,Bhopal,MP,West,15.1,2.21,Standard,Prepaid,Returning,XpressBees,High,Rain,29,34.6,5.6,No,Delivered,4
ORD001017,2026-01-19,Ahmedabad,GJ,West,5.8,0.43,Standard,COD,Returning,Ekart,Medium,Rain,38,40.7,2.7,No,Delivered,4
ORD001018,2026-02-18,Lucknow,UP,North,6.0,0.91,Standard,COD,Returning,Delhivery,Low,Storm,36,40.7,4.7,No,Delivered,4
ORD001019,2026-01-12,Mumbai,MH,South,7.6,1.3,Standard,COD,Returning,XpressBees,Medium,Rain,40,48.1,8.1,No,Delivered,4
ORD001020,2026-01-18,Delhi,DL,West,7.7,0.52,Standard,Prepaid,Returning,Delhivery,Medium,Clear,39,39.5,0.5,No,NDR_Pending,3
ORD001021,2026-02-25,Pune,MH,South,9.8,1.48,Standard,COD,New,XpressBees,High,Clear,37,42.6,5.6,No,Delivered,4
ORD001022,2026-01-18,Pune,MH,East,9.3,2.07,Standard,Prepaid,New,BlueDart,High,Clear,29,31.2,2.2,No,Reattempted,3
ORD001023,2026-01-16,Chandigarh,CH,North,5.2,1.34,Standard,Prepaid,New,Ekart,Medium,Heatwave,42,42.9,0.9,No,Delivered,5
ORD001024,2025-12-17,Bhopal,MP,South,7.6,0.43,Standard,Prepaid,Returning,BlueDart,Medium,Clear,39,39.8,0.8,No,Delivered,4
ORD001025,2026-01-13,Bhopal,MP,South,9.7,0.59,SameDay,Prepaid,New,Delhivery,Medium,Clear,5,5.6,0.6,No,Delivered,3
ORD001026,2025-12-08,Pune,MH,South,4.9,1.03,Standard,COD,New,AmazonLogistics,Low,Clear,21,19.9,-1.1,Yes,Delivered,5
ORD001027,2026-02-19,Pune,MH,North,13.3,0.95,Express,Prepaid,New,AmazonLogistics,High,Clear,15,17.6,2.6,No,Delivered,4
ORD001028,2026-02-28,Chennai,TN,North,7.4,0.96,Standard,Prepaid,Returning,DTDC,Low,Clear,23,23.2,0.2,No,Delivered,5
ORD001029,2026-01-21,Indore,MP,East,13.9,0.94,Express,Prepaid,VIP,AmazonLogistics,High,Rain,10,15.2,5.2,No,Delivered,4
ORD001030,2026-02-09,Kolkata,WB,South,1.9,0.37,Standard,Prepaid,Returning,EcomExpress,High,Clear,13,16.0,3.0,No,Delivered,4
ORD001031,2026-01-27,Lucknow,UP,North,10.1,1.79,Express,COD,New,XpressBees,High,Storm,11,18.1,7.1,No,Delivered,4
ORD001032,2025-12-28,Bangalore,KA,North,3.9,1.61,Express,Prepaid,Returning,Delhivery,Low,Heatwave,7,9.3,2.3,No,Delivered,3
ORD001033,2025-12-24,Coimbatore,TN,South,5.0,1.51,Standard,Prepaid,New,EcomExpress,Medium,Clear,18,19.0,1.0,No,Delivered,5
ORD001034,2025-12-07,Kolkata,WB,North,11.1,1.43,Express,COD,Returning,Ekart,Severe,Fog,12,20.2,8.2,No,Delivered,4
ORD001035,2026-02-09,Pune,MH,West,6.6,0.93,Express,COD,Returning,DTDC,Medium,Clear,10,10.2,0.2,No,Delivered,4
ORD001036,2026-01-31,Coimbatore,TN,East,17.9,0.77,Express,Prepaid,New,EcomExpress,Medium,Clear,14,17.5,3.5,No,Delivered,5
ORD001037,2025-12-21,Gurgaon,HR,North,9.6,0.6,Standard,Prepaid,Returning,Delhivery,High,Clear,26,32.4,6.4,No,Delivered,4
ORD001038,2026-02-22,Mumbai,MH,West,4.7,2.79,Standard,COD,Returning,Ekart,Severe,Rain,48,56.1,8.1,No,Delivered,4
ORD001039,2025-12-10,Jaipur,RJ,North,9.6,1.09,Express,Prepaid,VIP,Delhivery,Medium,Rain,13,16.9,3.9,No,Reattempted,5
ORD001040,2026-01-16,Bhopal,MP,South,6.6,0.41,Express,Prepaid,New,EcomExpress,Severe,Clear,11,14.6,3.6,No,RTO,3
ORD001041,2025-12-06,Coimbatore,TN,East,10.8,1.09,SameDay,Prepaid,VIP,EcomExpress,Low,Rain,4,9.5,5.5,No,Delivered,3
ORD001042,2026-02-03,Chandigarh,CH,South,6.3,0.32,Standard,Prepaid,New,Delhivery,Severe,Rain,28,34.5,6.5,No,Delivered,2
ORD001043,2026-01-17,Jaipur,RJ,East,9.1,1.28,Express,COD,New,EcomExpress,Low,Rain,15,18.1,3.1,No,RTO,2
ORD001044,2026-03-01,Ahmedabad,GJ,North,8.3,1.2,Express,COD,Returning,Ekart,Medium,Clear,13,15.0,2.0,No,Delivered,4
ORD001045,2026-01-31,Coimbatore,TN,South,7.8,0.8,Express,Prepaid,Returning,BlueDart,Low,Rain,8,13.1,5.1,No,Delivered,3
ORD001046,2026-01-18,Bangalore,KA,South,11.7,0.63,Express,Prepaid,Returning,Shadowfax,High,Rain,16,21.5,5.5,No,Delivered,4
ORD001047,2026-01-13,Hyderabad,TG,South,0.5,1.55,Standard,COD,Returning,AmazonLogistics,Severe,Clear,48,52.6,4.6,No,Delivered,3
ORD001048,2026-02-16,Nagpur,MH,Central,7.9,1.05,Express,Prepaid,Returning,XpressBees,Medium,Rain,13,16.8,3.8,No,Delivered,3
ORD001049,2026-02-18,Kochi,KL,North,4.7,0.34,Standard,Prepaid,New,AmazonLogistics,Medium,Clear,20,20.9,0.9,No,Delivered,5
ORD001050,2026-01-05,Delhi,DL,East,2.1,2.28,Standard,COD,VIP,DTDC,Medium,Rain,24,27.6,3.6,No,Delivered,5
ORD001051,2026-02-28,Surat,GJ,East,4.1,0.63,Standard,Prepaid,Returning,XpressBees,Low,Rain,14,18.5,4.5,No,Delivered,4
ORD001052,2025-12-06,Ahmedabad,GJ,West,5.0,0.5,Express,Prepaid,Returning,XpressBees,High,Clear,18,21.4,3.4,No,Delivered,4
ORD001053,2026-02-19,Surat,GJ,South,6.6,2.5,Standard,COD,Returning,AmazonLogistics,Low,Clear,27,26.3,-0.7,Yes,Delivered,3
ORD001054,2026-02-20,Noida,UP,South,8.8,2.09,Standard,COD,New,DTDC,Severe,Rain,21,29.4,8.4,No,Delivered,4
ORD001055,2026-01-07,Pune,MH,South,9.7,0.86,Express,Prepaid,Returning,AmazonLogistics,Severe,Fog,12,18.7,6.7,No,Delivered,4
ORD001056,2026-03-01,Noida,UP,East,5.9,0.52,SameDay,Prepaid,Returning,Delhivery,Low,Fog,5,8.7,3.7,No,Delivered,4
ORD001057,2026-01-18,Jaipur,RJ,South,13.8,0.64,Express,Prepaid,Returning,DTDC,Medium,Rain,17,21.5,4.5,No,Delivered,4
ORD001058,2025-12-10,Patna,BR,Central,6.0,0.85,Standard,Prepaid,Returning,DTDC,Severe,Clear,24,28.5,4.5,No,Delivered,3
ORD001059,2026-01-05,Jaipur,RJ,West,0.5,2.29,Standard,COD,Returning,EcomExpress,High,Clear,42,46.3,4.3,No,Delivered,5
ORD001060,2026-02-02,Kolkata,WB,South,6.1,2.4,Standard,COD,Returning,AmazonLogistics,High,Rain,23,30.2,7.2,No,Delivered,5
ORD001061,2026-01-18,Patna,BR,West,7.7,1.22,Standard,Prepaid,Returning,EcomExpress,Low,Clear,22,21.1,-0.9,Yes,Delivered,5
ORD001062,2026-02-07,Kochi,KL,South,0.5,1.63,Express,Prepaid,New,EcomExpress,Low,Rain,13,15.4,2.4,No,NDR_Pending,4
ORD001063,2026-02-20,Delhi,DL,East,12.3,0.97,Standard,Prepaid,Returning,AmazonLogistics,High,Clear,28,30.7,2.7,No,Delivered,4
ORD001064,2026-02-21,Coimbatore,TN,North,7.1,0.65,Standard,Prepaid,Returning,EcomExpress,Medium,Clear,43,44.0,1.0,No,Delivered,5
ORD001065,2026-02-01,Patna,BR,Central,2.9,0.45,Express,Prepaid,Returning,BlueDart,High,Rain,15,16.6,1.6,No,Delivered,5
ORD001066,2026-02-04,Ahmedabad,GJ,East,3.7,1.34,Standard,Prepaid,Returning,BlueDart,High,Rain,20,24.7,4.7,No,Delivered,4
ORD001067,2025-12-22,Gurgaon,HR,East,10.5,1.9,Standard,COD,New,Ekart,Medium,Rain,18,22.3,4.3,No,RTO,2
ORD001068,2026-02-17,Nagpur,MH,South,11.0,0.81,Standard,COD,New,Shadowfax,Low,Clear,37,38.5,1.5,No,Delivered,5
ORD001069,2026-01-26,Kolkata,WB,East,4.9,2.25,Standard,Prepaid,New,DTDC,Medium,Rain,28,33.3,5.3,No,Delivered,5
ORD001070,2026-02-09,Mumbai,MH,South,2.1,0.88,Standard,COD,Returning,AmazonLogistics,High,Clear,29,31.1,2.1,No,Delivered,5
ORD001071,2026-01-14,Kochi,KL,West,8.0,1.16,SameDay,Prepaid,Returning,XpressBees,Medium,Rain,7,10.5,3.5,No,Delivered,4
ORD001072,2026-01-08,Hyderabad,TG,North,8.8,0.97,Express,Prepaid,Returning,Ekart,Low,Rain,12,13.6,1.6,No,Delivered,4
ORD001073,2026-02-09,Patna,BR,South,9.8,2.32,Express,Prepaid,Returning,AmazonLogistics,Severe,Clear,16,19.5,3.5,No,Delivered,4
ORD001074,2025-12-17,Surat,GJ,South,5.2,1.49,Express,COD,Returning,BlueDart,High,Rain,15,21.8,6.8,No,Delivered,3
ORD001075,2025-12-24,Lucknow,UP,South,7.0,1.07,Standard,Prepaid,Returning,Ekart,Medium,Clear,43,45.8,2.8,No,Delivered,4
ORD001076,2026-02-24,Bangalore,KA,South,7.6,1.16,Express,Prepaid,VIP,Shadowfax,High,Clear,12,16.9,4.9,No,Delivered,4
ORD001077,2026-01-17,Coimbatore,TN,East,11.4,0.54,Standard,Prepaid,New,Delhivery,Medium,Rain,34,37.3,3.3,No,Delivered,3
ORD001078,2026-03-01,Bangalore,KA,North,12.8,0.29,Standard,Prepaid,Returning,EcomExpress,Severe,Clear,18,24.2,6.2,No,Delivered,4
ORD001079,2026-01-22,Jaipur,RJ,West,13.9,0.8,Standard,Prepaid,New,XpressBees,High,Heatwave,40,46.5,6.5,No,Delivered,4
ORD001080,2025-12-07,Bhopal,MP,North,12.7,0.98,Standard,Prepaid,New,Delhivery,Medium,Clear,15,18.4,3.4,No,RTO,2
ORD001081,2026-02-03,Gurgaon,HR,West,14.8,1.52,Standard,COD,Returning,XpressBees,Medium,Clear,39,44.6,5.6,No,NDR_Pending,3
ORD001082,2026-02-07,Noida,UP,East,11.6,1.0,Standard,Prepaid,New,BlueDart,Medium,Rain,45,49.3,4.3,No,Delivered,5
ORD001083,2026-02-18,Noida,UP,South,5.1,0.83,Standard,Prepaid,Returning,Shadowfax,High,Clear,33,36.0,3.0,No,Delivered,4
ORD001084,2025-12-13,Indore,MP,West,13.6,0.19,Standard,Prepaid,New,Delhivery,High,Storm,48,52.9,4.9,No,Delivered,3
ORD001085,2026-01-24,Hyderabad,TG,East,2.0,1.52,Standard,COD,Returning,AmazonLogistics,Medium,Clear,34,35.8,1.8,No,Reattempted,4
ORD001086,2026-02-07,Bhopal,MP,East,17.0,1.25,Standard,Prepaid,New,BlueDart,Severe,Clear,35,41.4,6.4,No,Delivered,4
ORD001087,2025-12-11,Bhopal,MP,South,3.6,1.8,Standard,COD,Returning,Delhivery,Medium,Clear,31,34.5,3.5,No,Delivered,4
ORD001088,2025-12-24,Noida,UP,South,11.1,1.12,Standard,Prepaid,Returning,BlueDart,High,Clear,19,21.4,2.4,No,Delivered,3
ORD001089,2026-02-22,Kochi,KL,East,13.3,2.2,Standard,Prepaid,Returning,Shadowfax,High,Clear,16,20.0,4.0,No,Delivered,5
ORD001090,2026-03-03,Delhi,DL,South,9.3,0.79,Standard,COD,Returning,XpressBees,Medium,Clear,15,16.2,1.2,No,Delivered,4
ORD001091,2025-12-24,Surat,GJ,East,0.5,1.08,Express,Prepaid,New,Shadowfax,Low,Clear,12,10.3,-1.7,Yes,Delivered,4
ORD001092,2026-02-10,Jaipur,RJ,South,3.7,1.28,Express,Prepaid,Returning,Delhivery,High,Clear,9,12.6,3.6,No,Delivered,5
ORD001093,2026-01-29,Bhopal,MP,East,8.9,1.64,Standard,Prepaid,New,AmazonLogistics,High,Clear,36,40.4,4.4,No,Delivered,4
ORD001094,2026-02-06,Ahmedabad,GJ,North,10.0,1.42,Standard,COD,Returning,Shadowfax,Low,Clear,23,26.6,3.6,No,Delivered,4
ORD001095,2026-02-01,Kolkata,WB,North,6.8,1.47,Express,Prepaid,Returning,Delhivery,High,Clear,10,13.9,3.9,No,Delivered,4
ORD001096,2025-12-24,Pune,MH,Central,7.8,1.3,Standard,Prepaid,Returning,AmazonLogistics,Medium,Clear,37,40.8,3.8,No,Delivered,4
ORD001097,2025-12-06,Bhopal,MP,East,1.6,0.98,Standard,Prepaid,Returning,DTDC,Medium,Clear,43,44.1,1.1,No,Delivered,4
ORD001098,2025-12-26,Patna,BR,East,14.6,1.9,Standard,Prepaid,New,XpressBees,High,Clear,17,22.6,5.6,No,Delivered,4
ORD001099,2026-01-03,Mumbai,MH,Central,6.0,0.4,Express,Prepaid,Returning,BlueDart,Medium,Clear,12,11.8,-0.2,Yes,Delivered,5
ORD001100,2026-01-24,Jaipur,RJ,South,10.7,0.76,Standard,Prepaid,Returning,BlueDart,High,Clear,18,17.6,-0.4,Yes,Delivered,4
ORD001101,2026-01-10,Lucknow,UP,South,13.1,2.87,SameDay,Prepaid,Returning,Shadowfax,High,Heatwave,5,9.3,4.3,No,Reattempted,4
ORD001102,2025-12-19,Lucknow,UP,North,2.9,0.74,Express,COD,VIP,Delhivery,Low,Clear,12,13.1,1.1,No,Delivered,4
ORD001103,2026-03-05,Gurgaon,HR,South,8.0,1.05,Standard,Prepaid,Returning,EcomExpress,Medium,Clear,14,16.5,2.5,No,Delivered,4
ORD001104,2026-01-02,Bangalore,KA,North,8.6,2.54,Standard,Prepaid,New,Ekart,Medium,Rain,22,25.8,3.8,No,Delivered,5
ORD001105,2026-01-15,Kolkata,WB,Central,6.5,1.02,Standard,Prepaid,Returning,DTDC,Medium,Clear,33,35.6,2.6,No,Delivered,4
ORD001106,2026-02-26,Bangalore,KA,North,11.2,0.67,Standard,Prepaid,Returning,BlueDart,High,Clear,21,26.5,5.5,No,Delivered,4
ORD001107,2026-02-01,Hyderabad,TG,North,4.8,2.27,Standard,Prepaid,Returning,EcomExpress,Low,Rain,25,28.7,3.7,No,Delivered,4
ORD001108,2026-01-15,Gurgaon,HR,North,7.7,0.93,Standard,COD,Returning,AmazonLogistics,Severe,Rain,35,40.8,5.8,No,Delivered,4
ORD001109,2025-12-16,Gurgaon,HR,North,6.0,0.97,Express,Prepaid,VIP,EcomExpress,Medium,Storm,10,12.4,2.4,No,Delivered,4
ORD001110,2026-01-05,Mumbai,MH,North,16.8,0.34,Express,COD,New,Delhivery,Medium,Heatwave,11,14.3,3.3,No,Delivered,4
ORD001111,2026-03-04,Nagpur,MH,West,4.8,1.02,SameDay,Prepaid,Returning,Delhivery,Severe,Clear,8,14.3,6.3,No,Reattempted,4
ORD001112,2026-02-21,Hyderabad,TG,South,10.5,1.66,Standard,Prepaid,New,DTDC,Medium,Rain,35,38.9,3.9,No,Delivered,4
ORD001113,2026-01-07,Bangalore,KA,West,14.7,0.85,Express,Prepaid,Returning,XpressBees,High,Clear,12,17.4,5.4,No,Delivered,4
ORD001114,2026-02-03,Chennai,TN,East,3.8,0.51,Express,Prepaid,VIP,Delhivery,High,Heatwave,8,12.5,4.5,No,Delivered,4
ORD001115,2025-12-26,Bangalore,KA,West,7.9,0.83,Express,COD,Returning,Delhivery,High,Clear,17,21.0,4.0,No,Reattempted,4
ORD001116,2026-01-15,Lucknow,UP,West,3.6,0.76,Express,COD,Returning,XpressBees,Low,Clear,12,13.4,1.4,No,Delivered,5
ORD001117,2026-01-24,Noida,UP,South,0.5,0.95,Standard,Prepaid,New,XpressBees,Low,Clear,15,14.8,-0.2,Yes,Delivered,3
ORD001118,2026-02-13,Indore,MP,North,4.4,0.81,Express,Prepaid,New,DTDC,Severe,Clear,18,25.6,7.6,No,Delivered,4
ORD001119,2026-01-09,Coimbatore,TN,South,5.2,3.0,Standard,COD,Returning,Delhivery,Low,Clear,19,19.4,0.4,No,Delivered,4
ORD001120,2025-12-24,Lucknow,UP,Central,5.5,1.32,Express,Prepaid,Returning,DTDC,High,Rain,9,15.6,6.6,No,Delivered,3
ORD001121,2025-12-29,Mumbai,MH,West,6.3,0.39,Standard,COD,New,Ekart,High,Clear,33,37.9,4.9,No,Delivered,4
ORD001122,2025-12-14,Pune,MH,North,7.5,1.15,Standard,Prepaid,Returning,XpressBees,Medium,Rain,20,24.8,4.8,No,Delivered,4
ORD001123,2026-01-07,Chennai,TN,South,2.7,1.08,Standard,Prepaid,Returning,EcomExpress,High,Clear,46,48.8,2.8,No,Delivered,3
ORD001124,2025-12-31,Hyderabad,TG,East,8.9,2.26,Standard,Prepaid,New,DTDC,Severe,Clear,46,49.7,3.7,No,Delivered,4
ORD001125,2026-03-05,Bhopal,MP,West,12.4,1.01,Standard,Prepaid,New,BlueDart,Low,Clear,24,24.0,0.0,Yes,Delivered,4
ORD001126,2026-01-02,Bhopal,MP,West,12.8,0.99,Express,Prepaid,Returning,Delhivery,High,Clear,12,15.2,3.2,No,Delivered,4
ORD001127,2026-02-03,Chandigarh,CH,East,6.5,3.38,Standard,Prepaid,Returning,EcomExpress,High,Clear,25,28.9,3.9,No,Delivered,5
ORD001128,2026-02-24,Nagpur,MH,West,11.1,0.58,Standard,COD,Returning,Ekart,Medium,Clear,30,34.2,4.2,No,Delivered,4
ORD001129,2025-12-16,Indore,MP,West,4.8,1.78,Standard,Prepaid,Returning,BlueDart,Severe,Clear,34,38.6,4.6,No,Delivered,3
ORD001130,2026-03-03,Nagpur,MH,North,6.1,1.15,Standard,Prepaid,New,AmazonLogistics,Medium,Rain,22,25.3,3.3,No,Delivered,4
ORD001131,2026-01-27,Jaipur,RJ,North,9.1,0.82,Standard,Prepaid,Returning,Shadowfax,Low,Clear,34,36.6,2.6,No,Delivered,4
ORD001132,2025-12-09,Kochi,KL,Central,6.2,0.75,Express,Prepaid,New,Shadowfax,High,Rain,19,21.5,2.5,No,Delivered,4
ORD001133,2025-12-06,Patna,BR,West,2.4,2.5,SameDay,Prepaid,Returning,Delhivery,Severe,Rain,7,10.6,3.6,No,Reattempted,4
ORD001134,2026-02-24,Patna,BR,South,10.8,1.46,Standard,Prepaid,Returning,XpressBees,Low,Clear,46,46.0,0.0,Yes,Delivered,4
ORD001135,2026-01-16,Nagpur,MH,West,4.2,1.59,Standard,COD,VIP,Delhivery,High,Heatwave,24,29.5,5.5,No,Delivered,3
ORD001136,2026-02-18,Pune,MH,North,5.4,1.88,Express,COD,Returning,Shadowfax,Medium,Rain,9,10.7,1.7,No,Delivered,5
ORD001137,2025-12-26,Coimbatore,TN,East,11.7,1.36,Standard,COD,New,EcomExpress,Low,Rain,33,37.3,4.3,No,Delivered,5
ORD001138,2025-12-22,Ahmedabad,GJ,North,9.6,0.58,Express,Prepaid,Returning,BlueDart,Medium,Rain,9,11.5,2.5,No,Delivered,4
ORD001139,2026-02-20,Coimbatore,TN,East,8.2,0.43,Standard,Prepaid,New,Shadowfax,High,Clear,40,43.6,3.6,No,Delivered,4
ORD001140,2026-01-17,Surat,GJ,South,1.6,2.78,Express,Prepaid,New,Delhivery,Low,Storm,12,15.8,3.8,No,Delivered,3
ORD001141,2025-12-13,Chandigarh,CH,North,2.8,1.25,Standard,COD,Returning,EcomExpress,Low,Clear,14,15.7,1.7,No,Delivered,4
ORD001142,2026-01-18,Kolkata,WB,North,9.1,1.16,SameDay,Prepaid,Returning,Ekart,High,Clear,8,11.2,3.2,No,Delivered,5
ORD001143,2025-12-31,Gurgaon,HR,East,10.0,3.26,SameDay,COD,Returning,Delhivery,Medium,Rain,8,13.6,5.6,No,NDR_Pending,4
ORD001144,2025-12-23,Bhopal,MP,North,8.5,0.58,Standard,COD,New,EcomExpress,Low,Clear,13,16.8,3.8,No,Delivered,4
ORD001145,2026-02-04,Kolkata,WB,North,5.6,0.24,Standard,Prepaid,Returning,EcomExpress,Medium,Rain,44,49.2,5.2,No,Delivered,4
ORD001146,2026-01-08,Lucknow,UP,West,5.5,0.37,Standard,Prepaid,Returning,BlueDart,High,Clear,21,23.3,2.3,No,Delivered,4
ORD001147,2025-12-31,Surat,GJ,South,8.4,0.8,Standard,Prepaid,Returning,DTDC,High,Clear,23,25.8,2.8,No,Delivered,4
ORD001148,2025-12-19,Patna,BR,South,2.5,1.19,SameDay,Prepaid,Returning,EcomExpress,High,Heatwave,8,11.9,3.9,No,Delivered,5
ORD001149,2026-02-18,Kochi,KL,North,7.9,2.55,Standard,Prepaid,Returning,Shadowfax,Low,Clear,46,49.6,3.6,No,Delivered,4
ORD001150,2026-01-24,Chandigarh,CH,East,1.9,1.83,Standard,Prepaid,Returning,XpressBees,Medium,Clear,19,20.5,1.5,No,Delivered,5
ORD001151,2026-02-26,Ahmedabad,GJ,South,3.3,0.24,Standard,COD,Returning,EcomExpress,High,Rain,45,51.4,6.4,No,Delivered,3
ORD001152,2026-01-04,Surat,GJ,North,8.2,5.93,Standard,Prepaid,VIP,Ekart,Medium,Rain,40,44.9,4.9,No,Delivered,4
ORD001153,2025-12-05,Jaipur,RJ,South,9.8,0.86,Express,Prepaid,New,Ekart,Low,Fog,12,16.7,4.7,No,Delivered,3
ORD001154,2026-01-16,Gurgaon,HR,North,8.9,2.31,Express,Prepaid,New,Delhivery,Medium,Clear,16,19.7,3.7,No,Delivered,4
ORD001155,2026-01-04,Kolkata,WB,South,3.0,1.53,Express,COD,Returning,BlueDart,Medium,Heatwave,14,14.8,0.8,No,Delivered,4
ORD001156,2026-01-19,Indore,MP,North,0.5,1.11,Standard,Prepaid,New,EcomExpress,Medium,Rain,14,15.9,1.9,No,Delivered,4
ORD001157,2026-01-18,Delhi,DL,North,7.5,0.96,Express,COD,New,EcomExpress,Severe,Fog,19,27.0,8.0,No,Reattempted,4
ORD001158,2026-01-21,Chandigarh,CH,South,0.5,0.57,Standard,Prepaid,New,Shadowfax,Medium,Clear,41,43.5,2.5,No,Delivered,5
ORD001159,2026-02-15,Ahmedabad,GJ,East,11.3,0.51,Standard,COD,Returning,XpressBees,High,Clear,45,51.2,6.2,No,Delivered,5
ORD001160,2025-12-21,Kolkata,WB,North,3.2,1.0,Standard,COD,Returning,BlueDart,Low,Clear,34,34.7,0.7,No,Delivered,5
ORD001161,2026-03-03,Indore,MP,North,16.4,0.48,SameDay,COD,Returning,EcomExpress,High,Clear,7,13.4,6.4,No,Delivered,3
ORD001162,2025-12-06,Lucknow,UP,East,3.7,2.97,Express,COD,New,EcomExpress,Medium,Clear,17,18.8,1.8,No,Delivered,4
ORD001163,2026-01-22,Bhopal,MP,East,9.4,1.17,Express,Prepaid,Returning,Ekart,Severe,Clear,19,23.3,4.3,No,Delivered,4
ORD001164,2026-01-26,Surat,GJ,West,4.6,3.88,Standard,Prepaid,New,Ekart,Medium,Rain,17,18.9,1.9,No,Delivered,3
ORD001165,2026-02-14,Surat,GJ,North,6.8,0.85,Standard,COD,New,Delhivery,High,Clear,45,48.8,3.8,No,Delivered,4
ORD001166,2026-01-01,Delhi,DL,South,8.2,0.78,Standard,Prepaid,Returning,XpressBees,Medium,Clear,35,36.9,1.9,No,Delivered,5
ORD001167,2026-02-07,Mumbai,MH,North,10.9,1.58,Express,Prepaid,New,Shadowfax,Medium,Clear,13,16.6,3.6,No,Delivered,4
ORD001168,2025-12-10,Ahmedabad,GJ,North,11.6,0.95,Express,Prepaid,Returning,DTDC,Severe,Fog,12,20.7,8.7,No,NDR_Pending,4
ORD001169,2026-01-13,Noida,UP,South,10.4,1.98,Standard,Prepaid,Returning,XpressBees,High,Clear,33,37.1,4.1,No,Delivered,5
ORD001170,2026-01-08,Gurgaon,HR,West,11.7,2.62,Standard,Prepaid,Returning,Ekart,High,Clear,49,53.1,4.1,No,Delivered,4
ORD001171,2026-03-02,Nagpur,MH,South,5.0,2.14,Standard,Prepaid,Returning,Delhivery,High,Heatwave,30,33.4,3.4,No,Delivered,4
ORD001172,2026-03-04,Nagpur,MH,West,10.1,2.51,Standard,Prepaid,Returning,BlueDart,Severe,Rain,39,43.5,4.5,No,Delivered,4
ORD001173,2026-02-23,Ahmedabad,GJ,South,6.1,1.8,Express,Prepaid,New,Ekart,Medium,Clear,16,16.5,0.5,No,Delivered,5
ORD001174,2026-01-30,Bangalore,KA,South,11.4,0.79,SameDay,COD,VIP,EcomExpress,Medium,Rain,6,12.0,6.0,No,NDR_Pending,4
ORD001175,2025-12-08,Mumbai,MH,East,8.0,2.19,Standard,Prepaid,New,Delhivery,Medium,Storm,46,51.4,5.4,No,Delivered,4
ORD001176,2026-02-08,Kolkata,WB,East,10.0,1.68,Express,COD,Returning,DTDC,Severe,Clear,10,14.7,4.7,No,Delivered,4
ORD001177,2025-12-23,Kolkata,WB,South,8.7,0.76,Express,COD,VIP,AmazonLogistics,Medium,Rain,10,15.5,5.5,No,Delivered,4
ORD001178,2026-02-19,Bangalore,KA,West,10.5,0.82,Standard,Prepaid,New,DTDC,Medium,Clear,14,18.8,4.8,No,Delivered,4
ORD001179,2026-01-08,Chennai,TN,North,4.3,1.05,Standard,Prepaid,Returning,AmazonLogistics,Medium,Rain,15,19.2,4.2,No,Delivered,4
ORD001180,2026-02-04,Mumbai,MH,North,1.2,2.15,Standard,Prepaid,Returning,DTDC,Low,Rain,27,30.1,3.1,No,Delivered,4
ORD001181,2026-01-24,Nagpur,MH,West,11.5,1.19,SameDay,COD,Returning,Delhivery,Low,Heatwave,7,10.5,3.5,No,Delivered,5
ORD001182,2026-01-14,Gurgaon,HR,North,12.9,1.1,Standard,Prepaid,New,XpressBees,Low,Rain,39,42.9,3.9,No,Delivered,4
ORD001183,2026-02-01,Kochi,KL,South,7.0,1.0,Standard,Prepaid,Returning,AmazonLogistics,Low,Clear,39,39.7,0.7,No,Delivered,4
ORD001184,2026-02-21,Jaipur,RJ,South,10.7,0.89,Standard,Prepaid,New,AmazonLogistics,High,Clear,26,29.9,3.9,No,Delivered,5
ORD001185,2026-02-09,Jaipur,RJ,North,1.0,0.55,Express,Prepaid,New,EcomExpress,Medium,Heatwave,10,13.0,3.0,No,Delivered,3
ORD001186,2026-01-01,Kolkata,WB,North,5.0,1.78,Standard,Prepaid,Returning,Delhivery,Low,Clear,14,15.5,1.5,No,Delivered,5
ORD001187,2025-12-21,Delhi,DL,South,7.8,0.6,SameDay,Prepaid,Returning,AmazonLogistics,Medium,Clear,8,5.4,-2.6,Yes,Delivered,4
ORD001188,2025-12-28,Indore,MP,Central,0.6,1.15,Standard,COD,Returning,EcomExpress,Medium,Rain,15,20.1,5.1,No,Delivered,3
ORD001189,2026-01-21,Indore,MP,West,1.4,0.86,SameDay,Prepaid,Returning,Delhivery,Medium,Clear,5,6.5,1.5,No,Delivered,5
ORD001190,2025-12-28,Mumbai,MH,South,8.1,1.75,Standard,Prepaid,Returning,AmazonLogistics,Medium,Clear,19,18.8,-0.2,Yes,Delivered,5
ORD001191,2026-02-15,Jaipur,RJ,North,5.1,0.9,Standard,Prepaid,Returning,Shadowfax,Low,Clear,24,25.1,1.1,No,Delivered,4
ORD001192,2026-01-05,Chennai,TN,West,6.1,0.6,Express,Prepaid,New,EcomExpress,High,Clear,15,18.7,3.7,No,Delivered,3
ORD001193,2025-12-23,Bangalore,KA,North,5.9,2.0,Standard,Prepaid,Returning,Delhivery,Low,Rain,20,21.0,1.0,No,Delivered,4
ORD001194,2026-02-13,Coimbatore,TN,South,2.4,0.67,Standard,Prepaid,Returning,Delhivery,Medium,Clear,37,37.6,0.6,No,Delivered,4
ORD001195,2026-02-10,Surat,GJ,West,6.6,1.21,Express,COD,New,AmazonLogistics,Medium,Clear,11,11.5,0.5,No,Delivered,5
ORD001196,2025-12-14,Nagpur,MH,South,7.4,2.37,Standard,Prepaid,Returning,Shadowfax,Medium,Rain,40,42.6,2.6,No,Delivered,4
ORD001197,2026-01-21,Coimbatore,TN,South,5.2,0.71,Standard,Prepaid,New,Delhivery,Low,Clear,23,24.6,1.6,No,Delivered,4
ORD001198,2026-01-21,Noida,UP,North,5.5,1.04,Express,COD,Returning,BlueDart,Medium,Rain,17,19.9,2.9,No,Delivered,5
ORD001199,2026-01-08,Bhopal,MP,North,6.7,0.85,Express,Prepaid,New,Delhivery,Medium,Clear,9,11.0,2.0,No,Delivered,4
ORD001200,2026-01-28,Nagpur,MH,South,10.8,1.2,Standard,Prepaid,Returning,Delhivery,Low,Clear,23,25.5,2.5,No,Delivered,3
ORD001201,2026-01-21,Chandigarh,CH,East,7.1,1.06,Standard,Prepaid,Returning,EcomExpress,High,Clear,37,40.0,3.0,No,Delivered,4
ORD001202,2026-02-27,Lucknow,UP,North,0.5,1.92,Standard,COD,VIP,XpressBees,Medium,Rain,38,42.7,4.7,No,Delivered,4
ORD001203,2025-12-17,Noida,UP,West,2.7,0.76,Standard,Prepaid,Returning,EcomExpress,Low,Heatwave,47,50.2,3.2,No,Delivered,5
ORD001204,2026-01-08,Patna,BR,West,11.2,2.37,Standard,Prepaid,Returning,BlueDart,Medium,Clear,26,29.0,3.0,No,Delivered,4
ORD001205,2026-01-10,Kochi,KL,North,4.8,2.89,Standard,Prepaid,Returning,Shadowfax,Low,Clear,47,48.5,1.5,No,Delivered,4
ORD001206,2026-01-17,Gurgaon,HR,North,7.1,1.29,Express,COD,New,BlueDart,High,Clear,14,18.5,4.5,No,Delivered,4
ORD001207,2026-02-09,Surat,GJ,South,15.2,0.69,Standard,COD,Returning,Delhivery,Low,Clear,29,32.3,3.3,No,Delivered,4
ORD001208,2026-02-05,Coimbatore,TN,West,10.0,1.08,Standard,Prepaid,Returning,Delhivery,Medium,Clear,38,41.4,3.4,No,Delivered,3
ORD001209,2026-02-28,Chennai,TN,South,0.5,1.03,Express,Prepaid,New,Delhivery,Severe,Heatwave,14,17.6,3.6,No,Delivered,3
ORD001210,2025-12-20,Noida,UP,West,13.3,3.2,Express,Prepaid,Returning,BlueDart,Low,Rain,10,13.2,3.2,No,Delivered,4
ORD001211,2025-12-28,Nagpur,MH,East,8.1,1.04,Express,Prepaid,New,DTDC,Medium,Clear,10,12.9,2.9,No,Delivered,5
ORD001212,2026-01-11,Patna,BR,West,9.0,2.53,Standard,Prepaid,Returning,Delhivery,High,Clear,41,44.5,3.5,No,Delivered,5
ORD001213,2026-02-09,Lucknow,UP,Central,8.7,1.18,Standard,Prepaid,Returning,AmazonLogistics,Severe,Clear,44,51.5,7.5,No,Delivered,4
ORD001214,2025-12-07,Chandigarh,CH,West,11.2,1.14,SameDay,Prepaid,New,DTDC,Medium,Clear,7,9.6,2.6,No,Delivered,5
ORD001215,2025-12-25,Pune,MH,East,7.2,0.89,Standard,COD,Returning,Delhivery,High,Clear,32,33.9,1.9,No,Delivered,4
ORD001216,2025-12-05,Delhi,DL,East,1.6,0.94,Standard,Prepaid,Returning,Delhivery,Low,Heatwave,37,38.4,1.4,No,Delivered,4
ORD001217,2025-12-10,Surat,GJ,West,8.8,1.88,Standard,Prepaid,VIP,EcomExpress,High,Clear,44,48.7,4.7,No,Delivered,4
ORD001218,2026-01-12,Coimbatore,TN,East,2.0,0.71,Express,Prepaid,Returning,Delhivery,Medium,Clear,10,10.3,0.3,No,Delivered,5
ORD001219,2025-12-28,Bhopal,MP,Central,14.8,1.97,Standard,COD,Returning,Shadowfax,High,Clear,24,28.8,4.8,No,Delivered,5
ORD001220,2026-02-17,Jaipur,RJ,South,6.1,2.62,Standard,Prepaid,New,Delhivery,Low,Clear,32,33.0,1.0,No,Delivered,4
ORD001221,2025-12-15,Nagpur,MH,West,7.3,0.77,Standard,Prepaid,Returning,AmazonLogistics,Medium,Heatwave,36,38.0,2.0,No,Delivered,4
ORD001222,2026-01-08,Indore,MP,South,4.8,2.28,SameDay,Prepaid,Returning,Shadowfax,Medium,Rain,6,8.7,2.7,No,RTO,4
ORD001223,2025-12-11,Noida,UP,East,8.9,2.07,Standard,Prepaid,VIP,DTDC,High,Fog,43,50.4,7.4,No,Delivered,4
ORD001224,2026-01-24,Kochi,KL,South,9.3,1.86,Standard,COD,New,AmazonLogistics,High,Fog,31,39.4,8.4,No,Delivered,3
ORD001225,2026-02-01,Jaipur,RJ,East,4.8,0.75,SameDay,Prepaid,Returning,Shadowfax,High,Clear,8,10.0,2.0,No,Delivered,5
ORD001226,2026-01-16,Noida,UP,East,9.3,1.03,Standard,Prepaid,New,Ekart,Severe,Rain,43,48.5,5.5,No,Delivered,4
ORD001227,2025-12-15,Delhi,DL,Central,7.8,1.03,Standard,Prepaid,Returning,Ekart,Medium,Rain,31,34.4,3.4,No,Reattempted,3
ORD001228,2026-01-13,Noida,UP,North,7.1,3.87,Standard,Prepaid,New,BlueDart,High,Clear,24,28.6,4.6,No,Delivered,4
ORD001229,2026-02-20,Bangalore,KA,West,4.5,1.1,Standard,COD,Returning,Delhivery,Low,Clear,27,28.2,1.2,No,Reattempted,4
ORD001230,2026-01-29,Chennai,TN,West,16.8,0.99,Standard,Prepaid,VIP,BlueDart,Severe,Rain,21,28.9,7.9,No,Delivered,3
ORD001231,2026-01-27,Bhopal,MP,Central,12.2,0.56,Standard,Prepaid,New,EcomExpress,High,Heatwave,44,47.8,3.8,No,Delivered,4
ORD001232,2026-03-01,Coimbatore,TN,East,10.4,0.62,Standard,Prepaid,Returning,Shadowfax,Medium,Clear,24,28.4,4.4,No,Delivered,4
ORD001233,2025-12-23,Noida,UP,West,12.0,0.73,Express,Prepaid,New,BlueDart,Medium,Heatwave,16,18.5,2.5,No,Delivered,5
ORD001234,2026-01-24,Coimbatore,TN,West,8.7,1.37,Standard,Prepaid,Returning,Shadowfax,High,Heatwave,20,24.6,4.6,No,Delivered,5
ORD001235,2026-01-02,Nagpur,MH,North,6.1,0.47,Standard,COD,New,AmazonLogistics,High,Heatwave,27,30.0,3.0,No,Delivered,5
ORD001236,2026-02-20,Kolkata,WB,Central,0.5,0.74,Express,Prepaid,Returning,EcomExpress,High,Clear,13,14.6,1.6,No,Delivered,4
ORD001237,2026-02-13,Mumbai,MH,North,2.6,0.36,SameDay,Prepaid,New,Shadowfax,Medium,Clear,4,5.3,1.3,No,Delivered,3
ORD001238,2026-01-04,Delhi,DL,West,16.2,2.56,Standard,Prepaid,Returning,EcomExpress,Medium,Rain,39,44.1,5.1,No,Delivered,3
ORD001239,2026-02-19,Chennai,TN,East,12.1,1.18,Standard,COD,Returning,AmazonLogistics,Severe,Clear,28,34.5,6.5,No,Delivered,4
ORD001240,2025-12-30,Mumbai,MH,South,8.3,1.33,Standard,Prepaid,Returning,XpressBees,High,Clear,39,40.7,1.7,No,Delivered,4
ORD001241,2026-01-13,Surat,GJ,North,1.2,0.57,Express,Prepaid,New,Delhivery,Medium,Rain,16,17.9,1.9,No,Delivered,5
ORD001242,2025-12-12,Patna,BR,North,10.0,2.22,Express,Prepaid,New,DTDC,High,Clear,13,16.2,3.2,No,Delivered,4
ORD001243,2026-01-14,Noida,UP,East,6.4,2.72,Standard,Prepaid,New,Delhivery,High,Clear,21,24.4,3.4,No,Delivered,3
ORD001244,2026-01-27,Lucknow,UP,South,10.3,1.15,Standard,Prepaid,VIP,DTDC,High,Heatwave,23,26.5,3.5,No,Delivered,4
ORD001245,2026-02-02,Chandigarh,CH,North,3.1,0.83,Standard,COD,Returning,XpressBees,Medium,Clear,46,48.2,2.2,No,Delivered,4
ORD001246,2026-02-10,Noida,UP,West,5.5,1.54,Express,Prepaid,Returning,BlueDart,High,Heatwave,8,10.7,2.7,No,Delivered,4
ORD001247,2026-02-11,Chandigarh,CH,North,11.0,1.72,Standard,COD,VIP,DTDC,High,Clear,14,18.6,4.6,No,Delivered,5
ORD001248,2026-01-31,Lucknow,UP,East,15.2,1.86,Standard,Prepaid,New,AmazonLogistics,Medium,Clear,48,49.4,1.4,No,Delivered,4
ORD001249,2026-01-09,Kolkata,WB,South,4.9,1.65,Standard,COD,Returning,AmazonLogistics,Low,Clear,41,40.6,-0.4,Yes,Delivered,4
ORD001250,2026-02-20,Noida,UP,North,3.5,1.97,Express,Prepaid,Returning,XpressBees,Medium,Clear,10,12.1,2.1,No,Delivered,3
ORD001251,2026-01-02,Hyderabad,TG,North,11.6,0.73,SameDay,Prepaid,Returning,DTDC,High,Clear,9,14.6,5.6,No,Delivered,5
ORD001252,2025-12-24,Jaipur,RJ,South,2.5,1.91,Standard,COD,New,BlueDart,Medium,Fog,27,31.7,4.7,No,Delivered,4
ORD001253,2025-12-30,Pune,MH,South,2.7,0.84,Express,Prepaid,Returning,AmazonLogistics,Severe,Heatwave,14,19.9,5.9,No,Delivered,4
ORD001254,2026-02-03,Patna,BR,West,8.6,0.25,Standard,Prepaid,VIP,AmazonLogistics,Low,Clear,30,32.2,2.2,No,Delivered,4
ORD001255,2026-02-01,Nagpur,MH,South,15.8,0.84,Express,COD,Returning,Delhivery,Medium,Clear,11,14.5,3.5,No,Delivered,4
ORD001256,2026-01-19,Pune,MH,South,4.1,0.79,Express,Prepaid,Returning,EcomExpress,High,Rain,16,23.2,7.2,No,Delivered,4
ORD001257,2026-02-25,Hyderabad,TG,North,6.0,1.28,Standard,COD,Returning,EcomExpress,Severe,Clear,50,56.5,6.5,No,Delivered,4
ORD001258,2026-01-02,Indore,MP,North,7.9,1.83,Standard,Prepaid,Returning,Delhivery,Medium,Clear,21,21.9,0.9,No,Delivered,5
ORD001259,2025-12-15,Surat,GJ,Central,5.6,1.24,Standard,Prepaid,New,BlueDart,Medium,Clear,33,33.5,0.5,No,Delivered,5
ORD001260,2026-01-18,Bhopal,MP,North,0.5,3.69,Express,Prepaid,VIP,EcomExpress,Medium,Clear,15,16.4,1.4,No,Delivered,5
ORD001261,2025-12-31,Chennai,TN,Central,10.7,0.81,Standard,Prepaid,New,XpressBees,Medium,Clear,18,21.7,3.7,No,Delivered,4
ORD001262,2026-02-08,Gurgaon,HR,South,8.2,0.34,Standard,Prepaid,Returning,Delhivery,Medium,Clear,18,19.9,1.9,No,Delivered,4
ORD001263,2026-01-20,Jaipur,RJ,North,9.0,1.31,Standard,COD,Returning,EcomExpress,Medium,Rain,24,27.6,3.6,No,Delivered,4
ORD001264,2026-02-24,Bhopal,MP,North,6.9,0.8,Standard,COD,Returning,DTDC,Medium,Clear,34,37.8,3.8,No,Delivered,3
ORD001265,2026-02-11,Hyderabad,TG,North,13.6,0.58,Standard,Prepaid,Returning,BlueDart,High,Clear,44,46.4,2.4,No,Reattempted,4
ORD001266,2026-01-28,Mumbai,MH,East,5.5,0.92,Express,Prepaid,Returning,BlueDart,High,Clear,16,19.1,3.1,No,Delivered,4
ORD001267,2026-01-12,Pune,MH,South,3.2,0.69,Standard,Prepaid,New,AmazonLogistics,High,Clear,23,25.3,2.3,No,Delivered,4
ORD001268,2026-02-03,Ahmedabad,GJ,South,14.2,0.73,Standard,Prepaid,Returning,Ekart,Medium,Heatwave,24,26.1,2.1,No,Delivered,5
ORD001269,2026-01-06,Noida,UP,West,0.5,2.76,Standard,Prepaid,New,XpressBees,Medium,Rain,39,44.3,5.3,No,Delivered,5
ORD001270,2026-02-28,Mumbai,MH,West,6.9,1.19,SameDay,Prepaid,New,Delhivery,Medium,Fog,4,8.2,4.2,No,NDR_Pending,3
ORD001271,2026-01-28,Ahmedabad,GJ,Central,7.2,0.94,Standard,Prepaid,Returning,Delhivery,Severe,Clear,37,40.6,3.6,No,Delivered,3
ORD001272,2026-02-10,Delhi,DL,Central,7.0,2.88,Standard,COD,VIP,Ekart,Medium,Clear,21,23.7,2.7,No,Delivered,4
ORD001273,2025-12-24,Gurgaon,HR,West,1.3,0.93,Standard,COD,VIP,DTDC,High,Clear,36,37.5,1.5,No,Delivered,5
ORD001274,2025-12-25,Kochi,KL,East,2.8,0.53,Standard,Prepaid,Returning,AmazonLogistics,Medium,Clear,23,24.2,1.2,No,Delivered,5
ORD001275,2026-01-17,Patna,BR,East,11.3,0.5,Standard,Prepaid,Returning,DTDC,High,Clear,45,50.2,5.2,No,Delivered,4
ORD001276,2026-02-12,Coimbatore,TN,South,13.0,1.05,Standard,Prepaid,New,Delhivery,Medium,Clear,31,37.0,6.0,No,Delivered,4
ORD001277,2026-02-25,Kochi,KL,West,5.8,0.41,Standard,Prepaid,New,Shadowfax,Medium,Clear,18,19.8,1.8,No,Delivered,4
ORD001278,2025-12-16,Patna,BR,North,3.8,0.55,Express,Prepaid,Returning,AmazonLogistics,High,Clear,12,13.5,1.5,No,Delivered,5
ORD001279,2025-12-13,Mumbai,MH,West,0.5,0.88,Standard,Prepaid,Returning,AmazonLogistics,Low,Clear,12,11.9,-0.1,Yes,Delivered,4
ORD001280,2025-12-17,Chandigarh,CH,Central,11.3,2.18,Standard,COD,Returning,EcomExpress,High,Clear,44,50.3,6.3,No,NDR_Pending,3
ORD001281,2025-12-13,Coimbatore,TN,North,11.5,2.4,Express,Prepaid,New,XpressBees,Medium,Clear,17,20.3,3.3,No,NDR_Pending,4
ORD001282,2026-03-01,Coimbatore,TN,East,0.5,1.64,Standard,Prepaid,Returning,Delhivery,Severe,Heatwave,43,49.0,6.0,No,Delivered,4
ORD001283,2025-12-18,Ahmedabad,GJ,Central,0.5,1.1,Standard,Prepaid,New,Ekart,High,Clear,46,49.5,3.5,No,Delivered,4
ORD001284,2025-12-15,Bhopal,MP,North,8.0,0.78,SameDay,Prepaid,Returning,EcomExpress,Low,Clear,4,6.0,2.0,No,Delivered,3
ORD001285,2026-01-02,Ahmedabad,GJ,South,8.6,1.4,Standard,Prepaid,New,DTDC,High,Clear,18,20.2,2.2,No,Delivered,5
ORD001286,2026-02-18,Mumbai,MH,Central,5.6,3.22,Express,Prepaid,Returning,EcomExpress,High,Clear,13,14.6,1.6,No,Delivered,4
ORD001287,2026-02-26,Gurgaon,HR,Central,7.4,1.2,Standard,Prepaid,Returning,XpressBees,Medium,Rain,24,26.1,2.1,No,Delivered,5
ORD001288,2026-02-04,Hyderabad,TG,North,6.5,0.84,SameDay,Prepaid,New,XpressBees,Medium,Clear,8,8.7,0.7,No,Delivered,4
ORD001289,2026-01-27,Delhi,DL,South,7.6,1.01,Standard,Prepaid,Returning,EcomExpress,Low,Storm,38,41.6,3.6,No,Delivered,4
ORD001290,2026-02-11,Nagpur,MH,West,3.9,0.94,Standard,Prepaid,Returning,AmazonLogistics,High,Fog,13,19.7,6.7,No,Delivered,4
ORD001291,2025-12-13,Hyderabad,TG,North,7.5,1.54,Express,COD,New,Ekart,Medium,Clear,13,14.8,1.8,No,Delivered,4
ORD001292,2026-01-25,Chandigarh,CH,South,4.8,0.7,Standard,COD,Returning,AmazonLogistics,High,Heatwave,19,22.9,3.9,No,Delivered,4
ORD001293,2025-12-10,Jaipur,RJ,North,4.5,1.41,Standard,Prepaid,VIP,EcomExpress,Medium,Rain,16,19.3,3.3,No,Delivered,4
ORD001294,2026-02-11,Mumbai,MH,North,0.5,1.55,Standard,COD,New,AmazonLogistics,High,Storm,14,20.2,6.2,No,Reattempted,3
ORD001295,2026-01-19,Noida,UP,West,6.8,1.36,Standard,Prepaid,New,XpressBees,Medium,Clear,42,44.2,2.2,No,Delivered,4
ORD001296,2026-03-01,Surat,GJ,West,10.7,0.58,Express,Prepaid,Returning,XpressBees,High,Storm,16,22.0,6.0,No,Delivered,4
ORD001297,2026-01-28,Chennai,TN,West,6.2,1.01,Standard,Prepaid,Returning,Shadowfax,Low,Clear,45,46.7,1.7,No,Delivered,5
ORD001298,2026-02-10,Kochi,KL,East,6.1,0.81,Standard,Prepaid,VIP,XpressBees,Medium,Clear,32,33.2,1.2,No,Delivered,5
ORD001299,2025-12-10,Surat,GJ,South,12.5,1.06,Standard,Prepaid,New,Delhivery,Low,Heatwave,34,35.8,1.8,No,Delivered,5
ORD001300,2026-01-03,Mumbai,MH,North,11.6,0.74,Standard,COD,Returning,BlueDart,High,Clear,15,18.7,3.7,No,NDR_Pending,3
ORD001301,2026-01-15,Patna,BR,North,14.4,2.33,Express,Prepaid,Returning,Delhivery,Medium,Clear,7,10.9,3.9,No,Delivered,4
ORD001302,2026-02-24,Jaipur,RJ,North,16.5,1.24,Standard,Prepaid,New,EcomExpress,High,Clear,37,40.9,3.9,No,Delivered,5
ORD001303,2026-02-04,Kochi,KL,South,7.7,0.42,Standard,Prepaid,Returning,Delhivery,Low,Clear,31,32.4,1.4,No,Delivered,4
ORD001304,2026-01-17,Chandigarh,CH,North,2.9,0.5,Standard,COD,Returning,EcomExpress,Medium,Clear,41,43.6,2.6,No,Delivered,4
ORD001305,2026-02-02,Nagpur,MH,North,5.4,2.28,Standard,Prepaid,New,AmazonLogistics,High,Clear,33,35.8,2.8,No,Delivered,4
ORD001306,2025-12-19,Kochi,KL,North,9.8,0.99,Standard,COD,New,XpressBees,Low,Clear,14,16.6,2.6,No,Delivered,4
ORD001307,2026-02-05,Chennai,TN,West,13.3,0.87,Express,Prepaid,New,Delhivery,Low,Rain,18,20.1,2.1,No,Delivered,4
ORD001308,2026-02-25,Hyderabad,TG,West,3.3,2.18,Standard,COD,Returning,AmazonLogistics,Medium,Clear,16,17.6,1.6,No,Delivered,4
ORD001309,2026-01-04,Jaipur,RJ,Central,8.5,1.01,Standard,Prepaid,New,Ekart,High,Fog,45,49.7,4.7,No,Delivered,4
ORD001310,2026-01-11,Chandigarh,CH,East,4.3,0.54,SameDay,Prepaid,New,Ekart,Severe,Clear,7,9.6,2.6,No,Delivered,5
ORD001311,2026-03-01,Surat,GJ,West,6.9,0.56,Standard,Prepaid,New,AmazonLogistics,Low,Rain,28,29.7,1.7,No,Delivered,4
ORD001312,2025-12-27,Kolkata,WB,North,6.9,1.61,Express,Prepaid,Returning,Ekart,High,Rain,12,16.6,4.6,No,Delivered,4
ORD001313,2026-02-04,Patna,BR,West,9.0,3.73,Standard,Prepaid,VIP,XpressBees,High,Heatwave,24,32.2,8.2,No,Delivered,4
ORD001314,2026-02-01,Chandigarh,CH,North,15.6,1.83,Standard,Prepaid,New,Ekart,High,Clear,15,20.7,5.7,No,Delivered,4
ORD001315,2025-12-24,Gurgaon,HR,South,9.4,0.88,Standard,Prepaid,VIP,Ekart,Medium,Clear,16,19.3,3.3,No,Delivered,5
ORD001316,2026-03-05,Chennai,TN,South,5.8,0.96,Standard,Prepaid,Returning,EcomExpress,Severe,Heatwave,35,40.2,5.2,No,Delivered,5
ORD001317,2026-03-01,Coimbatore,TN,South,5.1,1.14,Express,Prepaid,VIP,AmazonLogistics,Medium,Rain,12,14.6,2.6,No,Delivered,4
ORD001318,2026-02-19,Indore,MP,North,6.7,0.33,Standard,Prepaid,Returning,AmazonLogistics,High,Clear,34,39.7,5.7,No,Delivered,3
ORD001319,2026-02-02,Jaipur,RJ,West,4.0,1.12,Standard,COD,Returning,AmazonLogistics,Medium,Rain,41,43.5,2.5,No,Delivered,4
ORD001320,2025-12-27,Ahmedabad,GJ,East,8.1,1.57,Express,COD,Returning,Ekart,High,Rain,16,22.3,6.3,No,Delivered,4
ORD001321,2025-12-06,Delhi,DL,West,0.5,3.2,Standard,Prepaid,Returning,BlueDart,Severe,Clear,45,50.9,5.9,No,Delivered,2
ORD001322,2026-02-07,Chennai,TN,West,6.7,2.13,Standard,Prepaid,Returning,BlueDart,Severe,Rain,17,22.4,5.4,No,Delivered,4
ORD001323,2026-02-06,Surat,GJ,South,7.0,3.52,Standard,COD,Returning,XpressBees,Medium,Fog,15,20.2,5.2,No,Delivered,4
ORD001324,2025-12-28,Chandigarh,CH,North,2.9,3.03,Standard,COD,Returning,DTDC,High,Clear,45,48.7,3.7,No,Delivered,4
ORD001325,2025-12-16,Chandigarh,CH,West,6.0,2.55,Express,COD,Returning,AmazonLogistics,Low,Clear,17,16.9,-0.1,Yes,Delivered,4
ORD001326,2026-01-20,Bangalore,KA,South,12.0,1.12,Standard,Prepaid,Returning,AmazonLogistics,High,Clear,14,18.2,4.2,No,Delivered,4
ORD001327,2026-03-05,Kochi,KL,North,12.3,1.36,Express,Prepaid,Returning,DTDC,Medium,Clear,11,12.6,1.6,No,Delivered,5
ORD001328,2025-12-17,Pune,MH,South,5.4,0.41,Standard,COD,Returning,Ekart,High,Clear,24,28.8,4.8,No,Delivered,4
ORD001329,2026-01-02,Kochi,KL,Central,9.6,1.2,Standard,Prepaid,Returning,Delhivery,Medium,Rain,32,36.6,4.6,No,Delivered,5
ORD001330,2025-12-31,Kolkata,WB,West,1.5,1.55,Standard,Prepaid,New,Ekart,Low,Clear,13,14.6,1.6,No,Delivered,5
ORD001331,2025-12-20,Jaipur,RJ,South,6.3,0.93,Standard,COD,VIP,Delhivery,Medium,Fog,29,33.5,4.5,No,Delivered,4
ORD001332,2026-03-05,Coimbatore,TN,West,8.4,0.44,Standard,COD,New,XpressBees,Low,Rain,21,25.4,4.4,No,Delivered,4
ORD001333,2026-02-20,Jaipur,RJ,South,13.6,2.86,Standard,Prepaid,New,Delhivery,Medium,Rain,46,51.8,5.8,No,Delivered,4
ORD001334,2026-01-15,Bhopal,MP,South,12.3,1.41,Standard,Prepaid,New,XpressBees,High,Clear,43,45.5,2.5,No,Delivered,5
ORD001335,2026-01-07,Surat,GJ,South,8.3,3.1,Standard,COD,New,BlueDart,High,Clear,32,34.2,2.2,No,Reattempted,5
ORD001336,2026-02-10,Noida,UP,South,3.9,1.73,Standard,Prepaid,Returning,Delhivery,High,Rain,17,22.5,5.5,No,Delivered,4
ORD001337,2026-03-04,Nagpur,MH,West,12.9,2.51,Standard,Prepaid,New,XpressBees,High,Clear,23,28.3,5.3,No,Delivered,4
ORD001338,2026-01-13,Chennai,TN,North,6.1,2.22,Express,Prepaid,New,DTDC,Medium,Clear,11,13.3,2.3,No,Delivered,4
ORD001339,2026-02-22,Patna,BR,East,9.3,0.74,Standard,Prepaid,New,Delhivery,Medium,Clear,43,46.4,3.4,No,Delivered,4
ORD001340,2025-12-05,Jaipur,RJ,South,7.0,0.81,Standard,COD,New,DTDC,Medium,Clear,35,37.4,2.4,No,Delivered,4
ORD001341,2026-01-31,Surat,GJ,West,15.5,0.85,Express,COD,VIP,Delhivery,Low,Rain,13,19.2,6.2,No,Delivered,4
ORD001342,2026-02-02,Delhi,DL,West,5.1,0.62,Standard,Prepaid,Returning,Delhivery,High,Clear,14,17.1,3.1,No,Delivered,5
ORD001343,2026-01-12,Delhi,DL,West,11.2,3.19,Standard,Prepaid,New,Delhivery,High,Clear,43,46.0,3.0,No,Delivered,4
ORD001344,2026-01-12,Indore,MP,West,7.2,1.13,Express,Prepaid,Returning,XpressBees,High,Clear,9,14.3,5.3,No,Delivered,4
ORD001345,2025-12-18,Bangalore,KA,Central,9.8,1.46,Standard,Prepaid,Returning,AmazonLogistics,High,Clear,22,26.0,4.0,No,Delivered,4
ORD001346,2025-12-28,Noida,UP,South,14.0,0.5,Standard,COD,Returning,XpressBees,Low,Clear,45,47.3,2.3,No,Delivered,4
ORD001347,2026-02-02,Chandigarh,CH,West,0.5,1.81,Standard,Prepaid,New,AmazonLogistics,High,Fog,40,43.5,3.5,No,Delivered,4
ORD001348,2025-12-22,Coimbatore,TN,West,7.2,0.86,Standard,COD,Returning,XpressBees,Medium,Heatwave,15,19.3,4.3,No,Delivered,4
ORD001349,2025-12-31,Coimbatore,TN,North,3.9,2.36,Standard,COD,New,AmazonLogistics,High,Heatwave,13,15.5,2.5,No,Delivered,5
ORD001350,2026-01-18,Indore,MP,South,9.3,0.73,Standard,Prepaid,New,Ekart,Medium,Clear,13,15.7,2.7,No,Delivered,4
ORD001351,2025-12-14,Pune,MH,South,10.3,2.46,Standard,Prepaid,VIP,BlueDart,Medium,Clear,22,23.7,1.7,No,Delivered,5
ORD001352,2026-02-24,Ahmedabad,GJ,North,5.6,1.94,Standard,COD,Returning,Delhivery,Medium,Clear,27,29.7,2.7,No,RTO,3
ORD001353,2026-02-25,Lucknow,UP,South,5.4,0.84,Standard,Prepaid,New,Delhivery,Medium,Rain,46,47.1,1.1,No,Delivered,5
ORD001354,2026-01-05,Gurgaon,HR,South,8.3,2.59,Standard,COD,New,XpressBees,Medium,Rain,43,46.6,3.6,No,Delivered,5
ORD001355,2025-12-30,Hyderabad,TG,West,2.4,2.2,Standard,Prepaid,Returning,XpressBees,Medium,Rain,47,50.7,3.7,No,Delivered,5
ORD001356,2026-01-25,Lucknow,UP,North,8.8,1.48,Standard,Prepaid,New,EcomExpress,Medium,Clear,46,49.6,3.6,No,Delivered,4
ORD001357,2026-02-23,Kolkata,WB,East,4.2,0.61,Standard,Prepaid,Returning,Ekart,Severe,Clear,14,18.5,4.5,No,Delivered,5
ORD001358,2025-12-09,Delhi,DL,South,10.4,1.79,Standard,Prepaid,New,Ekart,Medium,Storm,41,47.8,6.8,No,Delivered,4
ORD001359,2025-12-08,Delhi,DL,West,2.2,1.15,Express,Prepaid,New,EcomExpress,Medium,Clear,14,13.7,-0.3,Yes,Delivered,4
ORD001360,2026-02-08,Ahmedabad,GJ,North,5.2,1.14,SameDay,Prepaid,Returning,EcomExpress,High,Rain,9,13.5,4.5,No,Delivered,4
ORD001361,2026-02-06,Pune,MH,South,4.5,1.16,Standard,Prepaid,New,EcomExpress,Medium,Rain,46,49.9,3.9,No,NDR_Pending,4
ORD001362,2026-02-14,Pune,MH,North,6.3,1.09,Standard,Prepaid,Returning,BlueDart,High,Clear,29,31.7,2.7,No,Delivered,4
ORD001363,2026-01-28,Ahmedabad,GJ,West,13.0,0.66,Express,Prepaid,New,AmazonLogistics,Medium,Heatwave,16,19.7,3.7,No,Delivered,4
ORD001364,2026-01-08,Hyderabad,TG,South,10.9,0.45,Express,COD,VIP,XpressBees,Medium,Fog,13,18.2,5.2,No,Delivered,4
ORD001365,2025-12-08,Indore,MP,Central,5.6,0.39,SameDay,COD,Returning,Delhivery,Low,Rain,5,8.1,3.1,No,Delivered,4
ORD001366,2026-01-13,Mumbai,MH,South,5.6,1.32,Express,Prepaid,New,Shadowfax,Low,Clear,14,15.7,1.7,No,Delivered,4
ORD001367,2025-12-14,Kolkata,WB,West,11.0,0.26,Express,COD,New,Delhivery,High,Clear,14,17.8,3.8,No,Delivered,4
ORD001368,2025-12-11,Lucknow,UP,North,2.8,1.71,Standard,Prepaid,Returning,BlueDart,High,Rain,19,22.1,3.1,No,Delivered,4
ORD001369,2026-01-26,Noida,UP,West,7.6,1.5,Standard,Prepaid,Returning,BlueDart,Low,Clear,16,17.3,1.3,No,Delivered,4
ORD001370,2026-02-26,Nagpur,MH,South,5.1,0.92,Standard,Prepaid,Returning,XpressBees,Severe,Clear,40,43.8,3.8,No,Delivered,4
ORD001371,2026-02-11,Chandigarh,CH,South,6.8,2.05,Standard,COD,New,XpressBees,Medium,Clear,42,46.5,4.5,No,NDR_Pending,4
ORD001372,2026-01-24,Kolkata,WB,North,10.7,0.95,Express,Prepaid,Returning,AmazonLogistics,Medium,Clear,7,6.5,-0.5,Yes,RTO,3
ORD001373,2025-12-23,Jaipur,RJ,North,4.8,1.42,SameDay,COD,New,Delhivery,Severe,Rain,7,13.7,6.7,No,Delivered,3
ORD001374,2025-12-17,Jaipur,RJ,North,11.4,0.34,Standard,Prepaid,New,AmazonLogistics,Severe,Clear,47,53.8,6.8,No,Delivered,5
ORD001375,2025-12-13,Chandigarh,CH,Central,16.3,0.29,Standard,Prepaid,New,Delhivery,Medium,Clear,20,25.5,5.5,No,Reattempted,4
ORD001376,2026-02-10,Noida,UP,South,9.9,0.96,Express,Prepaid,Returning,EcomExpress,Medium,Clear,13,15.3,2.3,No,Delivered,3
ORD001377,2026-02-18,Noida,UP,North,7.2,1.42,Express,Prepaid,Returning,AmazonLogistics,Low,Clear,9,10.8,1.8,No,Delivered,4
ORD001378,2026-02-13,Patna,BR,Central,12.1,1.95,Express,Prepaid,New,DTDC,Medium,Clear,10,13.8,3.8,No,Delivered,3
ORD001379,2025-12-05,Surat,GJ,North,3.1,0.99,Express,COD,New,Delhivery,High,Clear,12,14.9,2.9,No,Delivered,5
ORD001380,2025-12-23,Surat,GJ,South,13.6,1.28,SameDay,Prepaid,Returning,Shadowfax,Medium,Clear,8,11.3,3.3,No,Delivered,4
ORD001381,2026-01-17,Noida,UP,West,4.5,1.77,Standard,Prepaid,Returning,DTDC,High,Clear,17,19.3,2.3,No,Delivered,4
ORD001382,2026-01-15,Chennai,TN,East,16.2,1.02,Standard,COD,Returning,Ekart,Medium,Rain,20,23.7,3.7,No,Delivered,4
ORD001383,2025-12-17,Kolkata,WB,West,4.6,1.57,Standard,Prepaid,Returning,XpressBees,Medium,Clear,34,36.5,2.5,No,Delivered,5
ORD001384,2026-01-14,Chandigarh,CH,South,10.1,0.56,Standard,COD,Returning,Delhivery,Medium,Clear,32,35.6,3.6,No,Delivered,4
ORD001385,2026-01-27,Ahmedabad,GJ,Central,1.3,0.41,Express,Prepaid,Returning,Shadowfax,Medium,Clear,11,10.7,-0.3,Yes,Delivered,5
ORD001386,2026-01-07,Hyderabad,TG,North,6.6,0.8,Standard,Prepaid,VIP,Delhivery,Medium,Rain,45,48.6,3.6,No,Delivered,4
ORD001387,2026-01-22,Indore,MP,Central,3.2,1.76,Standard,Prepaid,Returning,Delhivery,Severe,Clear,23,26.1,3.1,No,Delivered,4
ORD001388,2026-02-21,Kolkata,WB,East,1.7,0.72,Standard,Prepaid,Returning,XpressBees,Severe,Clear,36,40.0,4.0,No,Delivered,5
ORD001389,2025-12-19,Chandigarh,CH,Central,12.3,1.63,Express,Prepaid,Returning,AmazonLogistics,High,Rain,17,21.6,4.6,No,Delivered,4
ORD001390,2026-02-07,Gurgaon,HR,North,2.6,0.6,Standard,Prepaid,New,Delhivery,Low,Rain,45,48.3,3.3,No,Delivered,4
ORD001391,2026-02-12,Kolkata,WB,North,4.6,0.78,Standard,Prepaid,New,AmazonLogistics,Severe,Clear,26,29.4,3.4,No,Delivered,5
ORD001392,2026-02-23,Surat,GJ,West,4.1,1.28,Standard,Prepaid,New,DTDC,Severe,Rain,15,20.2,5.2,No,Delivered,4
ORD001393,2025-12-28,Noida,UP,South,12.1,0.74,Standard,Prepaid,Returning,AmazonLogistics,Severe,Rain,27,35.8,8.8,No,Delivered,3
ORD001394,2026-01-22,Coimbatore,TN,South,11.6,0.82,Standard,Prepaid,VIP,EcomExpress,Medium,Clear,20,23.2,3.2,No,Delivered,4
ORD001395,2026-01-13,Hyderabad,TG,Central,12.6,0.23,Standard,COD,Returning,BlueDart,Low,Heatwave,14,17.9,3.9,No,Delivered,4
ORD001396,2026-02-16,Indore,MP,West,4.4,1.83,Standard,Prepaid,Returning,Delhivery,High,Clear,20,23.8,3.8,No,NDR_Pending,4
ORD001397,2025-12-20,Nagpur,MH,South,12.9,1.03,SameDay,Prepaid,New,EcomExpress,Medium,Rain,6,11.7,5.7,No,NDR_Pending,3
ORD001398,2025-12-26,Kochi,KL,South,4.3,0.63,Express,Prepaid,VIP,EcomExpress,Medium,Heatwave,13,16.1,3.1,No,Delivered,4
ORD001399,2025-12-30,Mumbai,MH,North,4.5,3.32,Standard,Prepaid,New,EcomExpress,Medium,Storm,39,44.8,5.8,No,Delivered,4
ORD001400,2025-12-30,Chennai,TN,North,4.7,0.69,Standard,Prepaid,VIP,Delhivery,Medium,Clear,34,35.8,1.8,No,Delivered,5
ORD001401,2026-02-19,Chandigarh,CH,North,4.9,0.81,Standard,COD,New,EcomExpress,Medium,Rain,17,20.7,3.7,No,Delivered,4
ORD001402,2026-01-18,Hyderabad,TG,East,7.1,0.62,Standard,Prepaid,New,Ekart,High,Clear,28,32.5,4.5,No,Delivered,4
ORD001403,2026-02-05,Chennai,TN,West,4.1,2.14,Standard,Prepaid,Returning,AmazonLogistics,High,Clear,43,45.0,2.0,No,Delivered,4
ORD001404,2026-01-18,Kolkata,WB,South,8.4,2.61,Express,Prepaid,New,BlueDart,Medium,Fog,13,17.0,4.0,No,Reattempted,4
ORD001405,2026-02-12,Bangalore,KA,South,0.5,2.46,SameDay,Prepaid,New,Ekart,Low,Clear,3,3.9,0.9,No,Delivered,4
ORD001406,2025-12-08,Bangalore,KA,West,8.4,2.45,Standard,COD,Returning,EcomExpress,Severe,Fog,41,49.6,8.6,No,Delivered,5
ORD001407,2025-12-25,Kolkata,WB,East,3.1,0.77,Express,Prepaid,Returning,BlueDart,Medium,Clear,16,15.8,-0.2,Yes,Delivered,3
ORD001408,2026-01-27,Chandigarh,CH,East,4.8,3.01,Express,COD,New,AmazonLogistics,Medium,Clear,15,16.8,1.8,No,Delivered,4
ORD001409,2025-12-29,Mumbai,MH,South,4.9,0.98,Standard,Prepaid,Returning,Shadowfax,Medium,Clear,18,18.4,0.4,No,Delivered,5
ORD001410,2025-12-06,Chennai,TN,East,11.3,0.44,Express,Prepaid,Returning,EcomExpress,Medium,Clear,9,11.8,2.8,No,Delivered,4
ORD001411,2026-02-12,Pune,MH,South,9.5,0.86,SameDay,Prepaid,New,BlueDart,High,Clear,8,12.1,4.1,No,Delivered,4
ORD001412,2025-12-22,Indore,MP,South,6.8,1.34,SameDay,Prepaid,Returning,Shadowfax,Low,Clear,5,8.2,3.2,No,Delivered,4
ORD001413,2026-02-21,Chennai,TN,East,4.6,0.75,Express,Prepaid,Returning,XpressBees,High,Storm,12,19.5,7.5,No,Delivered,4
ORD001414,2026-01-02,Patna,BR,South,10.6,1.21,Standard,Prepaid,Returning,BlueDart,Low,Rain,38,42.0,4.0,No,Delivered,3
ORD001415,2026-01-21,Indore,MP,South,14.7,1.52,Standard,Prepaid,Returning,BlueDart,Severe,Rain,27,32.9,5.9,No,Delivered,3
ORD001416,2026-02-19,Patna,BR,South,7.4,1.41,SameDay,Prepaid,Returning,EcomExpress,High,Clear,7,11.2,4.2,No,Delivered,4
ORD001417,2026-01-04,Nagpur,MH,South,1.1,1.64,Standard,Prepaid,Returning,Shadowfax,Low,Clear,31,30.0,-1.0,Yes,Delivered,5
ORD001418,2025-12-22,Jaipur,RJ,South,4.7,0.99,Standard,Prepaid,Returning,EcomExpress,Medium,Rain,40,45.0,5.0,No,Delivered,4
ORD001419,2026-01-11,Chandigarh,CH,West,9.7,0.71,Standard,COD,Returning,AmazonLogistics,Medium,Clear,23,23.9,0.9,No,Delivered,5
ORD001420,2026-01-09,Lucknow,UP,South,5.7,0.46,Standard,Prepaid,Returning,AmazonLogistics,Severe,Clear,37,39.9,2.9,No,Delivered,4
ORD001421,2026-01-28,Gurgaon,HR,North,4.1,1.05,Standard,Prepaid,New,BlueDart,High,Heatwave,14,18.2,4.2,No,Delivered,4
ORD001422,2026-02-01,Noida,UP,East,3.9,0.8,Express,Prepaid,Returning,AmazonLogistics,Medium,Clear,7,9.9,2.9,No,Delivered,4
ORD001423,2026-03-02,Indore,MP,South,7.9,1.03,Standard,Prepaid,Returning,Delhivery,Medium,Heatwave,43,47.2,4.2,No,Delivered,4
ORD001424,2025-12-18,Kochi,KL,Central,1.4,0.32,Standard,Prepaid,Returning,BlueDart,Severe,Clear,23,26.4,3.4,No,Delivered,4
ORD001425,2025-12-22,Chennai,TN,North,7.4,0.44,Standard,Prepaid,Returning,Shadowfax,High,Clear,38,40.1,2.1,No,Delivered,5
ORD001426,2025-12-11,Bhopal,MP,West,7.9,1.5,Standard,Prepaid,New,Shadowfax,Medium,Clear,39,40.5,1.5,No,Delivered,4
ORD001427,2025-12-12,Kochi,KL,South,5.7,0.41,Express,Prepaid,Returning,AmazonLogistics,Medium,Heatwave,11,13.1,2.1,No,Delivered,5
ORD001428,2025-12-05,Gurgaon,HR,East,3.3,0.99,Express,Prepaid,Returning,Ekart,Medium,Rain,12,15.3,3.3,No,Delivered,4
ORD001429,2026-01-06,Chennai,TN,North,11.6,0.67,Express,Prepaid,Returning,BlueDart,High,Rain,13,17.0,4.0,No,Delivered,3
ORD001430,2026-03-02,Patna,BR,East,2.2,0.65,Standard,Prepaid,New,BlueDart,High,Clear,43,46.8,3.8,No,Delivered,4
ORD001431,2025-12-09,Lucknow,UP,South,8.2,1.16,Express,Prepaid,Returning,XpressBees,High,Fog,15,22.5,7.5,No,Delivered,3
ORD001432,2025-12-08,Bangalore,KA,West,10.4,1.12,Standard,COD,Returning,EcomExpress,Medium,Clear,20,25.4,5.4,No,NDR_Pending,3
ORD001433,2026-01-04,Bangalore,KA,South,8.1,1.53,Express,Prepaid,Returning,Delhivery,High,Clear,14,15.5,1.5,No,Delivered,4
ORD001434,2026-02-02,Indore,MP,North,12.4,0.57,Express,Prepaid,New,Ekart,Medium,Rain,11,14.5,3.5,No,NDR_Pending,3
ORD001435,2026-02-03,Kolkata,WB,South,3.0,0.65,Standard,COD,Returning,AmazonLogistics,High,Rain,32,36.9,4.9,No,Delivered,4
ORD001436,2025-12-05,Delhi,DL,North,4.3,2.17,Standard,Prepaid,New,Ekart,Medium,Rain,36,39.5,3.5,No,Delivered,3
ORD001437,2025-12-07,Jaipur,RJ,South,5.7,0.97,Express,Prepaid,Returning,EcomExpress,High,Clear,19,21.8,2.8,No,Delivered,5
ORD001438,2026-02-18,Kochi,KL,West,20.7,1.38,Standard,COD,Returning,Delhivery,Medium,Fog,26,31.5,5.5,No,Delivered,4
ORD001439,2026-02-16,Kolkata,WB,South,9.5,0.82,Express,Prepaid,Returning,BlueDart,High,Clear,10,12.0,2.0,No,Delivered,4
ORD001440,2026-02-03,Noida,UP,North,10.3,1.45,Standard,Prepaid,VIP,Ekart,Severe,Storm,26,37.4,11.4,No,Delivered,2
ORD001441,2025-12-18,Patna,BR,North,10.1,0.25,Standard,Prepaid,New,Delhivery,High,Clear,30,32.1,2.1,No,Delivered,4
ORD001442,2026-03-04,Surat,GJ,North,7.8,2.21,Express,Prepaid,Returning,Delhivery,Medium,Clear,17,17.2,0.2,No,Delivered,5
ORD001443,2026-02-10,Gurgaon,HR,North,11.7,0.84,Standard,Prepaid,Returning,Delhivery,High,Clear,27,29.5,2.5,No,Delivered,5
ORD001444,2026-02-28,Jaipur,RJ,West,0.5,0.52,Standard,Prepaid,Returning,AmazonLogistics,Medium,Clear,41,41.7,0.7,No,Delivered,5
ORD001445,2026-01-29,Delhi,DL,North,8.6,0.58,Standard,Prepaid,Returning,AmazonLogistics,Low,Clear,28,28.3,0.3,No,Delivered,5
ORD001446,2026-03-02,Mumbai,MH,East,9.2,0.94,Standard,Prepaid,VIP,DTDC,High,Fog,30,36.6,6.6,No,Delivered,4
ORD001447,2025-12-15,Gurgaon,HR,North,11.6,1.03,Standard,Prepaid,Returning,Delhivery,High,Rain,35,39.9,4.9,No,Delivered,4
ORD001448,2025-12-11,Noida,UP,North,2.9,1.2,Express,Prepaid,New,DTDC,Low,Clear,11,12.1,1.1,No,Delivered,4
ORD001449,2026-03-02,Coimbatore,TN,East,3.2,0.54,Standard,COD,New,Shadowfax,Severe,Clear,29,34.1,5.1,No,Delivered,4
ORD001450,2026-01-27,Delhi,DL,South,3.4,1.86,Standard,COD,Returning,Delhivery,Medium,Rain,20,25.8,5.8,No,NDR_Pending,4
ORD001451,2026-01-29,Chennai,TN,South,9.6,0.81,Standard,Prepaid,New,EcomExpress,Severe,Heatwave,42,50.3,8.3,No,Delivered,3
ORD001452,2026-02-10,Mumbai,MH,Central,9.6,0.78,Standard,Prepaid,Returning,Shadowfax,High,Clear,33,36.4,3.4,No,Delivered,4
ORD001453,2026-02-27,Pune,MH,Central,3.7,0.96,Standard,Prepaid,VIP,EcomExpress,Severe,Heatwave,14,20.5,6.5,No,Delivered,4
ORD001454,2025-12-16,Hyderabad,TG,West,15.2,1.64,SameDay,Prepaid,Returning,Ekart,High,Clear,8,12.6,4.6,No,Delivered,4
ORD001455,2025-12-29,Indore,MP,North,8.6,1.08,Standard,Prepaid,New,Shadowfax,Severe,Rain,27,34.8,7.8,No,Reattempted,4
ORD001456,2025-12-24,Pune,MH,West,8.0,0.8,Standard,Prepaid,Returning,BlueDart,High,Rain,14,19.3,5.3,No,Delivered,4
ORD001457,2025-12-29,Noida,UP,Central,6.7,0.91,Standard,COD,Returning,DTDC,Medium,Clear,31,34.7,3.7,No,Delivered,4
ORD001458,2026-01-11,Lucknow,UP,Central,11.2,2.3,Standard,Prepaid,VIP,XpressBees,Medium,Clear,16,19.7,3.7,No,Delivered,4
ORD001459,2026-01-25,Chennai,TN,North,9.1,2.08,Standard,Prepaid,Returning,Delhivery,High,Rain,20,25.9,5.9,No,Delivered,3
ORD001460,2026-02-20,Surat,GJ,South,15.1,1.38,Standard,Prepaid,Returning,XpressBees,Low,Clear,36,38.6,2.6,No,Delivered,4
ORD001461,2025-12-26,Patna,BR,South,2.6,1.21,Standard,Prepaid,New,EcomExpress,Severe,Clear,32,37.8,5.8,No,Delivered,4
ORD001462,2026-02-17,Kolkata,WB,North,1.3,4.43,Standard,Prepaid,New,BlueDart,Medium,Clear,22,22.6,0.6,No,Delivered,5
ORD001463,2026-01-26,Mumbai,MH,West,4.5,1.46,Express,Prepaid,Returning,DTDC,High,Rain,9,13.5,4.5,No,Delivered,4
ORD001464,2026-02-17,Pune,MH,North,9.7,1.23,Express,COD,Returning,XpressBees,Medium,Clear,16,17.2,1.2,No,Delivered,4
ORD001465,2026-02-16,Chandigarh,CH,South,5.8,0.98,Standard,COD,Returning,BlueDart,High,Clear,17,20.8,3.8,No,Delivered,4
ORD001466,2025-12-30,Delhi,DL,North,12.6,1.37,Express,COD,Returning,Delhivery,Severe,Storm,11,21.6,10.6,No,RTO,3
ORD001467,2026-02-13,Nagpur,MH,South,5.9,0.18,Standard,Prepaid,New,Shadowfax,Medium,Rain,13,14.5,1.5,No,Delivered,5
ORD001468,2026-02-12,Ahmedabad,GJ,North,11.8,2.05,Standard,Prepaid,New,EcomExpress,High,Clear,19,22.3,3.3,No,Delivered,4
ORD001469,2026-01-25,Patna,BR,South,4.2,0.52,Express,COD,Returning,Ekart,Medium,Clear,11,14.2,3.2,No,Delivered,4
ORD001470,2025-12-13,Pune,MH,North,12.2,0.72,Standard,Prepaid,Returning,Shadowfax,High,Clear,15,18.8,3.8,No,Delivered,3
ORD001471,2026-03-01,Chandigarh,CH,Central,13.0,0.48,SameDay,COD,Returning,AmazonLogistics,High,Clear,7,11.1,4.1,No,Delivered,5
ORD001472,2026-03-01,Kochi,KL,North,5.2,0.71,Standard,COD,Returning,BlueDart,Medium,Clear,37,39.9,2.9,No,Delivered,4
ORD001473,2026-01-05,Jaipur,RJ,South,9.5,0.9,Standard,Prepaid,New,AmazonLogistics,Low,Clear,15,15.7,0.7,No,Delivered,4
ORD001474,2026-01-19,Hyderabad,TG,North,8.6,1.88,Standard,Prepaid,Returning,Delhivery,Medium,Clear,23,25.6,2.6,No,Delivered,5
ORD001475,2026-01-12,Noida,UP,North,9.6,2.4,Express,Prepaid,VIP,EcomExpress,Low,Rain,15,17.1,2.1,No,Delivered,4
ORD001476,2026-02-08,Kolkata,WB,North,12.6,3.54,Standard,Prepaid,Returning,Delhivery,High,Clear,23,27.5,4.5,No,Delivered,4
ORD001477,2026-01-02,Lucknow,UP,North,11.4,1.18,Express,COD,Returning,Delhivery,Medium,Clear,11,12.5,1.5,No,Delivered,4
ORD001478,2026-03-03,Ahmedabad,GJ,North,9.6,0.97,Standard,Prepaid,Returning,Ekart,Severe,Fog,18,24.0,6.0,No,Delivered,3
ORD001479,2025-12-13,Hyderabad,TG,South,10.2,1.76,Standard,Prepaid,Returning,DTDC,Severe,Clear,46,51.1,5.1,No,Delivered,4
ORD001480,2026-01-11,Jaipur,RJ,West,2.4,0.66,Express,Prepaid,Returning,XpressBees,Severe,Rain,9,16.1,7.1,No,Reattempted,4
ORD001481,2026-01-15,Bangalore,KA,North,7.3,0.62,Standard,Prepaid,New,Shadowfax,High,Clear,17,20.4,3.4,No,Delivered,3
ORD001482,2026-01-01,Mumbai,MH,South,3.1,0.89,Standard,COD,Returning,XpressBees,Medium,Clear,20,21.3,1.3,No,Delivered,5
ORD001483,2026-01-16,Chennai,TN,West,7.4,1.08,Standard,Prepaid,Returning,XpressBees,High,Clear,27,31.7,4.7,No,Delivered,4
ORD001484,2026-01-02,Delhi,DL,North,12.0,0.32,SameDay,Prepaid,Returning,AmazonLogistics,High,Clear,9,12.7,3.7,No,Delivered,4
ORD001485,2026-01-06,Jaipur,RJ,South,7.5,2.1,Express,Prepaid,Returning,XpressBees,Severe,Rain,11,19.3,8.3,No,Delivered,4
ORD001486,2025-12-13,Chandigarh,CH,North,0.5,1.28,Standard,Prepaid,New,AmazonLogistics,Medium,Clear,35,34.4,-0.6,Yes,Delivered,5
ORD001487,2026-01-10,Bangalore,KA,North,3.3,1.78,Express,Prepaid,Returning,EcomExpress,Low,Clear,10,12.5,2.5,No,Delivered,5
ORD001488,2026-02-04,Mumbai,MH,South,9.8,0.43,Standard,Prepaid,New,Ekart,Severe,Clear,18,25.3,7.3,No,Delivered,4
ORD001489,2026-02-26,Delhi,DL,Central,5.3,0.74,Standard,Prepaid,New,Delhivery,High,Clear,25,29.3,4.3,No,Delivered,4
ORD001490,2026-03-05,Surat,GJ,Central,10.6,0.72,Express,COD,Returning,BlueDart,Medium,Clear,16,19.1,3.1,No,Delivered,5
ORD001491,2026-02-14,Chennai,TN,Central,2.7,0.98,Express,Prepaid,Returning,Ekart,High,Clear,14,17.5,3.5,No,Delivered,3
ORD001492,2026-02-22,Lucknow,UP,South,9.0,1.08,Express,Prepaid,Returning,EcomExpress,Low,Clear,18,19.9,1.9,No,Delivered,4
ORD001493,2026-01-05,Mumbai,MH,North,9.2,1.86,Express,Prepaid,Returning,Delhivery,Medium,Rain,10,12.4,2.4,No,Delivered,4
ORD001494,2026-03-02,Kolkata,WB,South,10.7,1.17,Standard,Prepaid,Returning,BlueDart,Medium,Rain,37,40.0,3.0,No,RTO,3
ORD001495,2026-02-21,Jaipur,RJ,North,4.9,0.71,SameDay,Prepaid,New,BlueDart,Medium,Clear,4,5.1,1.1,No,Delivered,4
ORD001496,2025-12-24,Jaipur,RJ,North,10.6,4.11,Standard,Prepaid,New,Ekart,Medium,Heatwave,48,50.0,2.0,No,Delivered,3
ORD001497,2026-02-08,Indore,MP,North,13.5,0.94,Standard,Prepaid,Returning,AmazonLogistics,Medium,Clear,35,38.8,3.8,No,Delivered,4
ORD001498,2025-12-11,Patna,BR,South,0.5,0.64,Express,COD,VIP,Shadowfax,Medium,Clear,6,8.3,2.3,No,Delivered,4
ORD001499,2026-01-03,Lucknow,UP,South,7.7,0.36,Standard,Prepaid,Returning,Ekart,Medium,Rain,16,22.1,6.1,No,Delivered,4
ORD001500,2025-12-30,Bhopal,MP,North,0.5,1.17,Standard,COD,New,XpressBees,Medium,Rain,26,30.7,4.7,No,Delivered,5
ORD001501,2026-02-14,Surat,GJ,West,4.1,1.67,Express,COD,Returning,AmazonLogistics,Medium,Clear,14,13.8,-0.2,Yes,Delivered,5
ORD001502,2026-01-29,Chennai,TN,South,4.4,0.56,Standard,COD,Returning,EcomExpress,High,Storm,21,29.8,8.8,No,Delivered,4
ORD001503,2026-01-01,Hyderabad,TG,East,7.2,1.61,Standard,Prepaid,New,Shadowfax,High,Heatwave,16,19.6,3.6,No,Delivered,4
ORD001504,2026-02-09,Kolkata,WB,North,9.0,1.16,Standard,Prepaid,Returning,Delhivery,Medium,Clear,46,49.9,3.9,No,Delivered,3
ORD001505,2025-12-14,Indore,MP,South,11.1,0.38,Standard,COD,Returning,Delhivery,Low,Clear,37,41.1,4.1,No,NDR_Pending,3
ORD001506,2026-02-14,Hyderabad,TG,North,8.6,1.61,Standard,COD,Returning,DTDC,High,Rain,46,53.9,7.9,No,Delivered,3
ORD001507,2026-02-21,Gurgaon,HR,South,10.2,0.94,Standard,COD,New,Delhivery,High,Heatwave,24,30.5,6.5,No,Delivered,4
ORD001508,2025-12-09,Lucknow,UP,North,3.2,0.56,Express,COD,New,XpressBees,Severe,Clear,19,24.8,5.8,No,Delivered,4
ORD001509,2026-02-10,Chandigarh,CH,North,11.7,1.96,Standard,Prepaid,New,DTDC,Severe,Clear,37,42.9,5.9,No,Delivered,4
ORD001510,2026-01-29,Kochi,KL,West,0.5,1.94,Express,Prepaid,Returning,Delhivery,High,Rain,12,18.6,6.6,No,RTO,3
ORD001511,2025-12-26,Kolkata,WB,North,13.6,0.56,SameDay,COD,New,Shadowfax,Severe,Clear,9,15.6,6.6,No,Delivered,4
ORD001512,2025-12-29,Hyderabad,TG,North,12.9,1.32,Standard,Prepaid,Returning,DTDC,Medium,Rain,32,36.4,4.4,No,Delivered,3
ORD001513,2025-12-24,Coimbatore,TN,Central,10.5,1.25,SameDay,COD,Returning,Ekart,High,Clear,5,10.0,5.0,No,Delivered,3
ORD001514,2025-12-28,Kolkata,WB,North,16.4,1.06,Standard,COD,New,EcomExpress,Severe,Rain,47,57.0,10.0,No,Reattempted,3
ORD001515,2026-01-03,Hyderabad,TG,West,0.5,0.81,Express,Prepaid,New,Ekart,High,Clear,14,17.9,3.9,No,Delivered,5
ORD001516,2026-02-14,Gurgaon,HR,South,10.6,1.01,SameDay,Prepaid,New,AmazonLogistics,Medium,Clear,5,5.4,0.4,No,Delivered,5
ORD001517,2025-12-30,Lucknow,UP,North,8.0,1.94,Express,Prepaid,VIP,XpressBees,Medium,Rain,13,18.4,5.4,No,Delivered,3
ORD001518,2026-02-24,Mumbai,MH,South,8.5,1.41,Standard,COD,New,BlueDart,Medium,Clear,40,43.1,3.1,No,Delivered,4
ORD001519,2026-01-23,Lucknow,UP,North,2.8,0.35,Standard,Prepaid,Returning,DTDC,Medium,Clear,26,27.3,1.3,No,Delivered,4
ORD001520,2026-01-28,Lucknow,UP,West,9.1,0.31,Standard,Prepaid,Returning,AmazonLogistics,High,Clear,38,39.9,1.9,No,Delivered,4
ORD001521,2026-02-24,Chandigarh,CH,North,8.9,0.36,SameDay,Prepaid,New,EcomExpress,High,Fog,6,13.6,7.6,No,Delivered,3
ORD001522,2025-12-06,Coimbatore,TN,North,4.7,0.49,Standard,COD,Returning,Ekart,Medium,Clear,15,19.2,4.2,No,Delivered,4
ORD001523,2026-01-12,Bangalore,KA,South,7.2,0.7,Standard,Prepaid,Returning,Ekart,High,Rain,20,27.1,7.1,No,Delivered,4
ORD001524,2026-01-03,Bangalore,KA,East,2.2,0.84,Standard,Prepaid,Returning,Shadowfax,Medium,Clear,39,38.7,-0.3,Yes,Delivered,5
ORD001525,2026-02-15,Nagpur,MH,East,5.9,1.06,Standard,Prepaid,New,DTDC,Medium,Fog,33,37.1,4.1,No,Delivered,4
ORD001526,2026-02-28,Mumbai,MH,Central,11.3,1.08,Standard,Prepaid,New,Shadowfax,Medium,Clear,20,22.5,2.5,No,Delivered,4
ORD001527,2026-03-02,Kolkata,WB,West,11.4,1.07,Standard,COD,New,AmazonLogistics,Medium,Clear,43,47.2,4.2,No,Reattempted,4
ORD001528,2026-01-30,Delhi,DL,West,10.6,2.19,Standard,Prepaid,Returning,AmazonLogistics,High,Clear,45,49.1,4.1,No,Delivered,3
ORD001529,2025-12-30,Mumbai,MH,South,11.3,0.4,Standard,Prepaid,VIP,Delhivery,High,Clear,22,25.6,3.6,No,Delivered,4
ORD001530,2026-02-18,Gurgaon,HR,East,11.4,1.35,Standard,Prepaid,Returning,Delhivery,High,Fog,25,31.3,6.3,No,Delivered,4
ORD001531,2026-01-26,Pune,MH,South,4.9,1.35,Standard,Prepaid,New,EcomExpress,Medium,Rain,18,22.5,4.5,No,RTO,2
ORD001532,2026-01-17,Mumbai,MH,South,8.9,0.52,Standard,Prepaid,New,Ekart,High,Rain,34,40.4,6.4,No,Delivered,3
ORD001533,2026-01-15,Gurgaon,HR,West,11.8,1.52,Express,COD,Returning,BlueDart,Medium,Rain,12,18.5,6.5,No,Delivered,4
ORD001534,2026-01-14,Bangalore,KA,South,2.0,1.38,Standard,Prepaid,New,Ekart,Medium,Fog,22,27.3,5.3,No,Delivered,5
ORD001535,2026-02-22,Bhopal,MP,North,2.0,1.08,Standard,Prepaid,Returning,Shadowfax,High,Storm,13,20.6,7.6,No,Delivered,3
ORD001536,2026-01-24,Mumbai,MH,South,1.7,0.26,Standard,Prepaid,VIP,EcomExpress,High,Rain,13,16.7,3.7,No,Delivered,4
ORD001537,2026-02-23,Bangalore,KA,South,0.5,1.97,Standard,COD,Returning,Ekart,Severe,Clear,23,27.0,4.0,No,Delivered,4
ORD001538,2026-02-19,Delhi,DL,East,3.3,1.27,Express,Prepaid,New,XpressBees,Medium,Clear,17,17.5,0.5,No,Delivered,3
ORD001539,2025-12-30,Coimbatore,TN,South,5.4,1.41,Express,Prepaid,New,BlueDart,High,Clear,9,12.2,3.2,No,Delivered,3
ORD001540,2026-03-01,Nagpur,MH,East,13.5,0.14,Standard,Prepaid,Returning,Delhivery,Medium,Rain,38,42.0,4.0,No,RTO,4
ORD001541,2026-01-04,Lucknow,UP,South,5.8,0.8,Standard,COD,New,Delhivery,Medium,Clear,45,48.1,3.1,No,Delivered,4
ORD001542,2026-01-22,Hyderabad,TG,West,1.4,0.47,Standard,Prepaid,Returning,Delhivery,High,Clear,46,49.6,3.6,No,Delivered,5
ORD001543,2026-02-27,Pune,MH,North,8.2,2.4,Express,Prepaid,Returning,BlueDart,High,Rain,9,14.1,5.1,No,Delivered,3
ORD001544,2026-03-02,Indore,MP,Central,6.7,0.57,Standard,Prepaid,Returning,XpressBees,High,Clear,34,38.6,4.6,No,Delivered,5
ORD001545,2025-12-18,Hyderabad,TG,South,4.4,2.68,SameDay,Prepaid,Returning,EcomExpress,High,Clear,5,7.4,2.4,No,Delivered,4
ORD001546,2026-02-14,Indore,MP,North,5.1,1.96,Standard,COD,New,Delhivery,Medium,Fog,19,21.8,2.8,No,Delivered,5
ORD001547,2026-01-21,Kochi,KL,North,11.8,1.26,SameDay,Prepaid,New,EcomExpress,Severe,Clear,8,12.9,4.9,No,Delivered,3
ORD001548,2026-02-13,Bhopal,MP,North,1.9,2.18,Standard,COD,Returning,BlueDart,Severe,Clear,20,25.5,5.5,No,Delivered,4
ORD001549,2026-02-22,Lucknow,UP,South,0.8,0.63,Standard,COD,New,Ekart,Medium,Clear,32,36.1,4.1,No,Delivered,4
ORD001550,2026-02-28,Mumbai,MH,West,9.4,0.7,Standard,Prepaid,New,BlueDart,Low,Clear,27,29.8,2.8,No,Delivered,4
ORD001551,2025-12-14,Chennai,TN,Central,5.0,1.92,Standard,Prepaid,VIP,Delhivery,Medium,Clear,26,27.5,1.5,No,Delivered,4
ORD001552,2025-12-17,Chandigarh,CH,West,13.7,0.63,SameDay,Prepaid,Returning,XpressBees,High,Clear,9,14.6,5.6,No,Delivered,4
ORD001553,2026-02-03,Surat,GJ,South,6.9,0.5,Standard,Prepaid,New,Ekart,Severe,Rain,32,37.2,5.2,No,Delivered,4
ORD001554,2025-12-09,Nagpur,MH,South,7.1,0.91,Standard,COD,Returning,AmazonLogistics,High,Rain,28,35.0,7.0,No,Delivered,3
ORD001555,2026-01-29,Lucknow,UP,East,10.6,0.65,SameDay,COD,New,AmazonLogistics,Medium,Clear,5,8.0,3.0,No,Delivered,4
ORD001556,2025-12-15,Bangalore,KA,East,0.8,3.38,Standard,Prepaid,Returning,Ekart,Low,Clear,20,21.4,1.4,No,Delivered,4
ORD001557,2026-02-07,Chandigarh,CH,South,8.9,1.76,Standard,COD,Returning,XpressBees,Medium,Clear,30,30.8,0.8,No,Delivered,5
ORD001558,2026-01-25,Patna,BR,Central,6.0,0.78,Standard,Prepaid,Returning,Ekart,Medium,Clear,48,50.5,2.5,No,Delivered,3
ORD001559,2026-02-27,Noida,UP,South,11.6,0.61,Standard,Prepaid,Returning,Delhivery,Low,Clear,36,40.0,4.0,No,Delivered,4
ORD001560,2026-02-21,Chandigarh,CH,East,4.9,1.35,Express,Prepaid,New,AmazonLogistics,Low,Clear,16,16.6,0.6,No,Delivered,4
ORD001561,2026-01-03,Chennai,TN,Central,8.2,2.25,Standard,COD,VIP,AmazonLogistics,Low,Clear,15,16.2,1.2,No,Delivered,4
ORD001562,2025-12-09,Chennai,TN,West,6.1,1.32,Express,Prepaid,New,Ekart,Medium,Rain,7,10.5,3.5,No,Delivered,4
ORD001563,2026-01-26,Hyderabad,TG,North,9.2,0.62,Standard,Prepaid,VIP,Shadowfax,High,Clear,33,35.7,2.7,No,Delivered,5
ORD001564,2026-01-20,Gurgaon,HR,West,6.5,0.47,Standard,Prepaid,New,AmazonLogistics,Medium,Storm,33,37.9,4.9,No,Delivered,4
ORD001565,2026-01-12,Indore,MP,North,8.5,0.88,Express,Prepaid,New,EcomExpress,Medium,Clear,14,14.9,0.9,No,Reattempted,5
ORD001566,2026-01-31,Lucknow,UP,East,14.5,1.34,Express,Prepaid,New,XpressBees,High,Rain,12,18.9,6.9,No,Delivered,4
ORD001567,2026-02-06,Noida,UP,South,6.4,0.83,Standard,Prepaid,Returning,BlueDart,Severe,Clear,36,41.8,5.8,No,Reattempted,4
ORD001568,2026-01-29,Nagpur,MH,West,9.1,2.02,Standard,COD,Returning,XpressBees,High,Rain,36,41.8,5.8,No,Delivered,4
ORD001569,2026-03-01,Gurgaon,HR,East,16.6,1.52,Standard,COD,Returning,DTDC,High,Heatwave,48,54.8,6.8,No,Delivered,4
ORD001570,2025-12-31,Noida,UP,North,9.1,1.27,Express,Prepaid,Returning,BlueDart,High,Clear,10,13.1,3.1,No,Delivered,5
ORD001571,2026-01-20,Pune,MH,South,0.5,1.5,Standard,COD,Returning,EcomExpress,High,Clear,43,46.8,3.8,No,Delivered,4
ORD001572,2025-12-26,Ahmedabad,GJ,West,4.8,0.48,Standard,COD,Returning,EcomExpress,High,Heatwave,37,42.8,5.8,No,Delivered,4
ORD001573,2026-02-04,Coimbatore,TN,South,2.7,0.82,Standard,COD,New,DTDC,Medium,Heatwave,36,39.7,3.7,No,Delivered,4
ORD001574,2025-12-07,Bhopal,MP,North,11.2,0.59,Express,Prepaid,Returning,DTDC,Medium,Storm,12,19.4,7.4,No,Delivered,4
ORD001575,2026-01-30,Delhi,DL,North,7.1,1.39,Standard,COD,VIP,AmazonLogistics,Medium,Clear,44,46.6,2.6,No,NDR_Pending,3
ORD001576,2025-12-19,Kolkata,WB,South,11.8,0.6,Express,Prepaid,Returning,Delhivery,Medium,Clear,7,10.7,3.7,No,Delivered,4
ORD001577,2025-12-05,Surat,GJ,West,9.9,1.16,Express,Prepaid,Returning,AmazonLogistics,Medium,Clear,17,19.1,2.1,No,Delivered,5
ORD001578,2025-12-06,Patna,BR,West,9.9,1.0,Standard,COD,New,DTDC,Medium,Rain,42,47.5,5.5,No,Delivered,4
ORD001579,2026-02-02,Delhi,DL,North,2.6,1.58,Standard,Prepaid,New,Delhivery,Medium,Clear,26,28.3,2.3,No,Delivered,4
ORD001580,2026-01-18,Nagpur,MH,South,9.5,0.54,Standard,COD,Returning,EcomExpress,Medium,Clear,30,33.0,3.0,No,Delivered,4
ORD001581,2026-01-26,Chennai,TN,South,13.0,1.45,Standard,Prepaid,New,Shadowfax,Medium,Clear,35,38.2,3.2,No,Delivered,4
ORD001582,2026-02-03,Hyderabad,TG,North,1.7,0.58,Express,Prepaid,Returning,BlueDart,Low,Clear,14,13.0,-1.0,Yes,Delivered,5
ORD001583,2025-12-20,Surat,GJ,West,6.2,0.62,Standard,Prepaid,New,Delhivery,Medium,Rain,15,16.6,1.6,No,RTO,3
ORD001584,2026-01-29,Jaipur,RJ,South,8.9,1.01,Standard,COD,New,EcomExpress,Medium,Clear,26,29.1,3.1,No,Delivered,4
ORD001585,2026-01-16,Nagpur,MH,South,7.9,2.26,Standard,Prepaid,New,Delhivery,High,Fog,42,46.8,4.8,No,Delivered,4
ORD001586,2026-02-08,Kolkata,WB,Central,13.2,0.67,Express,COD,Returning,Delhivery,Medium,Clear,16,21.7,5.7,No,Delivered,4
ORD001587,2026-01-19,Bhopal,MP,South,10.4,0.38,Standard,Prepaid,Returning,EcomExpress,Low,Clear,35,35.8,0.8,No,Delivered,5
ORD001588,2025-12-12,Pune,MH,West,9.1,0.63,Express,Prepaid,VIP,AmazonLogistics,Low,Clear,9,10.7,1.7,No,Delivered,5
ORD001589,2025-12-18,Chandigarh,CH,North,10.8,0.88,Standard,Prepaid,Returning,Shadowfax,Medium,Clear,25,26.6,1.6,No,Delivered,5
ORD001590,2026-01-25,Mumbai,MH,North,10.6,3.39,Standard,COD,New,BlueDart,Medium,Clear,30,32.6,2.6,No,Delivered,4
ORD001591,2025-12-06,Coimbatore,TN,North,7.7,1.4,Standard,COD,Returning,DTDC,Medium,Fog,19,22.9,3.9,No,Delivered,4
ORD001592,2025-12-23,Kolkata,WB,West,6.1,0.7,Express,Prepaid,Returning,XpressBees,Medium,Clear,12,12.7,0.7,No,Delivered,4
ORD001593,2026-02-26,Ahmedabad,GJ,East,11.5,1.02,Express,Prepaid,Returning,Delhivery,Severe,Clear,9,14.9,5.9,No,Delivered,4
ORD001594,2026-02-01,Mumbai,MH,North,4.5,2.84,Standard,Prepaid,Returning,EcomExpress,High,Rain,30,34.5,4.5,No,Delivered,5
ORD001595,2026-02-18,Coimbatore,TN,North,7.2,0.96,Standard,COD,Returning,EcomExpress,Low,Clear,40,42.8,2.8,No,Delivered,4
ORD001596,2026-02-16,Bangalore,KA,South,2.9,0.96,Express,Prepaid,New,XpressBees,Medium,Clear,12,15.2,3.2,No,Delivered,4
ORD001597,2026-02-15,Kochi,KL,West,10.4,0.87,Express,Prepaid,New,Shadowfax,High,Clear,8,9.8,1.8,No,Delivered,4
ORD001598,2026-02-01,Coimbatore,TN,West,12.4,1.68,Standard,Prepaid,VIP,BlueDart,Medium,Clear,32,35.5,3.5,No,Delivered,5
ORD001599,2026-01-23,Bhopal,MP,West,3.8,0.81,Express,COD,New,XpressBees,Severe,Clear,11,15.2,4.2,No,Delivered,4
ORD001600,2026-01-09,Coimbatore,TN,East,6.9,1.87,Express,Prepaid,New,Ekart,Medium,Clear,10,11.6,1.6,No,Delivered,4
ORD001601,2026-02-04,Kolkata,WB,South,5.6,2.09,Standard,COD,New,EcomExpress,Low,Clear,24,24.0,0.0,Yes,Delivered,5
ORD001602,2026-01-09,Coimbatore,TN,West,11.8,1.6,Standard,Prepaid,New,Shadowfax,Medium,Clear,23,23.8,0.8,No,Delivered,4
ORD001603,2026-02-01,Bhopal,MP,West,13.2,0.97,Standard,Prepaid,VIP,Shadowfax,Severe,Rain,16,21.1,5.1,No,Delivered,4
ORD001604,2026-01-24,Kolkata,WB,South,5.6,0.48,Standard,Prepaid,New,DTDC,Severe,Rain,36,42.4,6.4,No,RTO,2
ORD001605,2026-01-02,Delhi,DL,East,0.5,0.97,Express,COD,Returning,DTDC,High,Clear,10,13.5,3.5,No,Delivered,4
ORD001606,2026-02-24,Chandigarh,CH,North,12.1,0.74,Standard,COD,Returning,DTDC,Medium,Clear,15,18.1,3.1,No,Delivered,4
ORD001607,2026-02-28,Delhi,DL,West,7.7,0.69,Standard,Prepaid,New,EcomExpress,High,Rain,43,46.2,3.2,No,Delivered,3
ORD001608,2026-02-02,Indore,MP,West,7.7,0.96,Standard,Prepaid,New,Shadowfax,Medium,Clear,29,28.6,-0.4,Yes,Delivered,5
ORD001609,2026-01-08,Hyderabad,TG,East,11.4,1.47,Express,Prepaid,New,AmazonLogistics,Medium,Fog,15,19.0,4.0,No,Delivered,4
ORD001610,2025-12-13,Delhi,DL,South,6.0,0.76,Standard,Prepaid,New,BlueDart,High,Clear,35,38.7,3.7,No,Reattempted,4
ORD001611,2026-02-09,Patna,BR,South,5.0,0.48,Standard,COD,New,Ekart,Severe,Clear,44,49.7,5.7,No,Delivered,3
ORD001612,2026-02-14,Delhi,DL,East,6.1,0.62,Standard,Prepaid,Returning,BlueDart,Medium,Clear,21,24.6,3.6,No,Delivered,4
ORD001613,2026-01-28,Kochi,KL,East,9.5,3.05,Express,COD,New,Shadowfax,Medium,Rain,11,15.5,4.5,No,Delivered,5
ORD001614,2025-12-09,Kochi,KL,South,11.0,1.54,Standard,Prepaid,Returning,Shadowfax,Medium,Clear,20,22.8,2.8,No,Delivered,4
ORD001615,2026-02-21,Pune,MH,West,14.0,0.62,Standard,COD,VIP,BlueDart,Medium,Clear,37,39.9,2.9,No,Delivered,4
ORD001616,2026-01-07,Bangalore,KA,North,9.1,2.4,Express,COD,New,AmazonLogistics,Low,Clear,12,12.4,0.4,No,Delivered,3
ORD001617,2025-12-11,Patna,BR,West,6.9,0.96,Standard,Prepaid,New,Delhivery,High,Rain,25,30.0,5.0,No,Delivered,4
ORD001618,2026-01-08,Surat,GJ,East,11.0,4.34,Express,Prepaid,New,XpressBees,Low,Clear,15,17.9,2.9,No,Delivered,4
ORD001619,2026-01-20,Delhi,DL,South,3.6,1.29,Standard,COD,New,XpressBees,High,Rain,37,43.6,6.6,No,Delivered,4
ORD001620,2026-01-30,Noida,UP,South,13.2,1.55,Express,COD,Returning,AmazonLogistics,Medium,Clear,17,20.1,3.1,No,Delivered,4
ORD001621,2026-03-03,Chennai,TN,Central,8.3,1.83,Standard,Prepaid,Returning,XpressBees,Medium,Clear,48,52.2,4.2,No,Delivered,5
ORD001622,2026-02-19,Mumbai,MH,East,6.6,2.7,Standard,COD,New,Ekart,Medium,Clear,20,23.1,3.1,No,Delivered,4
ORD001623,2025-12-24,Gurgaon,HR,East,3.6,0.85,Standard,COD,New,AmazonLogistics,Medium,Storm,13,18.3,5.3,No,Delivered,4
ORD001624,2025-12-30,Mumbai,MH,South,10.0,2.56,SameDay,Prepaid,New,BlueDart,Medium,Clear,7,10.7,3.7,No,Delivered,4
ORD001625,2026-03-04,Indore,MP,Central,6.4,0.76,Express,Prepaid,Returning,AmazonLogistics,High,Clear,10,11.7,1.7,No,Delivered,5
ORD001626,2026-01-31,Noida,UP,North,7.1,0.89,Standard,Prepaid,Returning,Ekart,Severe,Fog,45,54.0,9.0,No,Delivered,4
ORD001627,2026-02-18,Indore,MP,South,0.8,1.11,Standard,Prepaid,Returning,EcomExpress,Medium,Clear,42,42.1,0.1,No,Delivered,3
ORD001628,2026-01-26,Indore,MP,South,5.8,1.92,Standard,COD,Returning,XpressBees,High,Clear,47,50.7,3.7,No,Delivered,4
ORD001629,2026-01-03,Ahmedabad,GJ,East,5.2,0.91,Standard,COD,Returning,EcomExpress,Severe,Clear,42,45.2,3.2,No,Delivered,5
ORD001630,2026-01-29,Delhi,DL,East,9.2,2.98,Standard,Prepaid,Returning,XpressBees,Medium,Rain,14,18.6,4.6,No,Delivered,4
ORD001631,2026-02-16,Indore,MP,West,6.4,2.45,Express,Prepaid,New,Delhivery,High,Clear,9,13.9,4.9,No,Delivered,4
ORD001632,2025-12-06,Chandigarh,CH,West,0.5,1.13,Standard,Prepaid,Returning,DTDC,Severe,Fog,47,52.5,5.5,No,Delivered,4
ORD001633,2025-12-14,Pune,MH,South,5.8,0.62,Express,Prepaid,Returning,BlueDart,High,Rain,19,23.2,4.2,No,Delivered,2
ORD001634,2026-01-20,Chandigarh,CH,South,1.7,2.02,Standard,COD,Returning,XpressBees,Medium,Clear,42,43.8,1.8,No,Delivered,5
ORD001635,2026-03-04,Jaipur,RJ,South,3.3,0.31,Express,Prepaid,Returning,Delhivery,High,Clear,15,17.7,2.7,No,Delivered,4
ORD001636,2026-02-28,Surat,GJ,North,11.5,1.72,Standard,Prepaid,Returning,DTDC,Medium,Rain,23,26.4,3.4,No,Delivered,4
ORD001637,2026-01-08,Bangalore,KA,South,0.7,0.67,Standard,Prepaid,Returning,Shadowfax,High,Fog,40,44.7,4.7,No,Delivered,4
ORD001638,2025-12-27,Nagpur,MH,East,8.7,2.35,Express,COD,New,XpressBees,Severe,Fog,11,21.1,10.1,No,Delivered,4
ORD001639,2026-01-07,Bangalore,KA,West,5.5,0.48,Standard,Prepaid,Returning,EcomExpress,Medium,Clear,33,34.3,1.3,No,Delivered,5
ORD001640,2026-02-14,Chennai,TN,East,4.7,0.74,Express,Prepaid,New,Delhivery,High,Rain,16,21.2,5.2,No,Delivered,3
ORD001641,2026-02-06,Coimbatore,TN,South,3.6,1.44,Express,COD,New,BlueDart,Medium,Rain,10,13.7,3.7,No,Delivered,4
ORD001642,2026-02-08,Pune,MH,South,8.8,1.59,SameDay,COD,New,Ekart,Low,Heatwave,7,9.4,2.4,No,Delivered,4
ORD001643,2026-02-02,Jaipur,RJ,North,9.2,0.76,Express,Prepaid,Returning,EcomExpress,High,Clear,18,22.1,4.1,No,NDR_Pending,3
ORD001644,2026-03-04,Indore,MP,South,0.6,0.91,Standard,Prepaid,Returning,DTDC,High,Rain,34,38.2,4.2,No,Delivered,3
ORD001645,2026-02-23,Delhi,DL,South,12.1,1.96,Standard,Prepaid,Returning,Delhivery,Medium,Rain,24,28.9,4.9,No,Delivered,4
ORD001646,2026-01-02,Chennai,TN,North,2.8,2.02,Express,Prepaid,Returning,DTDC,High,Fog,15,20.3,5.3,No,Delivered,4
ORD001647,2026-02-14,Kolkata,WB,North,9.1,0.89,Standard,Prepaid,Returning,EcomExpress,Medium,Rain,14,16.5,2.5,No,Delivered,3
ORD001648,2026-02-20,Kochi,KL,West,2.8,0.77,Standard,Prepaid,Returning,Shadowfax,Severe,Fog,48,52.4,4.4,No,Delivered,5
ORD001649,2026-02-26,Noida,UP,South,5.7,0.49,Standard,Prepaid,New,BlueDart,High,Clear,17,17.1,0.1,No,Delivered,5
ORD001650,2025-12-30,Bhopal,MP,South,2.4,1.29,Express,Prepaid,Returning,Delhivery,High,Clear,8,10.3,2.3,No,Delivered,5
ORD001651,2026-01-07,Bangalore,KA,North,5.4,1.8,Standard,COD,New,BlueDart,Medium,Clear,33,35.9,2.9,No,Delivered,4
ORD001652,2026-01-15,Mumbai,MH,South,6.7,1.21,Standard,COD,New,BlueDart,Medium,Rain,44,47.0,3.0,No,Delivered,3
ORD001653,2026-01-20,Pune,MH,South,2.9,0.63,SameDay,Prepaid,VIP,Shadowfax,Severe,Clear,5,9.1,4.1,No,Reattempted,4
ORD001654,2026-01-17,Indore,MP,South,8.8,3.23,Express,Prepaid,New,Ekart,Low,Rain,13,15.5,2.5,No,Delivered,5
ORD001655,2026-02-26,Bangalore,KA,West,9.3,0.31,Standard,Prepaid,VIP,Shadowfax,Medium,Storm,32,36.7,4.7,No,Delivered,4
ORD001656,2026-02-06,Hyderabad,TG,North,18.3,1.87,Standard,Prepaid,Returning,Ekart,High,Heatwave,39,47.3,8.3,No,Delivered,4
ORD001657,2026-01-11,Bhopal,MP,East,11.2,1.26,Express,Prepaid,Returning,Shadowfax,High,Rain,9,13.6,4.6,No,Delivered,4
ORD001658,2025-12-27,Chandigarh,CH,North,12.2,1.46,Standard,COD,Returning,Delhivery,High,Rain,46,50.8,4.8,No,Delivered,4
ORD001659,2025-12-14,Bhopal,MP,South,0.5,0.69,Standard,COD,Returning,EcomExpress,High,Clear,19,21.2,2.2,No,Delivered,4
ORD001660,2026-01-04,Chennai,TN,North,0.5,1.01,Express,COD,Returning,BlueDart,Severe,Clear,8,12.4,4.4,No,RTO,3
ORD001661,2026-02-26,Nagpur,MH,South,6.3,1.32,Standard,Prepaid,Returning,EcomExpress,Medium,Clear,43,44.3,1.3,No,Delivered,4
ORD001662,2026-03-03,Nagpur,MH,South,14.6,1.05,Standard,COD,Returning,AmazonLogistics,High,Rain,37,43.4,6.4,No,Delivered,4
ORD001663,2026-02-18,Bangalore,KA,East,17.4,0.38,Standard,COD,Returning,DTDC,High,Clear,48,52.7,4.7,No,Delivered,4
ORD001664,2026-02-02,Indore,MP,South,4.7,3.09,Standard,Prepaid,Returning,XpressBees,High,Clear,20,22.6,2.6,No,Delivered,4
ORD001665,2025-12-09,Surat,GJ,West,5.2,1.63,Standard,Prepaid,VIP,Shadowfax,Low,Rain,15,16.8,1.8,No,Delivered,4
ORD001666,2026-01-24,Ahmedabad,GJ,North,9.7,1.13,Standard,Prepaid,Returning,BlueDart,Medium,Clear,37,38.7,1.7,No,Delivered,4
ORD001667,2025-12-09,Patna,BR,North,6.7,1.17,SameDay,Prepaid,Returning,XpressBees,Medium,Fog,6,11.2,5.2,No,Delivered,3
ORD001668,2025-12-10,Kochi,KL,South,6.8,3.04,Express,COD,New,Delhivery,High,Clear,18,22.9,4.9,No,Delivered,4
ORD001669,2026-01-01,Surat,GJ,South,10.0,0.71,Standard,Prepaid,New,Delhivery,Medium,Fog,14,20.2,6.2,No,Delivered,3
ORD001670,2026-03-05,Coimbatore,TN,South,18.4,0.62,Standard,COD,Returning,EcomExpress,High,Clear,46,49.9,3.9,No,Delivered,3
ORD001671,2026-01-19,Patna,BR,Central,12.7,1.84,Standard,Prepaid,Returning,Delhivery,High,Rain,23,27.6,4.6,No,Delivered,5
ORD001672,2026-02-12,Indore,MP,West,15.0,1.46,Standard,Prepaid,Returning,DTDC,Medium,Rain,30,34.0,4.0,No,Delivered,4
ORD001673,2026-02-15,Chennai,TN,Central,0.5,0.6,Standard,Prepaid,New,Delhivery,High,Clear,13,15.6,2.6,No,Delivered,3
ORD001674,2026-03-03,Patna,BR,South,11.8,2.12,Standard,Prepaid,New,Delhivery,Medium,Clear,40,41.3,1.3,No,Delivered,5
ORD001675,2026-02-26,Coimbatore,TN,East,3.7,1.32,Standard,COD,Returning,Ekart,Medium,Heatwave,41,43.2,2.2,No,Delivered,4
ORD001676,2026-01-04,Noida,UP,West,14.2,0.64,Standard,Prepaid,Returning,Ekart,Medium,Clear,19,22.7,3.7,No,Delivered,4
ORD001677,2026-02-24,Delhi,DL,West,12.9,1.48,Standard,Prepaid,Returning,Shadowfax,Medium,Rain,15,20.7,5.7,No,NDR_Pending,3
ORD001678,2025-12-16,Jaipur,RJ,Central,9.9,1.36,Express,Prepaid,New,Shadowfax,High,Clear,12,16.5,4.5,No,Delivered,4
ORD001679,2026-01-25,Gurgaon,HR,West,4.5,1.05,SameDay,COD,VIP,AmazonLogistics,Medium,Rain,5,8.7,3.7,No,Delivered,4
ORD001680,2026-02-10,Surat,GJ,East,5.6,1.39,Express,Prepaid,VIP,Delhivery,Low,Clear,8,8.2,0.2,No,NDR_Pending,3
ORD001681,2026-02-12,Gurgaon,HR,West,5.9,1.61,SameDay,Prepaid,Returning,BlueDart,Medium,Clear,6,7.4,1.4,No,Delivered,4
ORD001682,2026-02-10,Mumbai,MH,North,10.5,1.91,Standard,COD,New,Delhivery,High,Clear,40,45.8,5.8,No,Delivered,3
ORD001683,2026-02-19,Mumbai,MH,West,9.1,1.18,Standard,Prepaid,VIP,BlueDart,Medium,Clear,43,45.5,2.5,No,Delivered,4
ORD001684,2026-02-22,Patna,BR,South,13.2,0.94,Express,Prepaid,Returning,Ekart,Medium,Clear,7,10.9,3.9,No,Delivered,4
ORD001685,2026-02-02,Ahmedabad,GJ,East,13.9,1.28,Standard,Prepaid,Returning,AmazonLogistics,Severe,Fog,18,26.5,8.5,No,Delivered,3
ORD001686,2025-12-05,Surat,GJ,East,4.1,2.26,Standard,Prepaid,Returning,Ekart,Low,Rain,34,36.3,2.3,No,Delivered,4
ORD001687,2025-12-15,Jaipur,RJ,North,9.4,1.61,SameDay,Prepaid,Returning,AmazonLogistics,Medium,Storm,8,13.8,5.8,No,Delivered,3
ORD001688,2026-01-27,Jaipur,RJ,North,9.4,0.91,Express,Prepaid,New,XpressBees,Medium,Rain,14,17.8,3.8,No,Delivered,4
ORD001689,2026-02-07,Gurgaon,HR,North,7.1,1.14,SameDay,Prepaid,Returning,AmazonLogistics,High,Rain,8,13.2,5.2,No,Delivered,4
ORD001690,2025-12-17,Pune,MH,South,11.3,3.0,Standard,Prepaid,Returning,XpressBees,High,Clear,46,51.6,5.6,No,Delivered,4
ORD001691,2025-12-13,Patna,BR,North,9.5,1.73,Express,Prepaid,Returning,Shadowfax,Low,Heatwave,14,18.1,4.1,No,Delivered,5
ORD001692,2026-01-17,Chandigarh,CH,West,5.2,1.21,Standard,Prepaid,Returning,EcomExpress,High,Clear,25,29.0,4.0,No,Delivered,4
ORD001693,2026-02-26,Kochi,KL,West,6.9,2.19,Standard,Prepaid,Returning,Shadowfax,High,Clear,20,23.7,3.7,No,Delivered,4
ORD001694,2026-03-05,Ahmedabad,GJ,East,6.1,0.8,Express,COD,Returning,EcomExpress,Severe,Fog,17,26.4,9.4,No,Delivered,3
ORD001695,2025-12-22,Bangalore,KA,North,4.6,1.35,Standard,COD,New,Shadowfax,Severe,Heatwave,26,30.9,4.9,No,Delivered,4
ORD001696,2026-02-10,Kochi,KL,South,7.2,3.41,Express,COD,VIP,Delhivery,High,Clear,12,17.7,5.7,No,Delivered,4
ORD001697,2026-02-12,Lucknow,UP,North,2.3,1.64,Express,Prepaid,New,XpressBees,Medium,Clear,11,12.7,1.7,No,Delivered,4
ORD001698,2025-12-29,Delhi,DL,East,9.4,2.92,Express,Prepaid,New,EcomExpress,Medium,Rain,16,20.3,4.3,No,Delivered,5
ORD001699,2026-02-18,Ahmedabad,GJ,North,13.1,1.05,Standard,Prepaid,Returning,EcomExpress,Severe,Rain,39,46.1,7.1,No,Delivered,4
ORD001700,2026-01-30,Noida,UP,North,7.7,0.83,Standard,COD,New,Shadowfax,High,Clear,31,33.6,2.6,No,Delivered,4
ORD001701,2026-02-27,Chennai,TN,North,11.3,2.22,Express,Prepaid,New,Delhivery,Medium,Rain,14,20.1,6.1,No,Delivered,4
ORD001702,2026-01-17,Bangalore,KA,East,8.1,0.37,Standard,COD,Returning,Ekart,Severe,Clear,32,38.2,6.2,No,Delivered,4
ORD001703,2025-12-26,Kochi,KL,North,3.4,1.23,Standard,Prepaid,New,Shadowfax,High,Clear,32,34.4,2.4,No,Delivered,3
ORD001704,2026-01-15,Bangalore,KA,West,15.5,2.05,Standard,Prepaid,Returning,BlueDart,High,Rain,16,22.2,6.2,No,Delivered,3
ORD001705,2026-01-06,Gurgaon,HR,West,0.5,1.55,Standard,COD,New,Delhivery,Severe,Clear,37,41.4,4.4,No,Delivered,4
ORD001706,2025-12-10,Chandigarh,CH,West,7.5,0.31,SameDay,Prepaid,Returning,AmazonLogistics,Low,Rain,7,7.3,0.3,No,Delivered,4
ORD001707,2025-12-13,Noida,UP,North,4.4,0.49,Standard,COD,Returning,XpressBees,High,Clear,33,36.6,3.6,No,Delivered,3
ORD001708,2026-02-01,Gurgaon,HR,North,13.8,1.03,Express,Prepaid,Returning,BlueDart,Severe,Rain,16,21.4,5.4,No,Delivered,4
ORD001709,2026-01-29,Hyderabad,TG,South,8.4,1.47,Standard,Prepaid,Returning,EcomExpress,Low,Clear,36,37.7,1.7,No,Delivered,4
ORD001710,2026-01-29,Hyderabad,TG,North,17.7,1.5,Standard,Prepaid,Returning,AmazonLogistics,Medium,Heatwave,33,38.3,5.3,No,Delivered,4
ORD001711,2025-12-25,Kolkata,WB,West,7.6,1.1,Standard,Prepaid,New,Ekart,High,Rain,21,25.5,4.5,No,Delivered,5
ORD001712,2025-12-13,Lucknow,UP,South,4.5,1.71,Express,COD,New,BlueDart,Medium,Clear,8,10.7,2.7,No,Delivered,4
ORD001713,2026-02-21,Chandigarh,CH,South,0.7,1.44,Standard,Prepaid,Returning,Delhivery,Low,Storm,44,47.1,3.1,No,Delivered,4
ORD001714,2025-12-16,Coimbatore,TN,North,11.9,1.02,Standard,Prepaid,Returning,Delhivery,Medium,Clear,35,37.6,2.6,No,Delivered,4
ORD001715,2026-02-25,Nagpur,MH,West,4.2,1.53,Standard,Prepaid,Returning,Delhivery,Medium,Clear,43,43.6,0.6,No,Delivered,4
ORD001716,2026-01-15,Chandigarh,CH,North,5.8,0.75,Standard,COD,New,AmazonLogistics,Medium,Heatwave,25,28.3,3.3,No,Delivered,4
ORD001717,2026-01-19,Nagpur,MH,West,12.4,1.62,Standard,COD,Returning,Ekart,High,Heatwave,48,55.1,7.1,No,Delivered,2
ORD001718,2026-01-22,Ahmedabad,GJ,North,11.7,0.66,Standard,Prepaid,New,Ekart,High,Rain,35,41.0,6.0,No,Delivered,4
ORD001719,2026-02-09,Jaipur,RJ,Central,5.1,1.48,Standard,COD,VIP,AmazonLogistics,High,Storm,45,52.2,7.2,No,Delivered,4
ORD001720,2025-12-22,Surat,GJ,West,5.7,1.46,Express,COD,New,Delhivery,Low,Clear,10,12.3,2.3,No,Delivered,4
ORD001721,2025-12-16,Pune,MH,North,0.5,0.92,Standard,Prepaid,VIP,Ekart,Medium,Clear,45,45.9,0.9,No,Delivered,4
ORD001722,2026-02-18,Coimbatore,TN,North,0.5,1.62,Express,COD,Returning,EcomExpress,Medium,Clear,6,9.4,3.4,No,Delivered,4
ORD001723,2025-12-13,Kochi,KL,South,10.6,2.79,Express,Prepaid,Returning,EcomExpress,High,Clear,14,17.3,3.3,No,Delivered,5
ORD001724,2026-02-07,Coimbatore,TN,North,11.0,0.6,Express,COD,New,DTDC,Severe,Rain,18,24.3,6.3,No,Delivered,4
ORD001725,2025-12-10,Surat,GJ,North,8.9,1.96,Express,Prepaid,VIP,Delhivery,Medium,Clear,15,16.1,1.1,No,Delivered,5
ORD001726,2025-12-25,Patna,BR,East,8.2,2.12,Standard,COD,New,AmazonLogistics,Severe,Clear,44,49.8,5.8,No,Delivered,4
ORD001727,2026-02-02,Gurgaon,HR,West,4.7,0.98,Standard,Prepaid,Returning,Ekart,Low,Clear,41,41.5,0.5,No,Delivered,4
ORD001728,2026-02-16,Indore,MP,North,13.4,1.79,Standard,Prepaid,New,AmazonLogistics,Medium,Clear,33,35.2,2.2,No,Delivered,4
ORD001729,2025-12-13,Jaipur,RJ,West,0.5,0.95,Standard,COD,Returning,AmazonLogistics,High,Rain,47,51.0,4.0,No,Delivered,3
ORD001730,2026-01-27,Delhi,DL,North,5.6,2.35,Express,COD,Returning,BlueDart,Medium,Clear,12,14.1,2.1,No,Delivered,4
ORD001731,2025-12-06,Patna,BR,Central,8.1,0.21,Standard,Prepaid,Returning,Delhivery,Severe,Rain,43,51.2,8.2,No,Delivered,3
ORD001732,2026-01-02,Gurgaon,HR,North,7.5,2.63,Standard,Prepaid,Returning,AmazonLogistics,Medium,Rain,24,29.0,5.0,No,Delivered,5
ORD001733,2026-02-20,Kochi,KL,West,7.5,0.57,Standard,Prepaid,Returning,XpressBees,High,Clear,23,25.5,2.5,No,Delivered,4
ORD001734,2026-02-18,Chandigarh,CH,East,5.4,1.17,Express,Prepaid,Returning,Ekart,Medium,Heatwave,14,17.7,3.7,No,Delivered,4
ORD001735,2026-01-20,Chandigarh,CH,North,9.7,0.68,Standard,Prepaid,New,Delhivery,Medium,Heatwave,42,45.3,3.3,No,Delivered,3
ORD001736,2026-01-20,Patna,BR,North,2.6,2.71,Standard,Prepaid,Returning,EcomExpress,Medium,Clear,45,45.1,0.1,No,Delivered,4
ORD001737,2025-12-23,Surat,GJ,South,6.9,0.96,Standard,Prepaid,Returning,BlueDart,Severe,Rain,30,36.9,6.9,No,Delivered,3
ORD001738,2026-01-13,Pune,MH,East,9.2,0.8,SameDay,COD,New,DTDC,High,Clear,8,14.8,6.8,No,Delivered,4
ORD001739,2025-12-14,Mumbai,MH,South,6.2,2.16,Express,Prepaid,Returning,AmazonLogistics,High,Clear,15,16.7,1.7,No,Delivered,4
ORD001740,2025-12-06,Hyderabad,TG,West,7.5,1.71,Standard,Prepaid,New,Ekart,Low,Rain,44,46.8,2.8,No,Delivered,3
ORD001741,2025-12-25,Jaipur,RJ,East,8.4,0.9,Express,Prepaid,VIP,EcomExpress,Low,Rain,11,12.3,1.3,No,Delivered,4
ORD001742,2026-02-17,Coimbatore,TN,East,0.5,0.61,Standard,COD,Returning,Shadowfax,Low,Fog,29,31.9,2.9,No,Delivered,4
ORD001743,2026-01-11,Lucknow,UP,South,0.8,0.56,Standard,Prepaid,Returning,Delhivery,High,Rain,38,42.6,4.6,No,Delivered,4
ORD001744,2025-12-30,Mumbai,MH,South,8.0,2.38,Standard,Prepaid,Returning,EcomExpress,Medium,Rain,28,34.4,6.4,No,Delivered,4
ORD001745,2025-12-14,Hyderabad,TG,West,5.1,1.42,Standard,COD,Returning,BlueDart,Medium,Clear,48,48.7,0.7,No,Delivered,4
ORD001746,2025-12-31,Noida,UP,North,5.3,1.23,Express,Prepaid,New,XpressBees,High,Clear,18,22.5,4.5,No,Delivered,4
ORD001747,2026-01-14,Noida,UP,East,9.8,1.48,Standard,COD,New,Shadowfax,High,Clear,14,18.6,4.6,No,Delivered,4
ORD001748,2026-02-19,Ahmedabad,GJ,North,3.5,0.34,Express,Prepaid,Returning,BlueDart,Medium,Clear,8,11.7,3.7,No,Delivered,4
ORD001749,2025-12-18,Bhopal,MP,North,0.5,0.91,Standard,COD,New,XpressBees,Low,Rain,31,34.2,3.2,No,NDR_Pending,3
ORD001750,2025-12-12,Coimbatore,TN,East,14.1,0.92,Standard,Prepaid,New,AmazonLogistics,Medium,Clear,38,40.1,2.1,No,NDR_Pending,4
ORD001751,2025-12-10,Gurgaon,HR,South,12.3,1.99,Standard,Prepaid,Returning,EcomExpress,High,Clear,33,38.2,5.2,No,Delivered,4
ORD001752,2026-03-01,Chandigarh,CH,North,12.3,0.46,Express,Prepaid,New,BlueDart,Medium,Clear,10,12.7,2.7,No,Delivered,4
ORD001753,2026-03-02,Nagpur,MH,North,3.0,2.08,Standard,Prepaid,New,DTDC,High,Clear,34,38.3,4.3,No,Delivered,4
ORD001754,2026-01-04,Ahmedabad,GJ,South,7.2,3.24,Standard,COD,New,AmazonLogistics,Low,Clear,18,19.8,1.8,No,Delivered,4
ORD001755,2026-01-04,Nagpur,MH,East,2.4,0.39,Standard,Prepaid,New,AmazonLogistics,Severe,Clear,26,27.9,1.9,No,Delivered,3
ORD001756,2026-01-04,Kolkata,WB,North,7.3,1.12,Standard,Prepaid,Returning,EcomExpress,Severe,Clear,26,31.7,5.7,No,Delivered,4
ORD001757,2025-12-14,Kolkata,WB,North,6.1,1.49,Standard,Prepaid,New,Shadowfax,Low,Clear,26,27.6,1.6,No,Delivered,4
ORD001758,2026-02-06,Nagpur,MH,South,3.2,1.87,Express,COD,New,Ekart,Medium,Clear,16,17.3,1.3,No,Delivered,4
ORD001759,2026-03-04,Indore,MP,Central,9.5,0.3,Standard,COD,Returning,BlueDart,Medium,Heatwave,47,50.5,3.5,No,Delivered,4
ORD001760,2026-01-06,Indore,MP,North,6.5,1.35,Standard,Prepaid,Returning,BlueDart,High,Clear,18,18.6,0.6,No,Delivered,5
ORD001761,2025-12-26,Ahmedabad,GJ,Central,14.4,0.97,Express,Prepaid,Returning,Ekart,Medium,Clear,11,14.3,3.3,No,Delivered,3
ORD001762,2025-12-29,Jaipur,RJ,East,7.8,0.93,Express,COD,VIP,Delhivery,High,Clear,11,15.9,4.9,No,Delivered,4
ORD001763,2025-12-27,Mumbai,MH,South,0.5,3.82,Express,COD,Returning,DTDC,Medium,Rain,12,17.0,5.0,No,Delivered,4
ORD001764,2025-12-19,Nagpur,MH,East,0.5,0.97,Standard,Prepaid,Returning,AmazonLogistics,Low,Clear,19,19.5,0.5,No,Delivered,4
ORD001765,2026-02-10,Indore,MP,West,15.9,1.45,SameDay,Prepaid,New,Delhivery,High,Clear,7,10.4,3.4,No,Delivered,4
ORD001766,2026-01-04,Gurgaon,HR,South,6.1,1.03,Standard,COD,Returning,DTDC,High,Heatwave,16,19.2,3.2,No,Delivered,4
ORD001767,2026-01-21,Surat,GJ,South,8.5,1.28,Standard,Prepaid,Returning,Shadowfax,High,Heatwave,16,21.4,5.4,No,Delivered,4
ORD001768,2026-03-03,Lucknow,UP,East,7.5,1.54,Standard,COD,Returning,AmazonLogistics,High,Clear,21,24.8,3.8,No,Delivered,4
ORD001769,2026-01-10,Pune,MH,East,13.2,1.89,Standard,COD,New,Ekart,High,Clear,21,26.4,5.4,No,Delivered,3
ORD001770,2025-12-16,Bangalore,KA,West,0.5,0.69,Standard,COD,VIP,AmazonLogistics,Medium,Clear,34,37.1,3.1,No,Delivered,4
ORD001771,2025-12-22,Kolkata,WB,Central,12.8,1.21,SameDay,COD,Returning,Delhivery,Severe,Clear,9,13.4,4.4,No,Delivered,5
ORD001772,2026-02-28,Ahmedabad,GJ,South,12.5,1.24,Standard,COD,Returning,AmazonLogistics,High,Clear,43,49.1,6.1,No,Delivered,4
ORD001773,2026-02-07,Ahmedabad,GJ,East,7.5,0.41,Standard,Prepaid,VIP,Ekart,Severe,Rain,21,27.2,6.2,No,RTO,2
ORD001774,2026-01-26,Ahmedabad,GJ,East,9.2,0.62,Standard,COD,Returning,XpressBees,Severe,Clear,31,38.0,7.0,No,Delivered,4
ORD001775,2025-12-14,Patna,BR,North,6.0,1.89,Standard,Prepaid,New,XpressBees,Medium,Clear,19,21.0,2.0,No,Delivered,4
ORD001776,2026-02-04,Delhi,DL,North,0.8,0.84,Express,Prepaid,Returning,Delhivery,High,Clear,8,10.2,2.2,No,Delivered,4
ORD001777,2025-12-15,Kolkata,WB,South,9.8,5.3,SameDay,Prepaid,Returning,AmazonLogistics,High,Clear,6,7.2,1.2,No,Delivered,4
ORD001778,2026-02-15,Bangalore,KA,East,8.5,1.97,Express,Prepaid,Returning,Delhivery,Low,Clear,13,13.6,0.6,No,Delivered,5
ORD001779,2026-01-05,Kolkata,WB,South,8.6,1.45,SameDay,Prepaid,Returning,EcomExpress,High,Clear,7,11.2,4.2,No,Delivered,4
ORD001780,2025-12-09,Kochi,KL,West,9.4,2.74,Standard,Prepaid,Returning,Ekart,Medium,Clear,36,38.8,2.8,No,Delivered,3
ORD001781,2026-02-21,Mumbai,MH,North,5.1,1.76,Standard,Prepaid,VIP,Ekart,Medium,Clear,13,15.9,2.9,No,Reattempted,3
ORD001782,2026-03-03,Kolkata,WB,South,13.5,1.23,Standard,Prepaid,New,Ekart,Medium,Clear,48,50.0,2.0,No,Delivered,4
ORD001783,2026-02-07,Mumbai,MH,West,7.5,0.47,Express,Prepaid,New,Shadowfax,High,Rain,8,14.0,6.0,No,Delivered,4
ORD001784,2026-02-12,Noida,UP,North,9.7,1.65,Standard,Prepaid,Returning,Delhivery,High,Clear,35,38.8,3.8,No,Delivered,4
ORD001785,2026-01-14,Coimbatore,TN,East,6.4,2.55,Standard,Prepaid,Returning,Shadowfax,Medium,Clear,37,39.6,2.6,No,Delivered,4
ORD001786,2026-02-15,Hyderabad,TG,North,11.7,0.77,Standard,COD,VIP,Delhivery,Low,Fog,32,37.2,5.2,No,Delivered,4
ORD001787,2025-12-22,Bangalore,KA,East,7.9,0.37,Standard,COD,Returning,AmazonLogistics,Medium,Rain,47,50.2,3.2,No,Delivered,4
ORD001788,2026-01-12,Pune,MH,North,7.2,0.58,Express,Prepaid,Returning,XpressBees,Low,Clear,18,19.7,1.7,No,Delivered,3
ORD001789,2026-02-25,Lucknow,UP,Central,12.3,3.18,Express,Prepaid,Returning,BlueDart,Medium,Clear,7,9.7,2.7,No,Delivered,4
ORD001790,2026-01-28,Patna,BR,West,0.6,1.16,Standard,Prepaid,Returning,Delhivery,Medium,Clear,34,36.1,2.1,No,Delivered,4
ORD001791,2026-01-29,Indore,MP,North,6.4,2.65,Standard,Prepaid,New,BlueDart,Severe,Clear,27,33.2,6.2,No,Delivered,3
ORD001792,2026-01-25,Chandigarh,CH,North,5.0,1.12,Standard,Prepaid,New,AmazonLogistics,Medium,Fog,28,30.5,2.5,No,Delivered,5
ORD001793,2025-12-19,Kolkata,WB,North,9.0,0.82,Standard,COD,Returning,DTDC,High,Clear,14,17.1,3.1,No,Delivered,3
ORD001794,2025-12-13,Chennai,TN,West,8.8,3.98,Standard,Prepaid,New,Delhivery,High,Clear,40,45.1,5.1,No,Delivered,4
ORD001795,2025-12-09,Lucknow,UP,East,7.5,0.88,Standard,COD,VIP,Delhivery,Medium,Clear,17,18.1,1.1,No,Delivered,5
ORD001796,2025-12-22,Hyderabad,TG,South,4.6,0.95,Standard,Prepaid,New,BlueDart,Severe,Clear,22,27.4,5.4,No,Delivered,3
ORD001797,2025-12-19,Noida,UP,South,7.4,1.46,Express,COD,Returning,Delhivery,Low,Clear,7,7.7,0.7,No,Delivered,4
ORD001798,2026-02-12,Bangalore,KA,West,8.8,0.93,Express,Prepaid,VIP,Ekart,Medium,Clear,13,14.5,1.5,No,Delivered,4
ORD001799,2026-01-30,Lucknow,UP,South,6.8,1.76,Standard,COD,New,XpressBees,Low,Clear,14,15.9,1.9,No,Delivered,4
ORD001800,2026-01-18,Surat,GJ,West,11.9,1.44,Express,COD,New,Delhivery,Medium,Heatwave,18,20.2,2.2,No,Delivered,4
ORD001801,2026-01-08,Pune,MH,South,9.9,1.48,Express,Prepaid,New,AmazonLogistics,Severe,Rain,17,22.3,5.3,No,Delivered,4
ORD001802,2025-12-21,Lucknow,UP,West,7.6,0.76,Standard,Prepaid,VIP,BlueDart,High,Heatwave,36,37.7,1.7,No,Reattempted,4
ORD001803,2026-02-03,Lucknow,UP,Central,0.5,0.41,Standard,Prepaid,VIP,EcomExpress,High,Fog,41,46.7,5.7,No,Delivered,4
ORD001804,2026-02-21,Chennai,TN,South,6.6,0.67,Standard,Prepaid,Returning,XpressBees,Medium,Heatwave,19,21.9,2.9,No,Delivered,4
ORD001805,2026-01-26,Delhi,DL,North,10.0,0.71,Standard,Prepaid,Returning,Delhivery,Severe,Storm,29,37.9,8.9,No,Delivered,4
ORD001806,2025-12-20,Mumbai,MH,North,6.4,1.32,Standard,COD,Returning,Shadowfax,Medium,Clear,31,33.3,2.3,No,Delivered,5
ORD001807,2026-01-16,Mumbai,MH,West,8.7,0.68,Standard,Prepaid,New,AmazonLogistics,Medium,Clear,32,33.5,1.5,No,Delivered,5
ORD001808,2026-02-27,Lucknow,UP,South,6.6,0.46,Express,Prepaid,New,Ekart,Severe,Clear,10,14.4,4.4,No,Delivered,4
ORD001809,2026-02-10,Pune,MH,Central,8.4,0.56,Express,Prepaid,Returning,BlueDart,Medium,Rain,17,21.6,4.6,No,Delivered,4
ORD001810,2026-02-11,Noida,UP,West,13.1,1.39,Standard,Prepaid,New,XpressBees,Medium,Rain,27,29.6,2.6,No,Delivered,5
ORD001811,2025-12-27,Hyderabad,TG,South,10.6,1.67,Express,COD,Returning,EcomExpress,Low,Clear,17,17.6,0.6,No,Delivered,5
ORD001812,2026-02-17,Kochi,KL,East,2.3,0.82,SameDay,Prepaid,New,XpressBees,Low,Fog,7,11.6,4.6,No,RTO,3
ORD001813,2026-02-09,Kochi,KL,North,0.9,0.87,Standard,Prepaid,Returning,EcomExpress,High,Rain,34,38.8,4.8,No,NDR_Pending,4
ORD001814,2026-01-19,Lucknow,UP,East,9.3,1.6,Standard,Prepaid,New,XpressBees,Medium,Rain,14,15.8,1.8,No,Delivered,5
ORD001815,2026-03-03,Chandigarh,CH,North,12.2,1.22,Express,COD,New,Delhivery,Severe,Clear,15,21.6,6.6,No,Delivered,3
ORD001816,2026-01-19,Delhi,DL,West,0.9,2.25,SameDay,Prepaid,New,Ekart,Low,Clear,5,3.6,-1.4,Yes,Delivered,5
ORD001817,2025-12-23,Hyderabad,TG,Central,6.7,1.01,Express,COD,VIP,Ekart,High,Clear,18,23.5,5.5,No,Delivered,4
ORD001818,2025-12-15,Chennai,TN,East,17.0,0.67,Standard,Prepaid,New,EcomExpress,High,Clear,23,28.8,5.8,No,Delivered,3
ORD001819,2025-12-20,Delhi,DL,East,6.4,2.12,Express,COD,Returning,AmazonLogistics,High,Rain,16,23.5,7.5,No,Reattempted,4
ORD001820,2026-02-27,Chennai,TN,South,17.6,0.92,Standard,Prepaid,Returning,Delhivery,Medium,Clear,37,39.9,2.9,No,NDR_Pending,3
ORD001821,2026-01-25,Kolkata,WB,East,4.2,0.69,Standard,COD,New,AmazonLogistics,Medium,Clear,16,16.1,0.1,No,Reattempted,3
ORD001822,2026-01-09,Patna,BR,West,4.9,1.89,Standard,COD,Returning,EcomExpress,High,Clear,47,50.2,3.2,No,RTO,2
ORD001823,2025-12-30,Kolkata,WB,West,4.7,2.64,Express,Prepaid,New,Delhivery,High,Clear,14,16.5,2.5,No,Reattempted,5
ORD001824,2026-01-25,Chandigarh,CH,North,2.4,1.23,Standard,Prepaid,Returning,DTDC,Medium,Clear,32,34.2,2.2,No,Delivered,4
ORD001825,2026-02-25,Patna,BR,North,0.7,0.6,Standard,COD,Returning,Shadowfax,Medium,Storm,24,27.0,3.0,No,Delivered,4
ORD001826,2025-12-11,Gurgaon,HR,West,6.6,2.78,Express,Prepaid,Returning,Shadowfax,High,Clear,13,16.2,3.2,No,Delivered,5
ORD001827,2026-02-08,Delhi,DL,North,8.1,1.39,Standard,COD,Returning,Shadowfax,Medium,Heatwave,32,34.2,2.2,No,Delivered,3
ORD001828,2025-12-23,Noida,UP,West,4.6,1.26,Express,COD,New,Delhivery,Low,Clear,11,11.9,0.9,No,Delivered,5
ORD001829,2026-01-10,Nagpur,MH,East,5.6,0.87,Standard,Prepaid,Returning,Delhivery,Severe,Clear,40,46.5,6.5,No,Delivered,4
ORD001830,2026-02-22,Noida,UP,Central,13.3,2.18,Standard,Prepaid,Returning,XpressBees,Medium,Storm,29,36.7,7.7,No,Delivered,4
ORD001831,2026-02-07,Ahmedabad,GJ,North,11.4,0.57,Standard,Prepaid,VIP,XpressBees,Medium,Rain,35,40.4,5.4,No,Delivered,5
ORD001832,2026-01-13,Noida,UP,Central,6.5,0.54,SameDay,Prepaid,VIP,Delhivery,High,Rain,8,13.9,5.9,No,Delivered,4
ORD001833,2026-02-24,Indore,MP,North,9.2,3.44,Express,Prepaid,Returning,BlueDart,Low,Rain,12,14.4,2.4,No,Delivered,4
ORD001834,2026-01-08,Pune,MH,South,1.0,0.66,Standard,COD,Returning,XpressBees,Low,Clear,23,24.2,1.2,No,Delivered,4
ORD001835,2026-01-04,Jaipur,RJ,East,8.6,1.97,Express,Prepaid,New,XpressBees,Low,Rain,13,14.5,1.5,No,Delivered,4
ORD001836,2025-12-28,Delhi,DL,North,7.3,2.53,Express,COD,Returning,AmazonLogistics,Low,Clear,17,16.6,-0.4,Yes,Delivered,4
ORD001837,2026-02-18,Gurgaon,HR,North,6.0,1.25,Standard,Prepaid,VIP,BlueDart,Medium,Rain,47,50.3,3.3,No,Delivered,5
ORD001838,2026-03-02,Kolkata,WB,North,7.6,0.65,Standard,Prepaid,New,XpressBees,High,Heatwave,39,42.1,3.1,No,Delivered,4
ORD001839,2026-01-03,Hyderabad,TG,South,7.0,1.61,Express,Prepaid,Returning,XpressBees,Medium,Fog,13,18.2,5.2,No,Delivered,4
ORD001840,2026-02-04,Indore,MP,East,2.2,2.55,Standard,Prepaid,New,EcomExpress,Medium,Rain,30,33.2,3.2,No,Delivered,4
ORD001841,2026-01-29,Jaipur,RJ,North,14.2,1.36,SameDay,Prepaid,New,Delhivery,High,Rain,6,11.7,5.7,No,Delivered,4
ORD001842,2026-01-18,Pune,MH,North,11.3,0.71,Standard,COD,Returning,Delhivery,Medium,Clear,20,22.4,2.4,No,Delivered,3
ORD001843,2026-01-15,Bhopal,MP,West,5.9,1.33,Express,Prepaid,New,AmazonLogistics,Medium,Clear,18,19.7,1.7,No,Delivered,5
ORD001844,2026-03-01,Bhopal,MP,North,0.5,0.48,SameDay,Prepaid,Returning,EcomExpress,Medium,Fog,6,10.3,4.3,No,Delivered,4
ORD001845,2026-02-22,Coimbatore,TN,West,0.5,0.62,Standard,Prepaid,New,XpressBees,Medium,Rain,44,46.1,2.1,No,Delivered,4
ORD001846,2026-01-26,Nagpur,MH,Central,15.5,0.95,Standard,COD,Returning,XpressBees,Medium,Clear,21,24.2,3.2,No,Delivered,5
ORD001847,2026-01-24,Jaipur,RJ,West,6.8,1.15,Express,Prepaid,Returning,BlueDart,Low,Rain,17,19.2,2.2,No,Delivered,5
ORD001848,2026-02-27,Surat,GJ,East,10.6,0.54,Express,Prepaid,Returning,AmazonLogistics,Severe,Clear,19,24.1,5.1,No,Delivered,4
ORD001849,2025-12-27,Surat,GJ,South,3.7,1.28,Standard,Prepaid,New,DTDC,Severe,Rain,47,54.0,7.0,No,Delivered,4
ORD001850,2025-12-19,Bangalore,KA,East,6.3,1.51,Standard,Prepaid,New,Delhivery,High,Rain,48,53.0,5.0,No,Delivered,4
ORD001851,2026-02-12,Pune,MH,North,6.5,0.97,Express,Prepaid,Returning,AmazonLogistics,Low,Clear,18,19.3,1.3,No,RTO,3
ORD001852,2026-01-11,Chennai,TN,North,8.5,0.3,Standard,Prepaid,Returning,Shadowfax,High,Clear,34,37.3,3.3,No,NDR_Pending,3
ORD001853,2025-12-09,Lucknow,UP,West,7.9,1.18,Standard,Prepaid,Returning,BlueDart,Medium,Rain,14,15.7,1.7,No,RTO,3
ORD001854,2026-01-23,Bangalore,KA,North,3.8,3.28,Standard,COD,Returning,DTDC,Low,Clear,41,44.3,3.3,No,Delivered,4
ORD001855,2026-03-02,Delhi,DL,East,3.8,1.45,SameDay,Prepaid,VIP,DTDC,Severe,Storm,9,18.6,9.6,No,Delivered,3
ORD001856,2025-12-21,Chandigarh,CH,West,7.2,1.12,Standard,Prepaid,New,EcomExpress,High,Clear,15,16.8,1.8,No,Delivered,4
ORD001857,2026-02-25,Ahmedabad,GJ,Central,0.5,0.88,SameDay,COD,New,Ekart,Low,Clear,4,5.2,1.2,No,Delivered,5
ORD001858,2026-01-31,Indore,MP,South,4.2,1.56,Standard,Prepaid,VIP,XpressBees,Severe,Clear,44,50.4,6.4,No,Delivered,3
ORD001859,2026-03-04,Surat,GJ,South,6.9,1.25,Express,COD,Returning,XpressBees,Low,Rain,15,18.4,3.4,No,Delivered,5
ORD001860,2026-02-10,Coimbatore,TN,West,9.1,1.69,Standard,COD,New,Delhivery,Medium,Clear,23,26.8,3.8,No,Delivered,4
ORD001861,2026-03-02,Coimbatore,TN,North,13.5,0.57,Express,Prepaid,Returning,EcomExpress,Low,Fog,7,12.6,5.6,No,Delivered,3
ORD001862,2025-12-26,Chennai,TN,South,5.6,1.19,Express,COD,New,Shadowfax,Low,Storm,10,15.3,5.3,No,Delivered,4
ORD001863,2026-01-15,Bhopal,MP,West,7.6,0.84,Express,Prepaid,Returning,XpressBees,Severe,Rain,15,24.6,9.6,No,Delivered,4
ORD001864,2026-01-09,Ahmedabad,GJ,Central,0.5,1.38,Standard,COD,Returning,Shadowfax,Medium,Clear,21,23.4,2.4,No,Delivered,5
ORD001865,2026-01-30,Bhopal,MP,West,8.8,0.34,Standard,COD,Returning,AmazonLogistics,Medium,Clear,34,36.2,2.2,No,Delivered,5
ORD001866,2026-02-27,Jaipur,RJ,North,3.9,0.87,Standard,Prepaid,VIP,EcomExpress,High,Fog,30,35.1,5.1,No,Delivered,5
ORD001867,2026-01-29,Delhi,DL,South,6.3,1.53,Standard,Prepaid,Returning,DTDC,High,Clear,37,40.5,3.5,No,Delivered,4
ORD001868,2026-01-27,Patna,BR,West,9.4,1.69,Express,Prepaid,New,AmazonLogistics,Severe,Heatwave,10,14.7,4.7,No,Delivered,4
ORD001869,2026-02-13,Mumbai,MH,North,9.6,1.09,SameDay,Prepaid,Returning,AmazonLogistics,Severe,Fog,7,12.5,5.5,No,Delivered,5
ORD001870,2026-02-06,Patna,BR,South,1.7,0.3,Express,Prepaid,Returning,AmazonLogistics,Severe,Rain,13,17.3,4.3,No,Delivered,4
ORD001871,2025-12-17,Mumbai,MH,South,10.7,1.62,Standard,Prepaid,Returning,Ekart,High,Rain,24,29.5,5.5,No,NDR_Pending,3
ORD001872,2026-02-15,Hyderabad,TG,North,7.3,2.86,Standard,Prepaid,New,Delhivery,Medium,Heatwave,25,28.8,3.8,No,Delivered,4
ORD001873,2026-01-25,Nagpur,MH,South,12.6,0.67,Standard,Prepaid,New,DTDC,Severe,Rain,31,39.2,8.2,No,Delivered,4
ORD001874,2025-12-25,Gurgaon,HR,North,13.3,0.86,Standard,Prepaid,VIP,Ekart,Low,Rain,38,42.0,4.0,No,Delivered,4
ORD001875,2025-12-23,Jaipur,RJ,West,13.9,1.79,Express,Prepaid,Returning,XpressBees,Low,Clear,11,15.8,4.8,No,Delivered,4
ORD001876,2026-02-08,Delhi,DL,North,1.8,1.82,Standard,Prepaid,Returning,EcomExpress,Medium,Clear,39,42.4,3.4,No,Delivered,4
ORD001877,2026-02-15,Hyderabad,TG,West,9.1,2.13,Standard,Prepaid,Returning,Ekart,Medium,Clear,26,27.2,1.2,No,Delivered,5
ORD001878,2026-02-23,Chandigarh,CH,North,1.2,2.03,Express,Prepaid,New,Delhivery,High,Heatwave,13,17.3,4.3,No,Delivered,3
ORD001879,2025-12-29,Coimbatore,TN,East,12.7,0.44,Standard,COD,New,EcomExpress,Severe,Rain,27,33.8,6.8,No,Delivered,3
ORD001880,2026-03-01,Delhi,DL,North,13.3,0.83,Standard,Prepaid,New,Delhivery,Medium,Rain,21,25.9,4.9,No,Delivered,4
ORD001881,2025-12-27,Ahmedabad,GJ,South,11.4,1.61,Standard,Prepaid,New,Shadowfax,Medium,Clear,33,33.8,0.8,No,Delivered,4
ORD001882,2025-12-13,Chennai,TN,South,5.8,1.05,Standard,COD,Returning,BlueDart,Medium,Fog,37,40.4,3.4,No,Delivered,4
ORD001883,2025-12-24,Bangalore,KA,North,9.7,1.38,Standard,COD,New,Shadowfax,High,Clear,23,28.0,5.0,No,Delivered,3
ORD001884,2025-12-23,Bhopal,MP,South,5.3,1.02,Standard,Prepaid,New,Ekart,Low,Rain,34,36.3,2.3,No,Delivered,4
ORD001885,2025-12-10,Nagpur,MH,East,7.6,0.85,Express,Prepaid,Returning,Shadowfax,Low,Clear,10,9.9,-0.1,Yes,Delivered,4
ORD001886,2025-12-05,Bangalore,KA,East,7.1,0.96,Standard,COD,Returning,Shadowfax,High,Heatwave,31,34.9,3.9,No,Delivered,4
ORD001887,2025-12-06,Kochi,KL,South,0.5,0.56,Standard,Prepaid,New,Ekart,Medium,Rain,20,21.9,1.9,No,Delivered,4
ORD001888,2026-01-10,Jaipur,RJ,North,4.3,0.72,Express,Prepaid,New,AmazonLogistics,Medium,Clear,14,15.4,1.4,No,Reattempted,4
ORD001889,2025-12-12,Pune,MH,West,16.6,1.06,Standard,Prepaid,Returning,EcomExpress,Medium,Clear,17,21.7,4.7,No,Delivered,5
ORD001890,2026-01-01,Jaipur,RJ,West,7.2,1.07,Standard,Prepaid,Returning,Delhivery,Low,Clear,30,31.0,1.0,No,Delivered,4
ORD001891,2026-01-16,Bangalore,KA,North,8.1,1.55,Standard,Prepaid,Returning,XpressBees,High,Clear,30,34.9,4.9,No,Delivered,4
ORD001892,2026-01-27,Hyderabad,TG,West,7.5,0.93,Standard,COD,New,AmazonLogistics,Medium,Clear,27,28.2,1.2,No,Delivered,5
ORD001893,2025-12-20,Chandigarh,CH,South,5.9,3.02,Standard,COD,Returning,XpressBees,Medium,Clear,45,47.5,2.5,No,NDR_Pending,4
ORD001894,2025-12-27,Coimbatore,TN,West,7.6,2.31,SameDay,Prepaid,Returning,EcomExpress,Severe,Clear,9,16.3,7.3,No,Delivered,3
ORD001895,2026-02-15,Delhi,DL,South,5.9,0.82,Standard,COD,Returning,AmazonLogistics,High,Clear,34,36.9,2.9,No,Delivered,4
ORD001896,2026-02-06,Chandigarh,CH,South,0.5,1.24,Standard,COD,VIP,DTDC,Medium,Rain,43,48.1,5.1,No,Delivered,4
ORD001897,2026-01-11,Indore,MP,North,10.6,2.29,Standard,COD,Returning,XpressBees,High,Clear,37,40.8,3.8,No,Delivered,4
ORD001898,2026-03-02,Chandigarh,CH,West,14.0,0.75,Standard,COD,New,AmazonLogistics,Low,Clear,36,37.9,1.9,No,Delivered,4
ORD001899,2026-01-20,Coimbatore,TN,North,2.8,0.71,Express,COD,Returning,AmazonLogistics,Medium,Fog,15,17.5,2.5,No,Delivered,4
ORD001900,2025-12-14,Kolkata,WB,East,5.8,2.41,Express,Prepaid,Returning,DTDC,High,Clear,18,21.6,3.6,No,Delivered,4
ORD001901,2025-12-14,Surat,GJ,East,13.5,1.67,SameDay,Prepaid,New,DTDC,Low,Rain,6,10.4,4.4,No,Delivered,4
ORD001902,2025-12-24,Surat,GJ,West,4.4,2.1,Standard,Prepaid,New,DTDC,Medium,Heatwave,47,50.7,3.7,No,Delivered,5
ORD001903,2026-01-01,Coimbatore,TN,North,9.1,1.34,Standard,Prepaid,New,Shadowfax,Severe,Rain,39,45.2,6.2,No,Delivered,3
ORD001904,2025-12-22,Hyderabad,TG,North,24.8,0.95,Express,COD,VIP,Shadowfax,High,Clear,16,21.9,5.9,No,Delivered,4
ORD001905,2026-02-10,Kolkata,WB,South,10.0,0.49,Standard,COD,Returning,DTDC,Severe,Clear,23,30.7,7.7,No,Delivered,4
ORD001906,2026-03-04,Hyderabad,TG,West,7.8,1.2,Standard,COD,Returning,XpressBees,Severe,Fog,49,55.6,6.6,No,Delivered,3
ORD001907,2026-01-21,Chennai,TN,East,11.0,2.31,Standard,COD,Returning,Shadowfax,Medium,Fog,20,22.2,2.2,No,Delivered,4
ORD001908,2026-01-26,Bangalore,KA,South,10.6,2.33,Standard,Prepaid,Returning,Delhivery,High,Clear,34,37.0,3.0,No,Delivered,4
ORD001909,2026-02-24,Mumbai,MH,East,4.9,2.1,Express,Prepaid,Returning,DTDC,Medium,Rain,15,19.5,4.5,No,Delivered,4
ORD001910,2026-01-02,Gurgaon,HR,North,0.6,1.77,Express,Prepaid,New,XpressBees,High,Fog,7,12.1,5.1,No,Delivered,3
ORD001911,2026-01-26,Pune,MH,South,9.9,4.16,Express,Prepaid,New,BlueDart,Medium,Rain,9,11.5,2.5,No,Delivered,3
ORD001912,2026-01-08,Chandigarh,CH,North,10.5,0.44,Standard,COD,Returning,BlueDart,Low,Clear,28,29.8,1.8,No,Delivered,4
ORD001913,2026-02-28,Mumbai,MH,West,6.3,1.27,Express,Prepaid,Returning,EcomExpress,Low,Clear,12,12.7,0.7,No,RTO,3
ORD001914,2026-02-16,Patna,BR,North,14.1,0.63,Express,Prepaid,Returning,Ekart,High,Clear,9,11.4,2.4,No,Delivered,5
ORD001915,2026-01-30,Kolkata,WB,North,13.3,2.81,Express,Prepaid,VIP,AmazonLogistics,Low,Clear,18,18.9,0.9,No,NDR_Pending,4
ORD001916,2026-02-11,Surat,GJ,East,10.6,0.79,Standard,Prepaid,Returning,XpressBees,High,Rain,22,28.7,6.7,No,Delivered,4
ORD001917,2026-02-16,Chennai,TN,South,6.4,2.02,SameDay,COD,New,BlueDart,High,Clear,7,10.1,3.1,No,Delivered,4
ORD001918,2026-01-12,Lucknow,UP,North,0.5,0.84,Standard,COD,New,DTDC,High,Clear,17,18.6,1.6,No,Delivered,4
ORD001919,2026-01-23,Lucknow,UP,North,6.8,1.42,Standard,Prepaid,Returning,Shadowfax,Medium,Clear,14,17.9,3.9,No,Delivered,5
ORD001920,2025-12-30,Surat,GJ,South,0.5,1.04,Express,COD,Returning,Ekart,Medium,Fog,14,16.8,2.8,No,Delivered,4
ORD001921,2025-12-19,Ahmedabad,GJ,South,0.5,1.1,Express,Prepaid,Returning,Delhivery,Severe,Fog,15,21.8,6.8,No,Delivered,4
ORD001922,2026-03-02,Surat,GJ,North,10.1,1.35,SameDay,Prepaid,New,Delhivery,Medium,Rain,4,9.2,5.2,No,Delivered,4
ORD001923,2025-12-18,Bhopal,MP,West,12.2,1.92,Standard,Prepaid,Returning,XpressBees,Medium,Heatwave,17,21.1,4.1,No,Delivered,4
ORD001924,2026-02-19,Jaipur,RJ,North,0.5,1.04,Express,COD,Returning,EcomExpress,Severe,Heatwave,13,18.4,5.4,No,Delivered,4
ORD001925,2026-01-26,Ahmedabad,GJ,West,6.5,1.89,Standard,COD,New,XpressBees,Medium,Clear,41,41.5,0.5,No,Delivered,4
ORD001926,2025-12-05,Delhi,DL,South,7.4,2.06,Express,Prepaid,Returning,AmazonLogistics,Medium,Clear,9,11.7,2.7,No,Delivered,4
ORD001927,2026-02-14,Ahmedabad,GJ,North,6.3,0.86,Standard,COD,New,Delhivery,Low,Rain,35,37.1,2.1,No,Delivered,4
ORD001928,2026-01-20,Delhi,DL,North,2.0,3.43,Standard,COD,Returning,Shadowfax,Low,Rain,15,19.0,4.0,No,RTO,2
ORD001929,2025-12-21,Bangalore,KA,North,12.8,1.73,SameDay,COD,Returning,DTDC,Medium,Clear,8,12.9,4.9,No,Delivered,4
ORD001930,2025-12-08,Noida,UP,North,2.1,0.85,Express,Prepaid,New,AmazonLogistics,High,Storm,14,18.1,4.1,No,Delivered,5
ORD001931,2026-02-11,Pune,MH,South,0.5,1.6,Standard,Prepaid,Returning,Shadowfax,Medium,Clear,38,37.6,-0.4,Yes,Delivered,4
ORD001932,2026-01-23,Lucknow,UP,East,2.0,2.06,Standard,Prepaid,Returning,EcomExpress,High,Heatwave,22,25.2,3.2,No,Delivered,4
ORD001933,2026-01-16,Bhopal,MP,East,9.4,1.57,Standard,COD,New,XpressBees,High,Clear,49,54.6,5.6,No,Delivered,4
ORD001934,2026-02-28,Noida,UP,South,6.4,1.25,Standard,Prepaid,Returning,Shadowfax,High,Clear,37,39.5,2.5,No,Delivered,5
ORD001935,2026-02-28,Delhi,DL,West,4.4,0.14,Standard,Prepaid,Returning,AmazonLogistics,Low,Fog,27,29.5,2.5,No,Delivered,4
ORD001936,2025-12-06,Bangalore,KA,West,9.6,0.62,Express,COD,Returning,XpressBees,High,Rain,13,18.7,5.7,No,Delivered,3
ORD001937,2025-12-29,Ahmedabad,GJ,East,8.8,1.66,Standard,Prepaid,New,EcomExpress,Low,Rain,13,17.2,4.2,No,Delivered,4
ORD001938,2026-01-01,Indore,MP,North,0.5,0.61,Standard,Prepaid,Returning,AmazonLogistics,High,Rain,39,41.9,2.9,No,Delivered,4
ORD001939,2026-01-11,Noida,UP,South,9.6,1.5,Express,COD,New,Shadowfax,Medium,Clear,14,15.9,1.9,No,Delivered,4
ORD001940,2026-01-19,Hyderabad,TG,South,12.2,1.88,Standard,Prepaid,New,Delhivery,High,Clear,14,16.8,2.8,No,Delivered,4
ORD001941,2026-02-08,Bangalore,KA,North,7.0,1.03,Standard,Prepaid,Returning,XpressBees,Medium,Clear,35,35.9,0.9,No,Delivered,4
ORD001942,2025-12-28,Chennai,TN,South,6.6,0.38,Standard,Prepaid,VIP,Ekart,High,Clear,14,18.7,4.7,No,Delivered,4
ORD001943,2026-01-03,Chandigarh,CH,East,15.1,0.71,Standard,Prepaid,New,DTDC,Low,Clear,14,16.1,2.1,No,Delivered,4
ORD001944,2025-12-16,Mumbai,MH,East,4.7,1.67,Standard,Prepaid,Returning,EcomExpress,Low,Clear,18,17.8,-0.2,Yes,Delivered,4
ORD001945,2025-12-06,Ahmedabad,GJ,North,6.8,2.35,Express,Prepaid,Returning,DTDC,High,Clear,13,14.6,1.6,No,Delivered,4
ORD001946,2025-12-29,Delhi,DL,South,8.8,0.32,Standard,Prepaid,Returning,EcomExpress,Medium,Clear,48,50.0,2.0,No,Delivered,4
ORD001947,2026-01-31,Bangalore,KA,South,7.7,1.16,Express,Prepaid,Returning,XpressBees,High,Clear,14,16.7,2.7,No,Delivered,4
ORD001948,2026-01-09,Gurgaon,HR,South,6.4,0.46,Express,COD,Returning,Shadowfax,High,Clear,13,15.6,2.6,No,Delivered,4
ORD001949,2025-12-26,Mumbai,MH,West,7.9,1.17,Express,Prepaid,Returning,EcomExpress,High,Heatwave,15,18.5,3.5,No,Delivered,4
ORD001950,2026-01-02,Kolkata,WB,North,13.8,1.01,SameDay,COD,New,BlueDart,High,Storm,9,17.0,8.0,No,RTO,3
ORD001951,2026-03-02,Gurgaon,HR,East,10.7,4.56,SameDay,COD,New,Ekart,High,Rain,8,12.9,4.9,No,Delivered,4
ORD001952,2026-03-05,Nagpur,MH,Central,7.2,0.8,Express,COD,Returning,EcomExpress,Severe,Clear,13,18.3,5.3,No,Delivered,5
ORD001953,2026-01-27,Pune,MH,West,4.0,2.07,Standard,Prepaid,New,AmazonLogistics,Low,Rain,21,24.0,3.0,No,Delivered,4
ORD001954,2026-03-02,Lucknow,UP,West,4.6,2.02,Standard,Prepaid,New,DTDC,Medium,Clear,29,30.3,1.3,No,Delivered,5
ORD001955,2026-03-03,Noida,UP,South,11.3,0.98,Express,Prepaid,New,Shadowfax,High,Clear,15,17.5,2.5,No,Delivered,5
ORD001956,2026-01-31,Jaipur,RJ,South,1.1,1.19,Express,Prepaid,New,Delhivery,Medium,Heatwave,11,14.3,3.3,No,Delivered,5
ORD001957,2026-02-14,Surat,GJ,North,17.1,1.11,Express,Prepaid,Returning,EcomExpress,Medium,Clear,18,21.2,3.2,No,Delivered,3
ORD001958,2025-12-09,Surat,GJ,West,7.4,0.71,Express,COD,New,Delhivery,Medium,Heatwave,7,10.2,3.2,No,Delivered,4
ORD001959,2025-12-22,Kochi,KL,North,2.0,0.67,Express,Prepaid,New,XpressBees,Medium,Rain,14,18.0,4.0,No,Delivered,4
ORD001960,2025-12-12,Bangalore,KA,East,8.2,0.86,Express,Prepaid,Returning,Ekart,Medium,Clear,18,20.1,2.1,No,Delivered,4
ORD001961,2026-02-10,Bhopal,MP,South,4.3,0.56,Express,COD,Returning,AmazonLogistics,High,Clear,15,18.0,3.0,No,Delivered,3
ORD001962,2026-02-06,Noida,UP,South,5.8,0.82,Standard,COD,VIP,Delhivery,High,Rain,20,23.7,3.7,No,Delivered,3
ORD001963,2026-01-17,Delhi,DL,South,1.5,0.98,Standard,COD,VIP,EcomExpress,High,Clear,44,46.4,2.4,No,Delivered,4
ORD001964,2026-02-03,Bhopal,MP,Central,6.5,1.22,Standard,Prepaid,Returning,Delhivery,Medium,Clear,23,27.1,4.1,No,Delivered,4
ORD001965,2026-02-24,Bhopal,MP,North,0.5,1.44,Standard,Prepaid,Returning,Ekart,High,Clear,23,24.4,1.4,No,Delivered,4
ORD001966,2025-12-21,Coimbatore,TN,North,5.1,0.98,Standard,Prepaid,New,EcomExpress,High,Storm,29,35.8,6.8,No,Delivered,4
ORD001967,2026-02-08,Ahmedabad,GJ,North,4.2,0.7,Standard,Prepaid,New,EcomExpress,Low,Clear,41,44.0,3.0,No,Delivered,4
ORD001968,2026-02-23,Lucknow,UP,West,5.5,1.43,Express,Prepaid,VIP,XpressBees,Medium,Storm,11,17.3,6.3,No,Delivered,3
ORD001969,2026-02-10,Bhopal,MP,Central,4.4,1.78,Standard,COD,VIP,XpressBees,Medium,Rain,18,22.6,4.6,No,Delivered,5
ORD001970,2026-02-08,Bangalore,KA,North,7.6,0.83,Express,Prepaid,Returning,EcomExpress,Severe,Clear,16,20.2,4.2,No,Delivered,4
ORD001971,2026-02-09,Bhopal,MP,East,11.1,0.61,Standard,COD,Returning,DTDC,Medium,Clear,22,24.6,2.6,No,Delivered,4
ORD001972,2025-12-23,Gurgaon,HR,North,8.9,0.85,Express,Prepaid,New,Delhivery,Low,Rain,18,20.8,2.8,No,Delivered,3
ORD001973,2025-12-24,Kochi,KL,West,12.7,0.99,Standard,Prepaid,New,Delhivery,Low,Clear,31,33.3,2.3,No,Delivered,4
ORD001974,2026-02-25,Kolkata,WB,North,5.5,2.2,Standard,COD,Returning,Delhivery,Low,Clear,21,24.1,3.1,No,Reattempted,4
ORD001975,2025-12-28,Indore,MP,South,8.8,1.68,Express,Prepaid,New,BlueDart,Medium,Clear,16,17.8,1.8,No,Delivered,4
ORD001976,2026-02-10,Pune,MH,West,9.0,1.1,Standard,Prepaid,Returning,Ekart,High,Fog,42,47.2,5.2,No,Delivered,4
ORD001977,2026-01-15,Gurgaon,HR,South,12.1,3.46,Standard,Prepaid,Returning,XpressBees,Medium,Rain,25,29.5,4.5,No,Delivered,3
ORD001978,2026-02-25,Kolkata,WB,North,4.6,1.08,Express,Prepaid,Returning,AmazonLogistics,High,Clear,10,13.0,3.0,No,Delivered,4
ORD001979,2025-12-30,Pune,MH,East,10.7,2.58,Express,Prepaid,Returning,EcomExpress,Low,Clear,18,20.1,2.1,No,Delivered,3
ORD001980,2026-02-24,Patna,BR,Central,4.1,2.3,Standard,COD,New,DTDC,Medium,Clear,41,43.2,2.2,No,Delivered,3
ORD001981,2026-02-23,Kochi,KL,South,5.2,2.2,SameDay,Prepaid,Returning,Ekart,High,Rain,6,9.7,3.7,No,Delivered,3
ORD001982,2025-12-05,Nagpur,MH,West,6.1,1.34,Standard,COD,Returning,BlueDart,High,Clear,25,29.7,4.7,No,NDR_Pending,3
ORD001983,2026-02-01,Pune,MH,East,9.3,1.19,Standard,COD,Returning,Ekart,High,Storm,43,50.5,7.5,No,Delivered,3
ORD001984,2026-01-22,Patna,BR,North,3.2,1.11,Standard,COD,VIP,XpressBees,Medium,Fog,22,26.8,4.8,No,Delivered,4
ORD001985,2026-01-16,Nagpur,MH,East,3.7,1.84,Standard,COD,New,AmazonLogistics,Medium,Clear,20,20.7,0.7,No,Reattempted,5
ORD001986,2025-12-14,Patna,BR,South,4.9,0.69,Standard,COD,New,EcomExpress,High,Fog,26,31.2,5.2,No,Delivered,4
ORD001987,2026-02-03,Bhopal,MP,East,7.7,0.94,Express,Prepaid,Returning,XpressBees,Low,Rain,9,12.9,3.9,No,Delivered,4
ORD001988,2026-01-04,Hyderabad,TG,North,3.8,3.0,Standard,COD,Returning,Shadowfax,High,Rain,29,32.8,3.8,No,Delivered,4
ORD001989,2026-01-22,Hyderabad,TG,South,8.6,1.61,SameDay,Prepaid,Returning,Ekart,Medium,Clear,5,5.8,0.8,No,Delivered,3
ORD001990,2026-01-01,Gurgaon,HR,South,6.1,1.96,Standard,Prepaid,New,Ekart,Low,Heatwave,28,31.7,3.7,No,Delivered,4
ORD001991,2026-02-20,Surat,GJ,South,10.1,0.53,Standard,Prepaid,New,BlueDart,High,Clear,34,38.3,4.3,No,Delivered,4
ORD001992,2026-01-20,Jaipur,RJ,East,7.8,0.85,Standard,Prepaid,Returning,Ekart,High,Rain,28,33.8,5.8,No,Delivered,4
ORD001993,2026-01-15,Chennai,TN,Central,14.5,1.35,Standard,Prepaid,Returning,Ekart,Severe,Clear,44,48.7,4.7,No,Delivered,3
ORD001994,2026-02-20,Nagpur,MH,North,8.0,1.08,Standard,COD,New,XpressBees,Severe,Clear,50,56.2,6.2,No,Delivered,4
ORD001995,2025-12-13,Patna,BR,North,2.6,0.53,Express,Prepaid,Returning,Delhivery,Medium,Storm,12,16.8,4.8,No,Delivered,3
ORD001996,2025-12-18,Mumbai,MH,South,6.6,1.74,Express,Prepaid,Returning,Delhivery,High,Clear,18,20.8,2.8,No,Delivered,5
ORD001997,2025-12-22,Indore,MP,South,7.6,2.11,Standard,Prepaid,New,Delhivery,Severe,Clear,36,40.9,4.9,No,Delivered,3
ORD001998,2026-01-16,Noida,UP,South,3.9,0.93,Standard,Prepaid,New,Delhivery,Medium,Fog,43,45.1,2.1,No,Delivered,4
ORD001999,2025-12-15,Chennai,TN,East,13.6,1.78,Standard,Prepaid,New,Ekart,Medium,Clear,45,45.4,0.4,No,Delivered,4
ORD002000,2026-02-20,Chennai,TN,East,6.3,3.73,Standard,Prepaid,New,EcomExpress,Severe,Fog,47,54.5,7.5,No,Delivered,4
ORD002001,2026-02-03,Chandigarh,CH,North,4.9,2.76,Express,COD,Returning,DTDC,Low,Heatwave,8,10.8,2.8,No,Delivered,4
ORD002002,2026-01-16,Pune,MH,South,8.2,0.96,Standard,Prepaid,VIP,XpressBees,Severe,Clear,30,35.6,5.6,No,Reattempted,5
ORD002003,2026-01-05,Ahmedabad,GJ,West,3.9,0.57,Express,Prepaid,New,XpressBees,Medium,Clear,17,19.7,2.7,No,Delivered,4
ORD002004,2025-12-29,Lucknow,UP,South,11.4,1.27,SameDay,Prepaid,New,EcomExpress,Severe,Storm,7,16.7,9.7,No,Delivered,3
ORD002005,2026-03-04,Patna,BR,North,10.6,4.52,Standard,Prepaid,Returning,XpressBees,High,Heatwave,34,40.6,6.6,No,Delivered,3
ORD002006,2026-01-25,Delhi,DL,South,8.0,2.47,Express,Prepaid,Returning,XpressBees,High,Clear,8,13.1,5.1,No,Delivered,4
ORD002007,2026-01-13,Jaipur,RJ,South,9.9,1.1,Express,Prepaid,Returning,XpressBees,High,Rain,18,23.8,5.8,No,RTO,3
ORD002008,2025-12-06,Bangalore,KA,North,5.5,2.82,Standard,Prepaid,Returning,EcomExpress,Low,Rain,34,37.1,3.1,No,Delivered,3
ORD002009,2025-12-25,Patna,BR,West,1.5,2.23,Express,Prepaid,New,DTDC,High,Clear,9,12.3,3.3,No,Delivered,4
ORD002010,2026-01-15,Nagpur,MH,South,6.2,0.35,Standard,Prepaid,New,Delhivery,Severe,Rain,41,45.8,4.8,No,Delivered,4
ORD002011,2026-01-14,Lucknow,UP,West,5.5,2.09,Express,Prepaid,VIP,XpressBees,Severe,Clear,19,25.1,6.1,No,Delivered,5
ORD002012,2026-01-21,Ahmedabad,GJ,South,0.5,1.19,Express,Prepaid,Returning,BlueDart,Severe,Clear,15,19.4,4.4,No,Delivered,4
ORD002013,2025-12-14,Bangalore,KA,East,3.3,0.66,Express,Prepaid,New,EcomExpress,High,Clear,18,19.0,1.0,No,Delivered,4
ORD002014,2025-12-25,Gurgaon,HR,North,2.6,1.17,Express,COD,VIP,AmazonLogistics,High,Fog,16,22.8,6.8,No,Delivered,4
ORD002015,2026-01-10,Nagpur,MH,North,3.3,1.42,Express,Prepaid,Returning,Delhivery,Medium,Clear,11,12.0,1.0,No,Delivered,3
ORD002016,2025-12-27,Kolkata,WB,South,12.8,0.69,Standard,COD,New,Ekart,High,Clear,14,18.6,4.6,No,Delivered,4
ORD002017,2025-12-16,Jaipur,RJ,South,9.5,1.03,SameDay,Prepaid,VIP,Ekart,High,Clear,9,12.6,3.6,No,Delivered,3
ORD002018,2025-12-14,Coimbatore,TN,South,11.4,0.91,Express,Prepaid,Returning,BlueDart,Low,Clear,8,9.0,1.0,No,Delivered,4
ORD002019,2026-02-22,Coimbatore,TN,West,9.5,1.78,Express,Prepaid,Returning,EcomExpress,Low,Storm,8,16.0,8.0,No,NDR_Pending,3
ORD002020,2026-02-24,Lucknow,UP,North,11.8,0.92,Express,COD,New,Delhivery,High,Clear,16,20.3,4.3,No,Delivered,4
ORD002021,2026-02-18,Kolkata,WB,North,7.6,0.4,Standard,Prepaid,New,Ekart,Medium,Clear,44,45.7,1.7,No,Delivered,5
ORD002022,2025-12-09,Kochi,KL,South,13.6,0.84,Standard,COD,VIP,XpressBees,Medium,Storm,17,24.1,7.1,No,Delivered,4
ORD002023,2026-02-06,Kochi,KL,East,2.6,0.63,Express,COD,New,Delhivery,Medium,Clear,17,18.0,1.0,No,Delivered,4
ORD002024,2026-02-24,Indore,MP,East,7.2,0.51,SameDay,Prepaid,Returning,Shadowfax,High,Clear,6,9.7,3.7,No,Delivered,4
ORD002025,2025-12-16,Pune,MH,West,3.4,2.24,Express,Prepaid,Returning,Delhivery,Severe,Rain,10,15.3,5.3,No,Delivered,3
ORD002026,2026-03-02,Lucknow,UP,West,12.5,1.79,Standard,Prepaid,Returning,XpressBees,High,Rain,36,42.7,6.7,No,Delivered,5
ORD002027,2026-02-07,Nagpur,MH,West,9.2,0.62,Standard,COD,Returning,Shadowfax,Severe,Clear,45,49.5,4.5,No,Reattempted,4
ORD002028,2026-01-26,Noida,UP,West,12.2,0.52,Standard,Prepaid,VIP,Delhivery,Severe,Rain,25,31.7,6.7,No,Delivered,5
ORD002029,2025-12-18,Surat,GJ,North,1.9,1.04,Standard,COD,Returning,AmazonLogistics,Medium,Rain,44,45.8,1.8,No,Delivered,4
ORD002030,2026-02-24,Kolkata,WB,West,5.1,0.5,Express,Prepaid,Returning,EcomExpress,Low,Rain,17,19.2,2.2,No,Delivered,4
ORD002031,2026-03-02,Indore,MP,East,0.5,0.96,Standard,COD,Returning,XpressBees,Medium,Clear,29,28.8,-0.2,Yes,Reattempted,4
ORD002032,2026-01-21,Bangalore,KA,South,8.9,1.15,Standard,Prepaid,New,XpressBees,Low,Rain,34,34.5,0.5,No,Delivered,4
ORD002033,2026-01-23,Pune,MH,West,5.8,1.33,Standard,Prepaid,New,Ekart,High,Clear,27,29.9,2.9,No,Delivered,4
ORD002034,2025-12-08,Kochi,KL,South,10.5,1.36,SameDay,Prepaid,VIP,Shadowfax,Medium,Rain,5,7.3,2.3,No,NDR_Pending,5
ORD002035,2025-12-12,Noida,UP,South,7.6,0.69,Standard,COD,VIP,Ekart,Severe,Heatwave,38,46.6,8.6,No,Delivered,4
ORD002036,2025-12-27,Bhopal,MP,North,0.5,1.15,Standard,Prepaid,New,BlueDart,High,Fog,18,21.8,3.8,No,Delivered,4
ORD002037,2025-12-11,Indore,MP,West,0.9,2.38,Standard,COD,Returning,AmazonLogistics,Medium,Rain,26,29.8,3.8,No,Delivered,3
ORD002038,2026-03-03,Mumbai,MH,East,7.8,0.31,Standard,Prepaid,VIP,EcomExpress,Severe,Clear,29,34.5,5.5,No,Delivered,4
ORD002039,2026-01-12,Noida,UP,North,9.4,1.34,Standard,Prepaid,Returning,DTDC,Severe,Clear,30,34.3,4.3,No,Delivered,4
ORD002040,2026-02-17,Jaipur,RJ,South,0.5,0.54,Express,Prepaid,New,Delhivery,High,Clear,8,10.1,2.1,No,Delivered,4
ORD002041,2026-01-04,Chennai,TN,North,7.2,2.57,Standard,COD,New,Ekart,High,Clear,24,28.9,4.9,No,Delivered,4
ORD002042,2026-03-04,Chandigarh,CH,North,3.4,1.8,Standard,Prepaid,Returning,Ekart,Severe,Rain,20,27.2,7.2,No,Reattempted,3
ORD002043,2026-01-25,Coimbatore,TN,Central,3.1,1.77,Standard,COD,VIP,Shadowfax,High,Rain,29,35.2,6.2,No,Delivered,4
ORD002044,2026-01-12,Coimbatore,TN,South,4.9,0.66,Standard,COD,New,Shadowfax,Severe,Clear,27,31.4,4.4,No,Delivered,4
ORD002045,2025-12-07,Chennai,TN,South,8.0,1.29,Standard,COD,Returning,XpressBees,Low,Clear,45,47.8,2.8,No,RTO,3
ORD002046,2025-12-25,Noida,UP,North,4.7,1.38,Express,Prepaid,Returning,EcomExpress,Medium,Fog,13,16.3,3.3,No,Delivered,3
ORD002047,2025-12-30,Lucknow,UP,Central,0.5,0.27,Standard,Prepaid,Returning,DTDC,Medium,Clear,20,22.7,2.7,No,Delivered,5
ORD002048,2025-12-29,Surat,GJ,North,8.0,1.21,Standard,Prepaid,VIP,DTDC,Low,Clear,37,39.8,2.8,No,Delivered,4
ORD002049,2025-12-31,Patna,BR,West,6.1,1.6,Express,Prepaid,Returning,Shadowfax,Low,Clear,9,8.3,-0.7,Yes,Delivered,4
ORD002050,2026-02-18,Kochi,KL,South,3.7,0.47,Express,Prepaid,Returning,Delhivery,Low,Clear,17,18.1,1.1,No,Delivered,4
ORD002051,2026-02-07,Bangalore,KA,North,6.3,1.59,Standard,COD,VIP,Ekart,Medium,Rain,39,42.0,3.0,No,Delivered,4
ORD002052,2025-12-23,Kolkata,WB,West,6.1,1.17,Standard,Prepaid,Returning,Delhivery,Low,Clear,33,35.1,2.1,No,Delivered,4
ORD002053,2026-01-18,Ahmedabad,GJ,North,7.7,2.53,SameDay,Prepaid,Returning,XpressBees,Medium,Clear,8,8.9,0.9,No,Delivered,4
ORD002054,2026-01-29,Gurgaon,HR,West,6.5,0.86,Standard,Prepaid,New,Delhivery,High,Clear,21,24.7,3.7,No,Delivered,4
ORD002055,2026-02-18,Coimbatore,TN,North,8.2,1.23,SameDay,COD,Returning,Delhivery,High,Clear,8,13.0,5.0,No,Delivered,4
ORD002056,2026-02-24,Ahmedabad,GJ,West,7.3,1.36,Express,Prepaid,New,Delhivery,High,Clear,14,17.5,3.5,No,Delivered,5
ORD002057,2026-01-08,Coimbatore,TN,West,10.8,0.21,Standard,COD,Returning,BlueDart,Low,Clear,45,47.8,2.8,No,Delivered,4
ORD002058,2026-02-17,Coimbatore,TN,West,13.8,0.89,Standard,Prepaid,New,XpressBees,High,Heatwave,48,53.6,5.6,No,Delivered,4
ORD002059,2025-12-23,Ahmedabad,GJ,North,7.4,1.16,SameDay,Prepaid,New,Shadowfax,Low,Rain,4,8.8,4.8,No,Delivered,4
ORD002060,2026-01-12,Jaipur,RJ,West,5.0,0.27,Standard,COD,VIP,DTDC,Medium,Clear,30,31.3,1.3,No,Delivered,4
ORD002061,2026-01-01,Chandigarh,CH,Central,1.8,1.66,Standard,Prepaid,Returning,DTDC,Medium,Clear,33,34.2,1.2,No,Delivered,4
ORD002062,2026-01-09,Indore,MP,North,10.1,1.16,Standard,Prepaid,Returning,Delhivery,Severe,Rain,18,22.9,4.9,No,Delivered,4
ORD002063,2025-12-21,Delhi,DL,North,3.9,1.16,Standard,COD,Returning,Delhivery,Severe,Clear,19,23.8,4.8,No,Delivered,4
ORD002064,2026-01-28,Coimbatore,TN,East,16.9,1.7,Express,Prepaid,New,XpressBees,High,Clear,19,22.4,3.4,No,Delivered,4
ORD002065,2026-02-20,Indore,MP,North,18.6,0.86,Express,Prepaid,New,XpressBees,High,Clear,13,16.4,3.4,No,Delivered,4
ORD002066,2026-01-13,Surat,GJ,West,6.6,1.13,Standard,COD,Returning,XpressBees,Medium,Clear,40,40.9,0.9,No,Delivered,4
ORD002067,2026-01-01,Coimbatore,TN,West,0.8,1.86,Standard,Prepaid,Returning,EcomExpress,High,Storm,43,48.6,5.6,No,Delivered,3
ORD002068,2025-12-29,Gurgaon,HR,North,10.1,1.14,Express,COD,Returning,AmazonLogistics,Low,Clear,14,15.8,1.8,No,Delivered,4
ORD002069,2026-01-19,Kolkata,WB,West,15.9,0.37,Standard,COD,New,Delhivery,Medium,Heatwave,38,43.1,5.1,No,Delivered,4
ORD002070,2025-12-15,Jaipur,RJ,West,2.3,1.14,Express,Prepaid,New,XpressBees,Severe,Fog,18,26.0,8.0,No,Delivered,3
ORD002071,2025-12-25,Bangalore,KA,South,15.1,1.15,Express,Prepaid,Returning,Delhivery,Severe,Storm,16,26.6,10.6,No,Delivered,3
ORD002072,2026-01-02,Nagpur,MH,East,0.5,1.9,Standard,Prepaid,New,XpressBees,Medium,Rain,25,26.8,1.8,No,Delivered,4
ORD002073,2026-01-28,Jaipur,RJ,North,1.7,0.9,SameDay,Prepaid,New,BlueDart,Medium,Fog,4,6.1,2.1,No,Delivered,4
ORD002074,2025-12-17,Kolkata,WB,South,8.7,0.61,Standard,Prepaid,Returning,DTDC,Medium,Clear,41,43.7,2.7,No,Delivered,4
ORD002075,2026-02-25,Kochi,KL,East,11.6,0.62,Standard,COD,Returning,Delhivery,Medium,Fog,24,29.6,5.6,No,Delivered,4
ORD002076,2025-12-10,Jaipur,RJ,North,7.2,2.63,Standard,COD,Returning,XpressBees,Medium,Clear,28,32.5,4.5,No,Delivered,3
ORD002077,2026-02-14,Lucknow,UP,East,9.3,1.31,Standard,COD,New,Delhivery,High,Rain,35,40.7,5.7,No,Delivered,3
ORD002078,2026-02-24,Jaipur,RJ,North,11.9,2.55,Standard,COD,New,DTDC,Low,Rain,31,36.4,5.4,No,Delivered,3
ORD002079,2026-03-03,Chennai,TN,South,12.4,2.78,Standard,Prepaid,New,Delhivery,Low,Clear,19,20.7,1.7,No,Delivered,4
ORD002080,2026-02-03,Delhi,DL,North,5.0,0.71,Express,Prepaid,Returning,Delhivery,Medium,Clear,12,14.2,2.2,No,Delivered,4
ORD002081,2026-02-19,Bhopal,MP,West,4.0,0.68,Express,Prepaid,New,DTDC,High,Clear,14,17.8,3.8,No,Delivered,5
ORD002082,2026-03-02,Pune,MH,East,11.7,1.02,Standard,Prepaid,VIP,Delhivery,Medium,Clear,41,43.5,2.5,No,Delivered,4
ORD002083,2026-01-01,Kolkata,WB,East,9.3,1.6,Express,COD,New,EcomExpress,Medium,Clear,7,8.8,1.8,No,Delivered,4
ORD002084,2026-02-10,Kochi,KL,Central,9.9,0.48,Express,COD,Returning,AmazonLogistics,High,Clear,9,13.0,4.0,No,Delivered,4
ORD002085,2025-12-13,Delhi,DL,West,4.9,1.45,Standard,COD,New,AmazonLogistics,High,Clear,25,28.8,3.8,No,Delivered,4
ORD002086,2026-02-09,Kochi,KL,West,10.1,1.41,SameDay,Prepaid,Returning,AmazonLogistics,Medium,Clear,5,6.8,1.8,No,Delivered,5
ORD002087,2026-02-08,Coimbatore,TN,South,3.1,0.56,Standard,Prepaid,Returning,EcomExpress,High,Clear,28,27.7,-0.3,Yes,Delivered,4
ORD002088,2026-01-17,Kochi,KL,East,8.5,0.57,Standard,Prepaid,New,Shadowfax,Medium,Clear,19,20.9,1.9,No,Delivered,4
ORD002089,2025-12-17,Kolkata,WB,West,7.9,1.44,Standard,Prepaid,Returning,AmazonLogistics,High,Clear,32,35.6,3.6,No,Delivered,5
ORD002090,2026-01-30,Mumbai,MH,East,8.0,3.83,Standard,Prepaid,New,Delhivery,Medium,Clear,18,18.9,0.9,No,Delivered,5
ORD002091,2025-12-14,Chandigarh,CH,North,10.6,0.93,Standard,COD,Returning,DTDC,Severe,Clear,46,53.6,7.6,No,Delivered,3
ORD002092,2025-12-13,Kolkata,WB,South,3.4,1.35,Standard,Prepaid,VIP,Delhivery,Severe,Storm,18,25.3,7.3,No,Delivered,4
ORD002093,2026-01-25,Bhopal,MP,West,10.2,0.77,Standard,COD,Returning,Ekart,High,Clear,39,43.0,4.0,No,Delivered,4
ORD002094,2026-02-03,Bangalore,KA,North,7.6,1.27,Express,COD,Returning,XpressBees,Severe,Clear,10,16.1,6.1,No,Delivered,4
ORD002095,2026-01-09,Bangalore,KA,North,4.3,0.76,Express,Prepaid,New,Shadowfax,Low,Clear,7,6.6,-0.4,Yes,Delivered,5
ORD002096,2026-02-01,Patna,BR,Central,2.2,0.95,Express,Prepaid,Returning,Shadowfax,High,Fog,15,21.0,6.0,No,Reattempted,3
ORD002097,2026-02-02,Gurgaon,HR,South,15.1,4.8,Express,COD,Returning,EcomExpress,Medium,Clear,12,17.2,5.2,No,NDR_Pending,4
ORD002098,2026-01-18,Chandigarh,CH,North,7.2,1.18,Express,COD,New,BlueDart,Medium,Clear,11,11.8,0.8,No,Delivered,5
ORD002099,2026-01-27,Patna,BR,South,6.1,0.43,Standard,Prepaid,New,DTDC,Medium,Clear,36,37.9,1.9,No,Delivered,5
ORD002100,2026-02-02,Hyderabad,TG,South,2.9,1.63,Standard,Prepaid,New,XpressBees,High,Clear,13,18.3,5.3,No,Delivered,4
ORD002101,2026-02-02,Gurgaon,HR,West,11.9,2.18,Standard,Prepaid,New,Shadowfax,High,Clear,43,48.2,5.2,No,Delivered,3
ORD002102,2026-02-16,Kochi,KL,Central,11.5,1.66,Standard,Prepaid,VIP,EcomExpress,High,Storm,48,53.6,5.6,No,Delivered,3
ORD002103,2026-01-30,Bangalore,KA,Central,10.8,0.99,Standard,Prepaid,New,DTDC,Medium,Storm,38,45.7,7.7,No,Delivered,4
ORD002104,2026-01-11,Delhi,DL,West,7.3,0.64,Standard,Prepaid,New,BlueDart,Severe,Clear,15,15.4,0.4,No,Delivered,4
ORD002105,2025-12-23,Chandigarh,CH,West,10.5,0.65,Standard,Prepaid,New,EcomExpress,Severe,Clear,33,39.3,6.3,No,RTO,2
ORD002106,2026-01-03,Chennai,TN,South,4.2,0.99,Standard,Prepaid,New,Ekart,High,Clear,24,26.0,2.0,No,Delivered,5
ORD002107,2026-01-16,Patna,BR,East,8.4,0.89,Express,Prepaid,Returning,Shadowfax,Medium,Heatwave,7,10.4,3.4,No,Delivered,4
ORD002108,2025-12-31,Delhi,DL,North,7.3,0.79,Standard,Prepaid,New,Shadowfax,Medium,Heatwave,40,43.0,3.0,No,Delivered,4
ORD002109,2025-12-05,Chennai,TN,North,8.6,2.29,Standard,COD,New,Ekart,High,Clear,45,49.4,4.4,No,Delivered,4
ORD002110,2026-02-22,Chennai,TN,Central,0.5,1.92,Standard,Prepaid,New,BlueDart,Severe,Clear,45,49.4,4.4,No,Delivered,3
ORD002111,2026-02-07,Chennai,TN,East,15.0,2.36,Standard,Prepaid,Returning,Ekart,Low,Clear,48,49.6,1.6,No,Delivered,3
ORD002112,2026-03-02,Kochi,KL,South,14.0,0.69,Express,Prepaid,Returning,DTDC,Medium,Rain,17,21.2,4.2,No,Delivered,4
ORD002113,2026-02-23,Gurgaon,HR,West,2.9,0.64,Standard,Prepaid,Returning,XpressBees,Medium,Clear,16,18.8,2.8,No,Delivered,3
ORD002114,2026-02-16,Gurgaon,HR,South,9.8,1.16,Standard,Prepaid,New,EcomExpress,Medium,Clear,41,43.4,2.4,No,Delivered,4
ORD002115,2026-03-01,Coimbatore,TN,South,1.6,1.42,SameDay,COD,New,Delhivery,High,Clear,5,7.6,2.6,No,Delivered,4
ORD002116,2026-02-06,Hyderabad,TG,South,7.8,1.15,Standard,Prepaid,VIP,BlueDart,Low,Clear,40,40.6,0.6,No,Delivered,5
ORD002117,2026-03-04,Noida,UP,North,0.5,1.36,Standard,Prepaid,New,Delhivery,Medium,Heatwave,20,21.6,1.6,No,Delivered,5
ORD002118,2026-02-19,Surat,GJ,South,6.3,2.86,Express,Prepaid,Returning,Delhivery,High,Clear,11,13.9,2.9,No,Delivered,4
ORD002119,2026-01-24,Surat,GJ,South,5.5,0.97,Standard,COD,New,XpressBees,Medium,Clear,36,39.1,3.1,No,Delivered,3
ORD002120,2026-02-12,Coimbatore,TN,South,12.1,1.79,Standard,Prepaid,New,DTDC,Low,Rain,35,37.9,2.9,No,NDR_Pending,3
ORD002121,2026-01-23,Patna,BR,North,14.2,1.51,Standard,Prepaid,Returning,Delhivery,High,Rain,44,51.9,7.9,No,Delivered,3
ORD002122,2026-01-01,Noida,UP,Central,14.3,1.17,Standard,Prepaid,Returning,DTDC,Medium,Rain,26,31.3,5.3,No,Delivered,4
ORD002123,2025-12-16,Indore,MP,West,12.1,1.74,Standard,COD,New,Ekart,Severe,Fog,45,51.3,6.3,No,Delivered,3
ORD002124,2025-12-29,Nagpur,MH,East,7.8,0.7,Standard,COD,Returning,AmazonLogistics,High,Clear,25,28.7,3.7,No,Delivered,4
ORD002125,2026-02-15,Coimbatore,TN,North,9.1,0.62,Standard,Prepaid,Returning,AmazonLogistics,Severe,Clear,42,45.4,3.4,No,Delivered,3
ORD002126,2026-02-22,Chennai,TN,West,9.0,1.43,Standard,Prepaid,Returning,DTDC,Medium,Clear,14,16.5,2.5,No,Delivered,5
ORD002127,2026-03-05,Kolkata,WB,East,2.8,0.41,Standard,COD,Returning,EcomExpress,High,Rain,20,25.2,5.2,No,Delivered,4
ORD002128,2026-02-21,Nagpur,MH,South,12.1,1.5,Standard,Prepaid,Returning,BlueDart,Medium,Heatwave,13,16.7,3.7,No,Reattempted,3
ORD002129,2025-12-15,Pune,MH,North,10.3,0.56,Standard,Prepaid,New,Ekart,High,Clear,21,25.6,4.6,No,Delivered,4
ORD002130,2025-12-30,Kolkata,WB,North,10.4,2.75,Standard,COD,New,DTDC,Medium,Rain,31,36.4,5.4,No,Delivered,4
ORD002131,2026-01-31,Coimbatore,TN,North,0.5,0.87,Express,Prepaid,Returning,AmazonLogistics,Medium,Rain,12,16.6,4.6,No,Delivered,3
ORD002132,2025-12-29,Noida,UP,South,9.3,2.64,Express,Prepaid,New,Ekart,Low,Storm,15,19.1,4.1,No,Delivered,4
ORD002133,2025-12-26,Surat,GJ,South,11.5,0.97,Standard,Prepaid,VIP,EcomExpress,High,Clear,35,40.7,5.7,No,Delivered,5
ORD002134,2026-03-02,Ahmedabad,GJ,North,7.4,0.95,Express,Prepaid,Returning,EcomExpress,High,Clear,12,17.2,5.2,No,Delivered,4
ORD002135,2026-02-16,Jaipur,RJ,West,5.5,1.86,Standard,Prepaid,New,XpressBees,Low,Rain,19,22.4,3.4,No,Delivered,4
ORD002136,2026-01-26,Kochi,KL,North,2.1,1.32,Standard,Prepaid,Returning,Delhivery,High,Rain,16,21.1,5.1,No,Delivered,5
ORD002137,2025-12-14,Surat,GJ,South,1.8,1.06,Standard,Prepaid,New,XpressBees,High,Rain,34,39.9,5.9,No,NDR_Pending,3
ORD002138,2026-02-11,Mumbai,MH,West,8.1,0.87,Standard,Prepaid,New,AmazonLogistics,Medium,Fog,35,38.2,3.2,No,Delivered,4
ORD002139,2026-01-26,Surat,GJ,North,6.6,0.87,Express,Prepaid,VIP,XpressBees,Medium,Clear,14,15.5,1.5,No,Delivered,4
ORD002140,2025-12-08,Jaipur,RJ,North,6.5,4.55,Standard,Prepaid,Returning,EcomExpress,Severe,Rain,39,45.3,6.3,No,Delivered,4
ORD002141,2026-02-08,Coimbatore,TN,North,13.6,0.4,Standard,Prepaid,Returning,DTDC,High,Clear,28,32.9,4.9,No,Delivered,4
ORD002142,2026-01-20,Chandigarh,CH,North,2.5,0.54,Express,Prepaid,Returning,Delhivery,High,Clear,7,9.2,2.2,No,Delivered,4
ORD002143,2026-01-30,Noida,UP,South,6.1,2.24,Standard,Prepaid,New,Ekart,High,Clear,32,34.4,2.4,No,Delivered,5
ORD002144,2026-01-10,Nagpur,MH,North,14.3,2.14,Express,Prepaid,Returning,Delhivery,High,Clear,12,15.0,3.0,No,Delivered,5
ORD002145,2026-01-21,Ahmedabad,GJ,North,6.3,0.64,Standard,Prepaid,VIP,AmazonLogistics,Low,Clear,37,36.2,-0.8,Yes,Delivered,5
ORD002146,2025-12-29,Jaipur,RJ,Central,7.8,0.39,SameDay,COD,Returning,Shadowfax,Severe,Rain,9,15.6,6.6,No,Delivered,3
ORD002147,2026-01-04,Bangalore,KA,East,6.8,2.37,Standard,Prepaid,Returning,BlueDart,Medium,Fog,45,47.9,2.9,No,Delivered,4
ORD002148,2026-01-03,Gurgaon,HR,North,10.3,0.59,Express,COD,New,Shadowfax,High,Clear,18,22.4,4.4,No,Reattempted,4
ORD002149,2025-12-22,Bhopal,MP,South,0.5,0.82,Standard,Prepaid,Returning,EcomExpress,Severe,Clear,26,29.3,3.3,No,Delivered,4
ORD002150,2026-02-20,Chandigarh,CH,South,6.7,1.17,SameDay,COD,New,Shadowfax,High,Clear,7,11.4,4.4,No,Delivered,5
ORD002151,2026-01-01,Kolkata,WB,East,7.7,0.58,SameDay,Prepaid,VIP,AmazonLogistics,High,Clear,9,14.1,5.1,No,Delivered,4
ORD002152,2025-12-06,Kolkata,WB,East,3.5,1.92,Express,COD,New,AmazonLogistics,Low,Clear,6,8.1,2.1,No,Delivered,4
ORD002153,2026-01-13,Chandigarh,CH,North,8.9,1.12,Standard,COD,New,Delhivery,Medium,Clear,29,30.5,1.5,No,Delivered,4
ORD002154,2026-02-06,Surat,GJ,North,10.6,0.65,Standard,Prepaid,New,DTDC,High,Heatwave,15,19.6,4.6,No,Delivered,4
ORD002155,2026-02-09,Coimbatore,TN,South,9.3,0.69,Express,COD,Returning,AmazonLogistics,Low,Clear,16,15.8,-0.2,Yes,Delivered,5
ORD002156,2026-01-20,Lucknow,UP,East,14.6,2.41,Express,Prepaid,New,AmazonLogistics,Low,Rain,9,12.5,3.5,No,Delivered,4
ORD002157,2025-12-06,Jaipur,RJ,East,5.8,0.93,Express,COD,Returning,BlueDart,Severe,Rain,17,24.0,7.0,No,Delivered,4
ORD002158,2026-01-08,Nagpur,MH,North,9.5,1.6,Express,Prepaid,VIP,Delhivery,Medium,Clear,15,17.5,2.5,No,Delivered,4
ORD002159,2026-02-03,Bhopal,MP,West,9.4,1.1,Standard,Prepaid,New,Ekart,Medium,Clear,19,20.1,1.1,No,Delivered,5
ORD002160,2026-02-24,Kolkata,WB,North,6.6,0.39,Standard,COD,Returning,BlueDart,Medium,Clear,27,28.2,1.2,No,Delivered,4
ORD002161,2026-02-02,Bhopal,MP,West,12.0,1.73,Standard,Prepaid,Returning,BlueDart,High,Clear,36,40.6,4.6,No,Delivered,3
ORD002162,2026-02-12,Hyderabad,TG,East,8.7,2.1,Express,Prepaid,Returning,AmazonLogistics,Medium,Heatwave,11,13.8,2.8,No,Delivered,5
ORD002163,2026-02-24,Jaipur,RJ,South,2.7,3.34,Standard,Prepaid,Returning,EcomExpress,High,Clear,19,20.9,1.9,No,Delivered,4
ORD002164,2026-01-29,Gurgaon,HR,North,10.5,0.35,Standard,Prepaid,Returning,AmazonLogistics,Medium,Clear,39,39.2,0.2,No,Delivered,4
ORD002165,2026-01-21,Noida,UP,West,5.5,0.17,Express,COD,Returning,Delhivery,Low,Clear,16,17.5,1.5,No,Delivered,4
ORD002166,2026-01-12,Gurgaon,HR,South,6.2,1.62,Standard,COD,Returning,AmazonLogistics,Medium,Clear,42,43.6,1.6,No,RTO,3
ORD002167,2026-01-06,Kolkata,WB,East,6.5,0.77,Standard,COD,New,Ekart,Low,Heatwave,25,26.0,1.0,No,Delivered,4
ORD002168,2026-02-26,Bhopal,MP,South,10.4,0.47,Standard,COD,Returning,Ekart,High,Clear,45,49.1,4.1,No,Delivered,4
ORD002169,2025-12-15,Gurgaon,HR,East,11.8,1.18,Standard,Prepaid,New,Ekart,Low,Rain,44,47.0,3.0,No,Delivered,3
ORD002170,2026-02-28,Noida,UP,North,6.9,0.84,Standard,COD,Returning,AmazonLogistics,Medium,Clear,45,46.2,1.2,No,Delivered,4
ORD002171,2026-02-02,Mumbai,MH,North,6.6,0.51,Express,Prepaid,Returning,EcomExpress,Medium,Clear,13,14.5,1.5,No,Delivered,4
ORD002172,2026-02-09,Coimbatore,TN,South,0.5,1.05,Express,Prepaid,Returning,Ekart,Medium,Clear,13,14.5,1.5,No,Delivered,5
ORD002173,2026-02-03,Noida,UP,North,4.7,1.55,Express,COD,Returning,Ekart,Medium,Heatwave,10,13.2,3.2,No,Delivered,4
ORD002174,2026-01-12,Patna,BR,South,3.7,1.23,SameDay,COD,Returning,Shadowfax,Medium,Clear,4,7.6,3.6,No,Delivered,3
ORD002175,2026-02-15,Hyderabad,TG,West,8.7,1.23,Standard,COD,New,BlueDart,Severe,Rain,44,51.3,7.3,No,Delivered,4
ORD002176,2026-03-04,Patna,BR,North,7.1,1.44,Standard,Prepaid,Returning,Delhivery,Low,Clear,17,19.2,2.2,No,Delivered,3
ORD002177,2026-01-03,Delhi,DL,North,3.9,0.4,Standard,Prepaid,VIP,XpressBees,Medium,Rain,14,16.0,2.0,No,Delivered,4
ORD002178,2025-12-09,Lucknow,UP,North,8.1,1.07,Express,Prepaid,Returning,DTDC,High,Clear,13,17.0,4.0,No,Delivered,4
ORD002179,2026-01-11,Nagpur,MH,North,7.2,1.28,Standard,COD,New,BlueDart,Low,Rain,38,40.7,2.7,No,Delivered,4
ORD002180,2026-02-20,Lucknow,UP,East,0.5,0.88,SameDay,Prepaid,Returning,BlueDart,High,Clear,6,8.9,2.9,No,Delivered,3
ORD002181,2025-12-15,Kochi,KL,Central,11.9,0.67,Standard,Prepaid,New,XpressBees,High,Clear,49,53.5,4.5,No,Delivered,5
ORD002182,2026-01-01,Hyderabad,TG,North,11.5,0.71,Express,Prepaid,Returning,Delhivery,High,Heatwave,17,23.6,6.6,No,Delivered,4
ORD002183,2026-02-16,Nagpur,MH,West,6.5,0.93,Standard,Prepaid,New,Ekart,Severe,Clear,37,40.8,3.8,No,Delivered,4
ORD002184,2026-01-18,Nagpur,MH,West,8.9,1.91,Express,Prepaid,Returning,EcomExpress,High,Clear,15,17.9,2.9,No,Delivered,5
ORD002185,2026-01-22,Nagpur,MH,Central,6.2,2.76,Standard,Prepaid,Returning,Delhivery,Medium,Clear,43,45.3,2.3,No,Delivered,4
ORD002186,2025-12-12,Chennai,TN,South,1.1,2.45,Standard,Prepaid,New,Delhivery,Severe,Clear,36,40.1,4.1,No,NDR_Pending,3
ORD002187,2026-02-17,Kolkata,WB,South,16.2,0.43,Express,Prepaid,Returning,AmazonLogistics,Medium,Clear,11,12.3,1.3,No,Delivered,5
ORD002188,2026-01-16,Chennai,TN,South,10.5,0.63,Standard,COD,New,AmazonLogistics,High,Clear,24,28.2,4.2,No,Delivered,4
ORD002189,2026-01-23,Lucknow,UP,East,11.3,1.64,Express,Prepaid,New,Delhivery,High,Clear,13,16.3,3.3,No,Delivered,5
ORD002190,2025-12-25,Indore,MP,West,6.4,2.41,Express,COD,Returning,Delhivery,High,Clear,9,13.4,4.4,No,NDR_Pending,3
ORD002191,2025-12-06,Ahmedabad,GJ,South,12.0,0.62,Express,Prepaid,Returning,Shadowfax,Severe,Rain,9,14.3,5.3,No,Delivered,4
ORD002192,2026-01-02,Jaipur,RJ,North,2.0,1.23,Standard,Prepaid,Returning,EcomExpress,Low,Heatwave,29,30.1,1.1,No,Delivered,4
ORD002193,2025-12-21,Chennai,TN,West,6.5,0.56,Standard,Prepaid,New,DTDC,High,Rain,26,31.6,5.6,No,Delivered,5
ORD002194,2026-01-25,Hyderabad,TG,East,10.5,1.3,Standard,Prepaid,New,Delhivery,Medium,Clear,34,36.6,2.6,No,Delivered,4
ORD002195,2026-01-01,Kochi,KL,South,5.0,0.75,Express,Prepaid,Returning,XpressBees,High,Rain,16,22.0,6.0,No,Delivered,3
ORD002196,2026-03-03,Bhopal,MP,West,11.1,1.23,Standard,Prepaid,Returning,BlueDart,High,Clear,38,41.1,3.1,No,Delivered,4
ORD002197,2025-12-29,Chennai,TN,South,8.7,0.53,SameDay,Prepaid,Returning,Shadowfax,Medium,Rain,8,12.4,4.4,No,Delivered,4
ORD002198,2025-12-25,Chandigarh,CH,South,8.3,0.41,SameDay,COD,Returning,BlueDart,High,Clear,8,11.6,3.6,No,Delivered,4
ORD002199,2025-12-31,Indore,MP,South,4.6,7.09,Standard,Prepaid,Returning,Delhivery,Medium,Clear,16,18.6,2.6,No,Delivered,4
ORD002200,2026-01-05,Bangalore,KA,East,9.1,1.15,Express,Prepaid,New,EcomExpress,Medium,Rain,18,20.3,2.3,No,Delivered,3
ORD002201,2026-02-11,Ahmedabad,GJ,Central,15.2,3.98,Standard,COD,VIP,Delhivery,Severe,Clear,48,51.5,3.5,No,Delivered,4
ORD002202,2025-12-26,Mumbai,MH,South,8.2,2.73,Standard,Prepaid,VIP,Delhivery,High,Rain,27,33.8,6.8,No,Delivered,3
ORD002203,2026-02-12,Mumbai,MH,South,9.7,0.41,Standard,Prepaid,New,Ekart,High,Rain,19,23.9,4.9,No,Delivered,5
ORD002204,2026-01-19,Kolkata,WB,South,10.3,1.37,Express,Prepaid,New,EcomExpress,Low,Clear,11,10.6,-0.4,Yes,Delivered,4
ORD002205,2026-02-18,Lucknow,UP,North,2.9,0.51,Express,Prepaid,Returning,EcomExpress,Medium,Clear,17,18.4,1.4,No,Delivered,4
ORD002206,2025-12-29,Patna,BR,South,7.0,0.93,Standard,Prepaid,Returning,Delhivery,Low,Rain,36,38.4,2.4,No,Delivered,4
ORD002207,2026-01-14,Delhi,DL,North,6.8,0.36,Standard,COD,New,AmazonLogistics,Medium,Rain,44,48.1,4.1,No,Delivered,5
ORD002208,2025-12-22,Bhopal,MP,South,0.5,0.43,Standard,Prepaid,Returning,Ekart,Medium,Rain,45,48.6,3.6,No,Delivered,3
ORD002209,2026-01-12,Hyderabad,TG,North,10.7,0.66,Standard,Prepaid,Returning,AmazonLogistics,Medium,Clear,21,22.2,1.2,No,Delivered,5
ORD002210,2026-02-02,Delhi,DL,South,3.8,0.8,Standard,COD,Returning,XpressBees,High,Fog,14,21.1,7.1,No,Delivered,4
ORD002211,2026-01-24,Kochi,KL,East,10.2,1.13,Express,Prepaid,Returning,AmazonLogistics,Low,Clear,8,7.4,-0.6,Yes,Delivered,4
ORD002212,2025-12-20,Patna,BR,North,4.5,0.59,SameDay,COD,VIP,BlueDart,High,Clear,7,7.3,0.3,No,Delivered,5
ORD002213,2026-02-04,Nagpur,MH,West,15.7,1.21,Standard,COD,Returning,AmazonLogistics,Severe,Rain,33,40.9,7.9,No,Delivered,4
ORD002214,2026-01-25,Delhi,DL,East,6.4,2.18,Express,Prepaid,Returning,AmazonLogistics,Medium,Clear,7,7.9,0.9,No,Delivered,4
ORD002215,2026-01-23,Delhi,DL,West,15.2,1.3,Express,Prepaid,New,Delhivery,High,Clear,16,18.1,2.1,No,Delivered,4
ORD002216,2025-12-09,Ahmedabad,GJ,North,6.8,1.06,Standard,Prepaid,Returning,Shadowfax,Low,Clear,31,32.8,1.8,No,Delivered,4
ORD002217,2026-01-09,Lucknow,UP,South,7.3,1.36,Express,Prepaid,VIP,EcomExpress,Medium,Fog,18,20.3,2.3,No,Delivered,4
ORD002218,2026-02-08,Noida,UP,West,13.8,0.47,Standard,Prepaid,Returning,Delhivery,High,Heatwave,49,53.9,4.9,No,Delivered,4
ORD002219,2026-01-09,Chennai,TN,South,3.8,1.96,Standard,Prepaid,Returning,AmazonLogistics,Low,Storm,36,40.5,4.5,No,Delivered,4
ORD002220,2025-12-05,Bangalore,KA,North,7.7,0.54,Standard,Prepaid,New,Delhivery,Medium,Clear,39,41.4,2.4,No,Delivered,4
ORD002221,2025-12-29,Gurgaon,HR,South,9.7,2.8,Express,Prepaid,New,DTDC,High,Clear,15,19.3,4.3,No,Delivered,4
ORD002222,2026-02-04,Bangalore,KA,South,9.1,1.75,Standard,COD,Returning,Ekart,Medium,Rain,48,52.1,4.1,No,Delivered,4
ORD002223,2025-12-24,Mumbai,MH,North,7.7,1.54,Standard,Prepaid,New,Shadowfax,High,Clear,26,29.6,3.6,No,Delivered,4
ORD002224,2025-12-18,Jaipur,RJ,West,7.1,1.58,Standard,Prepaid,New,BlueDart,High,Clear,41,44.5,3.5,No,Delivered,4
ORD002225,2026-02-10,Jaipur,RJ,North,10.9,1.1,Standard,Prepaid,Returning,XpressBees,Low,Clear,46,47.1,1.1,No,Delivered,4
ORD002226,2026-02-06,Nagpur,MH,South,8.2,0.69,Standard,Prepaid,New,AmazonLogistics,High,Clear,46,47.5,1.5,No,Delivered,5
ORD002227,2026-01-27,Chandigarh,CH,East,11.4,0.63,Standard,Prepaid,Returning,EcomExpress,Medium,Rain,44,49.4,5.4,No,Delivered,4
ORD002228,2025-12-12,Gurgaon,HR,North,9.1,3.16,Express,Prepaid,New,EcomExpress,Low,Clear,7,10.8,3.8,No,Delivered,4
ORD002229,2026-01-03,Chennai,TN,West,10.1,1.18,Standard,Prepaid,New,XpressBees,Severe,Clear,50,57.4,7.4,No,Delivered,4
ORD002230,2026-01-03,Noida,UP,South,12.0,0.57,Standard,Prepaid,New,Ekart,Medium,Rain,20,21.3,1.3,No,RTO,3
ORD002231,2026-01-09,Nagpur,MH,South,6.3,1.51,Express,Prepaid,New,EcomExpress,High,Rain,15,21.7,6.7,No,Delivered,3
ORD002232,2026-02-07,Pune,MH,East,11.9,1.36,Express,Prepaid,Returning,BlueDart,Medium,Clear,11,12.3,1.3,No,NDR_Pending,3
ORD002233,2026-02-25,Gurgaon,HR,South,6.9,0.91,Standard,Prepaid,Returning,Ekart,Low,Clear,18,21.4,3.4,No,Delivered,4
ORD002234,2026-01-30,Delhi,DL,North,1.9,0.64,Standard,COD,Returning,Delhivery,High,Heatwave,39,41.9,2.9,No,Delivered,4
ORD002235,2025-12-16,Indore,MP,East,6.2,1.72,Standard,Prepaid,Returning,Delhivery,High,Rain,47,50.7,3.7,No,Delivered,4
ORD002236,2025-12-31,Patna,BR,West,4.6,1.95,Standard,Prepaid,Returning,XpressBees,Medium,Clear,21,22.8,1.8,No,Delivered,4
ORD002237,2025-12-13,Hyderabad,TG,West,9.0,1.34,Express,COD,Returning,Delhivery,High,Rain,12,17.5,5.5,No,Delivered,3
ORD002238,2026-01-15,Chennai,TN,North,6.4,1.15,Standard,Prepaid,Returning,EcomExpress,Medium,Heatwave,28,30.4,2.4,No,Delivered,4
ORD002239,2025-12-25,Lucknow,UP,North,8.0,0.69,Standard,Prepaid,Returning,XpressBees,Medium,Clear,16,19.4,3.4,No,Delivered,4
ORD002240,2026-01-04,Chandigarh,CH,West,11.6,1.47,Standard,Prepaid,New,XpressBees,High,Clear,20,25.6,5.6,No,Delivered,4
ORD002241,2026-01-14,Hyderabad,TG,North,13.4,0.76,Standard,Prepaid,VIP,Shadowfax,High,Clear,48,50.9,2.9,No,Delivered,4
ORD002242,2025-12-06,Kochi,KL,North,8.7,0.52,Standard,Prepaid,Returning,BlueDart,Medium,Rain,46,51.5,5.5,No,Delivered,4
ORD002243,2026-01-28,Lucknow,UP,East,11.8,2.17,Express,Prepaid,Returning,XpressBees,High,Clear,12,14.7,2.7,No,Delivered,4
ORD002244,2026-01-25,Delhi,DL,South,6.8,0.6,Standard,COD,Returning,XpressBees,Medium,Clear,39,41.0,2.0,No,Delivered,4
ORD002245,2026-01-19,Coimbatore,TN,North,1.2,0.35,Standard,Prepaid,Returning,AmazonLogistics,Severe,Clear,15,21.6,6.6,No,RTO,3
ORD002246,2026-03-05,Bhopal,MP,North,2.8,2.42,Express,Prepaid,Returning,AmazonLogistics,High,Rain,10,14.4,4.4,No,Delivered,4
ORD002247,2026-01-11,Indore,MP,South,6.7,0.39,Standard,COD,Returning,DTDC,Medium,Rain,44,47.8,3.8,No,Delivered,4
ORD002248,2026-01-20,Bangalore,KA,West,10.7,0.87,Standard,Prepaid,Returning,Ekart,Medium,Clear,13,15.8,2.8,No,Delivered,4
ORD002249,2026-01-22,Bangalore,KA,East,6.7,0.57,Standard,COD,Returning,AmazonLogistics,Severe,Clear,40,45.7,5.7,No,NDR_Pending,3
ORD002250,2026-01-07,Jaipur,RJ,North,12.2,0.72,Standard,COD,New,Delhivery,Severe,Rain,50,58.4,8.4,No,Delivered,4
ORD002251,2026-02-27,Surat,GJ,North,14.8,4.2,Standard,COD,VIP,Ekart,Medium,Clear,41,46.1,5.1,No,Delivered,4
ORD002252,2026-01-19,Indore,MP,South,3.9,1.04,Standard,Prepaid,Returning,Ekart,Medium,Rain,26,28.4,2.4,No,Delivered,3
ORD002253,2026-03-01,Hyderabad,TG,South,16.0,1.37,Express,Prepaid,New,EcomExpress,Medium,Clear,10,12.4,2.4,No,Delivered,4
ORD002254,2026-02-08,Surat,GJ,South,1.0,1.78,Express,COD,New,Delhivery,High,Heatwave,7,10.0,3.0,No,Reattempted,4
ORD002255,2026-02-28,Chennai,TN,Central,14.9,0.75,Standard,Prepaid,VIP,XpressBees,Severe,Clear,30,35.2,5.2,No,Delivered,4
ORD002256,2025-12-13,Kochi,KL,South,7.4,2.11,Standard,Prepaid,New,BlueDart,High,Rain,48,52.8,4.8,No,Reattempted,4
ORD002257,2026-01-30,Patna,BR,South,6.6,1.38,Express,Prepaid,New,AmazonLogistics,Medium,Clear,12,11.9,-0.1,Yes,Delivered,4
ORD002258,2026-01-14,Kochi,KL,Central,7.5,1.74,Standard,Prepaid,New,Shadowfax,Severe,Clear,49,54.3,5.3,No,Delivered,5
ORD002259,2026-01-17,Mumbai,MH,North,4.3,0.72,Standard,COD,New,Delhivery,Low,Rain,42,46.0,4.0,No,Delivered,3
ORD002260,2025-12-20,Noida,UP,Central,13.5,1.44,Express,COD,Returning,EcomExpress,Medium,Clear,12,14.0,2.0,No,Delivered,5
ORD002261,2026-02-17,Mumbai,MH,South,4.7,1.1,Standard,Prepaid,Returning,Ekart,Medium,Rain,32,34.8,2.8,No,Delivered,4
ORD002262,2026-02-01,Noida,UP,South,5.2,2.18,SameDay,Prepaid,Returning,Delhivery,Medium,Clear,7,8.1,1.1,No,Delivered,5
ORD002263,2026-01-16,Mumbai,MH,Central,2.0,0.8,Standard,Prepaid,New,DTDC,Medium,Clear,47,48.4,1.4,No,Delivered,4
ORD002264,2026-03-01,Surat,GJ,South,4.6,3.74,Express,Prepaid,Returning,EcomExpress,Medium,Fog,6,9.8,3.8,No,Delivered,5
ORD002265,2026-01-13,Delhi,DL,South,4.7,1.35,Standard,Prepaid,New,Shadowfax,Medium,Clear,28,30.7,2.7,No,Delivered,5
ORD002266,2025-12-26,Pune,MH,North,4.4,1.03,Standard,COD,Returning,Shadowfax,High,Heatwave,19,24.5,5.5,No,Delivered,4
ORD002267,2026-01-25,Kochi,KL,West,6.8,0.96,Standard,Prepaid,Returning,EcomExpress,Low,Clear,42,42.3,0.3,No,Delivered,4
ORD002268,2026-01-09,Coimbatore,TN,West,3.0,1.1,SameDay,COD,VIP,XpressBees,Medium,Clear,6,9.1,3.1,No,Delivered,5
ORD002269,2026-01-16,Delhi,DL,North,13.9,0.76,Standard,Prepaid,Returning,DTDC,Medium,Rain,31,37.6,6.6,No,Delivered,3
ORD002270,2025-12-29,Noida,UP,West,6.9,1.65,Standard,Prepaid,Returning,Delhivery,Medium,Clear,40,43.4,3.4,No,Delivered,5
ORD002271,2026-01-26,Kolkata,WB,West,9.0,1.1,SameDay,COD,Returning,BlueDart,Medium,Clear,4,6.6,2.6,No,Delivered,5
ORD002272,2026-01-09,Kolkata,WB,South,10.9,3.55,Standard,Prepaid,Returning,AmazonLogistics,High,Clear,16,19.1,3.1,No,Delivered,4
ORD002273,2026-02-24,Chennai,TN,North,15.6,0.85,Standard,Prepaid,Returning,DTDC,Medium,Clear,31,32.7,1.7,No,Delivered,4
ORD002274,2026-01-15,Lucknow,UP,South,11.1,1.03,Standard,Prepaid,Returning,XpressBees,Medium,Rain,26,30.0,4.0,No,Delivered,5
ORD002275,2025-12-11,Bangalore,KA,North,6.5,0.85,Express,Prepaid,VIP,AmazonLogistics,High,Clear,16,16.8,0.8,No,Delivered,4
ORD002276,2026-02-13,Jaipur,RJ,North,3.2,3.39,Standard,Prepaid,VIP,Delhivery,Low,Clear,19,21.1,2.1,No,Delivered,4
ORD002277,2026-01-25,Hyderabad,TG,South,8.9,0.46,Standard,COD,Returning,Delhivery,High,Clear,31,34.9,3.9,No,RTO,1
ORD002278,2026-01-25,Pune,MH,North,11.7,1.17,SameDay,Prepaid,Returning,XpressBees,Medium,Clear,7,9.7,2.7,No,Delivered,5
ORD002279,2025-12-16,Ahmedabad,GJ,North,8.1,1.33,Standard,Prepaid,Returning,DTDC,Severe,Clear,40,44.7,4.7,No,Delivered,4
ORD002280,2026-01-19,Kochi,KL,West,7.8,0.56,Standard,Prepaid,New,AmazonLogistics,Low,Clear,16,14.9,-1.1,Yes,Delivered,5
ORD002281,2026-02-13,Patna,BR,South,8.4,5.4,Standard,COD,Returning,EcomExpress,Medium,Fog,37,42.9,5.9,No,Delivered,4
ORD002282,2025-12-07,Ahmedabad,GJ,Central,0.5,0.63,Standard,Prepaid,VIP,Shadowfax,High,Rain,25,29.9,4.9,No,Delivered,5
ORD002283,2026-01-23,Kolkata,WB,East,8.1,1.13,Standard,COD,Returning,DTDC,Medium,Clear,18,22.1,4.1,No,RTO,3
ORD002284,2025-12-08,Patna,BR,West,10.4,3.04,Standard,Prepaid,Returning,EcomExpress,High,Clear,34,35.8,1.8,No,Delivered,4
ORD002285,2025-12-16,Kochi,KL,Central,7.3,0.88,Express,COD,Returning,Shadowfax,Low,Clear,8,11.3,3.3,No,Delivered,4
ORD002286,2026-02-21,Bhopal,MP,East,12.0,1.2,Express,COD,Returning,XpressBees,Medium,Clear,13,16.2,3.2,No,Delivered,4
ORD002287,2026-01-26,Gurgaon,HR,South,12.1,0.9,Standard,COD,Returning,EcomExpress,High,Clear,29,34.6,5.6,No,Reattempted,5
ORD002288,2026-02-18,Bhopal,MP,West,5.5,1.07,Standard,COD,Returning,BlueDart,Severe,Heatwave,48,50.5,2.5,No,RTO,3
ORD002289,2026-01-03,Gurgaon,HR,North,9.3,2.11,Standard,Prepaid,New,EcomExpress,Medium,Rain,30,34.7,4.7,No,Delivered,4
ORD002290,2025-12-17,Jaipur,RJ,West,7.7,0.86,Express,Prepaid,Returning,Ekart,Medium,Clear,7,9.0,2.0,No,Delivered,4
ORD002291,2025-12-14,Ahmedabad,GJ,South,0.5,0.22,Express,Prepaid,New,EcomExpress,High,Clear,12,14.4,2.4,No,Delivered,4
ORD002292,2026-02-23,Kolkata,WB,North,6.8,1.08,Express,Prepaid,Returning,Delhivery,High,Rain,8,13.0,5.0,No,Delivered,4
ORD002293,2026-02-23,Hyderabad,TG,North,3.4,1.15,SameDay,Prepaid,VIP,Delhivery,Severe,Heatwave,7,11.6,4.6,No,Delivered,4
ORD002294,2026-03-04,Coimbatore,TN,Central,8.0,1.24,Express,Prepaid,Returning,Delhivery,High,Clear,16,17.8,1.8,No,Delivered,5
ORD002295,2026-01-20,Coimbatore,TN,South,10.2,0.99,SameDay,Prepaid,New,EcomExpress,Medium,Fog,6,9.2,3.2,No,Delivered,5
ORD002296,2026-02-08,Bhopal,MP,North,6.6,0.66,Express,COD,Returning,XpressBees,High,Clear,10,14.2,4.2,No,Delivered,4
ORD002297,2025-12-22,Bangalore,KA,North,3.9,0.95,Standard,COD,Returning,Delhivery,Medium,Rain,16,21.6,5.6,No,Delivered,4
ORD002298,2026-01-16,Lucknow,UP,South,8.4,3.19,Standard,Prepaid,Returning,EcomExpress,Low,Clear,41,43.8,2.8,No,Delivered,4
ORD002299,2026-01-14,Hyderabad,TG,East,17.3,1.08,Standard,Prepaid,New,Delhivery,High,Rain,18,24.7,6.7,No,Delivered,3
ORD002300,2025-12-25,Chandigarh,CH,West,0.5,1.64,Standard,Prepaid,Returning,BlueDart,High,Clear,47,48.5,1.5,No,Delivered,4
ORD002301,2025-12-18,Chennai,TN,South,8.4,0.59,Standard,Prepaid,Returning,Delhivery,Low,Clear,25,28.8,3.8,No,Delivered,4
ORD002302,2026-02-23,Delhi,DL,North,5.3,0.93,Standard,Prepaid,New,XpressBees,High,Rain,30,36.0,6.0,No,Delivered,4
ORD002303,2026-01-09,Indore,MP,North,5.8,0.61,Express,Prepaid,Returning,DTDC,Medium,Rain,10,14.6,4.6,No,RTO,3
ORD002304,2026-01-06,Chandigarh,CH,South,7.1,2.4,Standard,Prepaid,Returning,DTDC,Low,Rain,38,39.7,1.7,No,Delivered,4
ORD002305,2026-01-20,Gurgaon,HR,East,6.1,0.43,Standard,Prepaid,Returning,EcomExpress,High,Clear,44,47.7,3.7,No,NDR_Pending,3
ORD002306,2025-12-26,Pune,MH,West,9.9,1.38,Express,Prepaid,VIP,AmazonLogistics,High,Rain,17,20.4,3.4,No,Delivered,5
ORD002307,2025-12-17,Kolkata,WB,South,6.5,1.36,Standard,Prepaid,Returning,DTDC,Medium,Clear,23,27.7,4.7,No,Delivered,4
ORD002308,2026-01-26,Bangalore,KA,West,0.5,1.3,Standard,Prepaid,Returning,Delhivery,Low,Rain,34,35.2,1.2,No,Delivered,4
ORD002309,2026-02-22,Kolkata,WB,South,12.6,0.27,Standard,Prepaid,Returning,Shadowfax,Medium,Clear,37,38.8,1.8,No,Delivered,4
ORD002310,2026-02-25,Surat,GJ,West,12.0,0.33,Standard,COD,New,AmazonLogistics,Low,Clear,41,41.9,0.9,No,Delivered,5
ORD002311,2025-12-23,Chennai,TN,South,5.1,1.19,Express,Prepaid,New,EcomExpress,Severe,Clear,13,17.4,4.4,No,Delivered,4
ORD002312,2026-02-22,Pune,MH,West,7.7,0.64,Standard,Prepaid,Returning,BlueDart,Medium,Storm,47,52.9,5.9,No,Delivered,4
ORD002313,2026-01-05,Surat,GJ,South,12.4,0.75,SameDay,COD,New,XpressBees,High,Rain,5,11.7,6.7,No,Delivered,4
ORD002314,2026-02-16,Pune,MH,Central,11.6,0.86,Standard,Prepaid,New,Delhivery,Low,Clear,38,39.8,1.8,No,Delivered,4
ORD002315,2026-01-02,Hyderabad,TG,South,12.9,0.59,Express,Prepaid,Returning,Ekart,Low,Rain,14,18.6,4.6,No,Delivered,4
ORD002316,2026-01-02,Mumbai,MH,North,9.0,0.53,Standard,COD,New,Delhivery,Medium,Clear,17,18.0,1.0,No,NDR_Pending,4
ORD002317,2026-01-13,Pune,MH,North,10.6,1.11,Standard,COD,New,Delhivery,High,Clear,33,38.3,5.3,No,Delivered,3
ORD002318,2026-02-12,Jaipur,RJ,South,13.1,0.35,Standard,Prepaid,Returning,Delhivery,Severe,Clear,50,55.9,5.9,No,Delivered,5
ORD002319,2026-01-11,Chandigarh,CH,South,6.1,0.82,Standard,Prepaid,New,BlueDart,Medium,Rain,18,20.3,2.3,No,Delivered,3
ORD002320,2026-02-24,Patna,BR,West,9.3,0.74,SameDay,COD,Returning,Ekart,Medium,Heatwave,4,7.9,3.9,No,Delivered,4
ORD002321,2026-02-24,Pune,MH,West,0.5,1.09,Express,Prepaid,New,AmazonLogistics,Low,Heatwave,17,17.6,0.6,No,Delivered,5
ORD002322,2026-02-19,Mumbai,MH,North,1.2,4.63,Standard,Prepaid,Returning,Ekart,High,Clear,22,21.6,-0.4,Yes,Delivered,5
ORD002323,2025-12-23,Kolkata,WB,West,9.5,0.61,Express,COD,Returning,Shadowfax,Medium,Clear,12,16.4,4.4,No,Delivered,4
ORD002324,2026-01-29,Kochi,KL,West,10.1,1.41,Standard,COD,Returning,Shadowfax,Severe,Fog,50,59.5,9.5,No,Delivered,4
ORD002325,2025-12-28,Coimbatore,TN,South,6.0,1.26,SameDay,Prepaid,New,BlueDart,Medium,Clear,6,5.8,-0.2,Yes,Delivered,4
ORD002326,2026-01-25,Bhopal,MP,South,5.1,1.55,Standard,Prepaid,Returning,Delhivery,High,Clear,16,18.2,2.2,No,Delivered,4
ORD002327,2025-12-12,Kolkata,WB,North,6.1,0.97,Standard,Prepaid,New,Ekart,High,Storm,23,31.4,8.4,No,Delivered,3
ORD002328,2026-02-19,Bangalore,KA,South,8.3,2.62,Standard,COD,Returning,Shadowfax,Low,Clear,46,48.6,2.6,No,RTO,3
ORD002329,2026-01-04,Mumbai,MH,East,0.5,1.67,Standard,COD,New,Shadowfax,Medium,Clear,45,47.1,2.1,No,Delivered,4
ORD002330,2026-01-21,Delhi,DL,East,9.4,1.68,SameDay,COD,New,Shadowfax,Severe,Fog,7,15.5,8.5,No,Delivered,4
ORD002331,2026-01-03,Pune,MH,West,7.6,0.47,Standard,Prepaid,New,AmazonLogistics,Medium,Rain,33,36.6,3.6,No,Delivered,4
ORD002332,2025-12-27,Chandigarh,CH,South,8.5,1.17,Standard,COD,New,EcomExpress,Medium,Heatwave,22,24.4,2.4,No,Delivered,4
ORD002333,2025-12-27,Chennai,TN,West,7.0,0.81,Express,Prepaid,New,DTDC,High,Rain,13,17.8,4.8,No,Delivered,4
ORD002334,2026-01-15,Bhopal,MP,West,2.0,0.66,Standard,Prepaid,New,DTDC,Medium,Clear,42,44.8,2.8,No,NDR_Pending,4
ORD002335,2026-02-11,Indore,MP,South,3.1,0.76,Standard,COD,Returning,AmazonLogistics,Severe,Rain,43,50.0,7.0,No,Delivered,4
ORD002336,2026-02-20,Surat,GJ,East,13.6,1.07,Express,Prepaid,Returning,Delhivery,Medium,Rain,16,20.9,4.9,No,NDR_Pending,3
ORD002337,2025-12-28,Lucknow,UP,North,4.9,1.45,Standard,Prepaid,Returning,Delhivery,High,Heatwave,38,41.1,3.1,No,Delivered,3
ORD002338,2025-12-06,Bhopal,MP,North,10.7,1.99,Express,Prepaid,New,Shadowfax,Medium,Clear,17,20.5,3.5,No,Delivered,5
ORD002339,2025-12-22,Mumbai,MH,North,3.2,1.94,Standard,COD,New,AmazonLogistics,Medium,Clear,16,16.2,0.2,No,Delivered,4
ORD002340,2026-01-11,Pune,MH,North,7.4,1.32,Standard,Prepaid,VIP,Ekart,Low,Clear,34,37.1,3.1,No,Delivered,4
ORD002341,2026-01-29,Jaipur,RJ,East,5.7,1.14,Standard,Prepaid,New,XpressBees,Low,Clear,35,35.3,0.3,No,Delivered,5
ORD002342,2026-02-21,Ahmedabad,GJ,South,6.4,0.91,Standard,Prepaid,Returning,EcomExpress,Medium,Storm,31,35.5,4.5,No,Delivered,4
ORD002343,2026-01-14,Surat,GJ,North,6.1,0.95,Standard,COD,Returning,EcomExpress,Medium,Storm,40,46.1,6.1,No,NDR_Pending,2
ORD002344,2026-01-23,Coimbatore,TN,South,13.3,0.69,Standard,COD,Returning,XpressBees,High,Clear,49,54.2,5.2,No,Delivered,3
ORD002345,2026-01-09,Indore,MP,South,15.2,0.85,Express,Prepaid,Returning,EcomExpress,Low,Heatwave,10,13.2,3.2,No,Delivered,5
ORD002346,2026-01-09,Chennai,TN,South,8.5,1.37,Standard,COD,Returning,XpressBees,Low,Clear,13,13.6,0.6,No,Delivered,5
ORD002347,2026-02-11,Kolkata,WB,North,5.8,2.78,Express,Prepaid,Returning,AmazonLogistics,Medium,Fog,10,13.8,3.8,No,Delivered,4
ORD002348,2026-02-07,Patna,BR,West,2.2,1.01,Standard,Prepaid,Returning,BlueDart,Medium,Rain,30,33.9,3.9,No,Delivered,4
ORD002349,2026-02-07,Hyderabad,TG,North,1.9,0.68,SameDay,Prepaid,New,BlueDart,Medium,Rain,6,8.5,2.5,No,NDR_Pending,4
ORD002350,2026-01-29,Surat,GJ,East,13.3,1.98,Standard,Prepaid,Returning,Delhivery,Low,Rain,39,40.9,1.9,No,Delivered,4
ORD002351,2026-02-15,Surat,GJ,North,1.6,0.33,Express,Prepaid,New,EcomExpress,High,Rain,11,15.3,4.3,No,Delivered,4
ORD002352,2026-01-25,Patna,BR,West,5.7,2.07,Standard,Prepaid,Returning,DTDC,High,Fog,18,22.4,4.4,No,Delivered,4
ORD002353,2026-03-02,Coimbatore,TN,East,8.1,0.47,Standard,Prepaid,Returning,BlueDart,High,Clear,41,41.7,0.7,No,Delivered,5
ORD002354,2025-12-26,Lucknow,UP,North,0.5,1.64,Standard,COD,New,Delhivery,Medium,Fog,12,15.3,3.3,No,Delivered,4
ORD002355,2026-02-02,Kolkata,WB,North,2.5,0.83,Express,Prepaid,Returning,Delhivery,High,Clear,10,14.8,4.8,No,Delivered,4
ORD002356,2026-02-26,Ahmedabad,GJ,Central,2.1,1.34,Express,COD,VIP,Delhivery,High,Clear,7,10.3,3.3,No,Delivered,5
ORD002357,2025-12-21,Jaipur,RJ,South,4.8,3.86,Express,COD,New,XpressBees,High,Rain,7,12.4,5.4,No,Delivered,4
ORD002358,2025-12-12,Hyderabad,TG,West,8.5,0.67,Standard,Prepaid,New,XpressBees,Medium,Rain,25,30.0,5.0,No,Delivered,4
ORD002359,2025-12-07,Nagpur,MH,North,11.6,0.61,Standard,COD,Returning,Shadowfax,Medium,Heatwave,21,25.6,4.6,No,Delivered,4
ORD002360,2026-02-05,Hyderabad,TG,North,4.8,1.16,Standard,Prepaid,New,Shadowfax,Medium,Clear,29,28.8,-0.2,Yes,Delivered,4
ORD002361,2025-12-09,Nagpur,MH,South,5.7,2.76,Express,Prepaid,New,Delhivery,Medium,Clear,7,11.1,4.1,No,Delivered,4
ORD002362,2026-02-03,Patna,BR,East,7.0,1.23,Standard,COD,VIP,Shadowfax,High,Clear,36,40.1,4.1,No,RTO,2
ORD002363,2026-01-19,Noida,UP,North,4.3,1.14,Express,Prepaid,New,Delhivery,Medium,Fog,10,14.9,4.9,No,Delivered,4
ORD002364,2025-12-16,Delhi,DL,East,9.2,1.22,Express,Prepaid,New,Ekart,Low,Storm,11,15.3,4.3,No,Delivered,5
ORD002365,2026-01-03,Patna,BR,West,9.3,0.6,Standard,COD,Returning,Delhivery,Low,Fog,41,42.9,1.9,No,Delivered,4
ORD002366,2025-12-14,Pune,MH,North,0.5,1.23,Express,COD,New,BlueDart,Low,Clear,14,14.3,0.3,No,Delivered,4
ORD002367,2026-01-03,Kolkata,WB,South,10.1,0.87,Standard,Prepaid,Returning,Delhivery,Medium,Fog,14,17.2,3.2,No,Delivered,4
ORD002368,2026-01-05,Bangalore,KA,North,8.0,2.44,Standard,Prepaid,Returning,AmazonLogistics,Low,Clear,21,23.0,2.0,No,Delivered,5
ORD002369,2026-02-16,Bangalore,KA,South,8.5,1.78,Standard,COD,Returning,Delhivery,Medium,Heatwave,20,21.9,1.9,No,Delivered,4
ORD002370,2025-12-12,Bangalore,KA,West,12.2,0.5,Standard,COD,New,Ekart,Medium,Clear,19,22.3,3.3,No,Reattempted,4
ORD002371,2026-02-01,Mumbai,MH,South,0.5,0.93,Standard,Prepaid,Returning,Delhivery,Medium,Clear,23,24.9,1.9,No,Delivered,4
ORD002372,2026-03-01,Bhopal,MP,North,2.5,1.52,Express,COD,Returning,AmazonLogistics,Severe,Clear,18,22.8,4.8,No,Delivered,4
ORD002373,2025-12-29,Pune,MH,West,7.2,0.61,Express,Prepaid,Returning,XpressBees,High,Rain,15,19.8,4.8,No,Delivered,4
ORD002374,2026-02-21,Ahmedabad,GJ,West,0.5,0.58,Standard,Prepaid,Returning,EcomExpress,Medium,Clear,16,15.1,-0.9,Yes,NDR_Pending,3
ORD002375,2026-02-16,Kochi,KL,South,6.7,0.84,SameDay,COD,Returning,EcomExpress,Medium,Clear,4,4.8,0.8,No,Delivered,4
ORD002376,2026-03-01,Noida,UP,West,10.9,1.36,Express,Prepaid,New,BlueDart,High,Rain,14,18.3,4.3,No,Delivered,5
ORD002377,2026-01-01,Chandigarh,CH,North,9.1,2.06,Standard,Prepaid,Returning,AmazonLogistics,Severe,Heatwave,48,51.6,3.6,No,Delivered,4
ORD002378,2026-03-05,Delhi,DL,West,7.8,1.27,Standard,Prepaid,Returning,AmazonLogistics,Medium,Rain,13,16.1,3.1,No,Delivered,4
ORD002379,2026-02-18,Noida,UP,South,6.6,4.84,Express,Prepaid,Returning,Delhivery,Low,Clear,17,17.2,0.2,No,Delivered,4
ORD002380,2025-12-25,Kochi,KL,South,5.8,0.74,Standard,Prepaid,Returning,BlueDart,High,Rain,24,27.0,3.0,No,Delivered,4
ORD002381,2026-02-14,Bangalore,KA,North,5.6,1.72,Standard,Prepaid,Returning,EcomExpress,Low,Clear,18,17.4,-0.6,Yes,Delivered,5
ORD002382,2026-02-13,Jaipur,RJ,West,8.4,0.57,SameDay,Prepaid,Returning,Delhivery,High,Clear,7,8.6,1.6,No,Delivered,4
ORD002383,2025-12-12,Gurgaon,HR,West,1.3,2.91,Express,Prepaid,Returning,XpressBees,Low,Clear,13,13.6,0.6,No,Delivered,4
ORD002384,2026-01-15,Ahmedabad,GJ,South,13.4,2.5,Express,Prepaid,New,BlueDart,Low,Clear,10,10.6,0.6,No,Delivered,4
ORD002385,2026-02-22,Bangalore,KA,East,4.5,1.69,Express,Prepaid,Returning,EcomExpress,High,Clear,8,11.2,3.2,No,Delivered,4
ORD002386,2025-12-08,Chandigarh,CH,East,9.7,0.39,Standard,COD,Returning,AmazonLogistics,High,Clear,35,38.5,3.5,No,Delivered,4
ORD002387,2026-03-03,Noida,UP,North,7.8,1.68,Express,Prepaid,New,AmazonLogistics,Medium,Clear,11,12.1,1.1,No,Delivered,5
ORD002388,2026-01-20,Noida,UP,West,2.9,0.68,Express,Prepaid,Returning,AmazonLogistics,High,Rain,16,20.7,4.7,No,Delivered,4
ORD002389,2026-01-06,Noida,UP,South,12.7,1.45,Standard,COD,VIP,Delhivery,High,Clear,32,34.9,2.9,No,RTO,3
ORD002390,2025-12-12,Chandigarh,CH,Central,11.8,0.46,Standard,COD,Returning,Ekart,Medium,Clear,47,51.0,4.0,No,Reattempted,4
ORD002391,2026-01-29,Lucknow,UP,North,1.2,1.3,Standard,COD,New,XpressBees,Severe,Clear,45,50.5,5.5,No,Delivered,3
ORD002392,2026-03-04,Bangalore,KA,South,7.2,0.89,Express,COD,Returning,Shadowfax,Medium,Rain,15,19.1,4.1,No,Delivered,4
ORD002393,2026-01-11,Nagpur,MH,South,8.3,0.69,Express,Prepaid,Returning,Delhivery,Low,Fog,18,20.6,2.6,No,Delivered,5
ORD002394,2026-02-18,Hyderabad,TG,North,0.5,1.58,Express,COD,New,Ekart,High,Clear,14,17.3,3.3,No,Delivered,4
ORD002395,2026-01-03,Lucknow,UP,West,0.5,1.07,Standard,Prepaid,New,XpressBees,Medium,Rain,22,25.7,3.7,No,Delivered,5
ORD002396,2026-02-18,Kochi,KL,South,4.2,0.98,Express,Prepaid,Returning,AmazonLogistics,High,Fog,17,19.8,2.8,No,Delivered,4
ORD002397,2026-03-02,Gurgaon,HR,North,2.2,1.72,Standard,Prepaid,Returning,XpressBees,Low,Rain,30,33.3,3.3,No,Delivered,5
ORD002398,2025-12-12,Chennai,TN,South,3.3,3.46,SameDay,COD,Returning,AmazonLogistics,Low,Clear,7,9.7,2.7,No,Delivered,4
ORD002399,2025-12-29,Chennai,TN,East,2.2,1.3,Standard,Prepaid,Returning,DTDC,Low,Clear,12,12.8,0.8,No,Delivered,4
ORD002400,2025-12-05,Coimbatore,TN,East,7.0,0.37,Express,COD,Returning,Ekart,High,Clear,18,23.6,5.6,No,Delivered,4
ORD002401,2026-02-13,Mumbai,MH,South,3.9,0.43,Standard,Prepaid,Returning,EcomExpress,High,Clear,27,30.7,3.7,No,Delivered,5
ORD002402,2025-12-29,Indore,MP,South,12.0,1.15,Standard,COD,Returning,EcomExpress,Medium,Clear,45,48.6,3.6,No,Delivered,4
ORD002403,2026-03-02,Coimbatore,TN,North,8.2,2.05,Standard,Prepaid,New,DTDC,Low,Heatwave,39,40.6,1.6,No,Delivered,5
ORD002404,2026-02-18,Indore,MP,East,10.7,1.2,Express,Prepaid,Returning,Shadowfax,Medium,Clear,14,15.9,1.9,No,Delivered,5
ORD002405,2025-12-18,Ahmedabad,GJ,West,0.7,1.5,Standard,Prepaid,New,XpressBees,Medium,Clear,27,27.2,0.2,No,Delivered,4
ORD002406,2026-01-26,Bhopal,MP,West,5.0,1.07,Express,Prepaid,Returning,DTDC,High,Storm,12,20.1,8.1,No,Delivered,3
ORD002407,2026-01-15,Ahmedabad,GJ,East,8.0,1.97,Standard,COD,Returning,XpressBees,High,Rain,22,27.2,5.2,No,Delivered,4
ORD002408,2026-02-02,Coimbatore,TN,North,9.3,1.6,Standard,Prepaid,Returning,AmazonLogistics,Low,Clear,36,38.9,2.9,No,Delivered,4
ORD002409,2026-01-27,Lucknow,UP,West,4.9,0.6,Standard,Prepaid,Returning,EcomExpress,Medium,Storm,33,38.8,5.8,No,Delivered,4
ORD002410,2025-12-16,Mumbai,MH,North,5.5,1.45,Standard,Prepaid,New,AmazonLogistics,High,Clear,17,20.0,3.0,No,Delivered,4
ORD002411,2026-01-31,Surat,GJ,North,5.9,0.44,Standard,Prepaid,New,Delhivery,Medium,Clear,44,44.2,0.2,No,Delivered,5
ORD002412,2026-01-15,Mumbai,MH,South,6.3,1.45,Standard,Prepaid,New,XpressBees,Medium,Clear,13,15.9,2.9,No,Delivered,4
ORD002413,2026-01-02,Gurgaon,HR,South,16.2,0.93,Standard,Prepaid,Returning,Ekart,High,Clear,31,35.3,4.3,No,Delivered,4
ORD002414,2026-01-16,Nagpur,MH,Central,8.8,1.22,Standard,Prepaid,Returning,EcomExpress,Medium,Rain,20,23.4,3.4,No,Delivered,4
ORD002415,2026-02-27,Ahmedabad,GJ,South,7.7,1.34,Standard,COD,New,EcomExpress,Low,Clear,19,20.2,1.2,No,Delivered,4
ORD002416,2026-03-04,Lucknow,UP,East,2.5,1.31,Standard,Prepaid,Returning,EcomExpress,Medium,Rain,29,30.8,1.8,No,Delivered,5
ORD002417,2026-01-03,Nagpur,MH,West,2.6,2.59,Express,Prepaid,New,XpressBees,High,Clear,14,17.0,3.0,No,Delivered,4
ORD002418,2026-02-13,Chennai,TN,West,6.6,1.13,Standard,Prepaid,Returning,BlueDart,Medium,Heatwave,29,31.0,2.0,No,Delivered,5
ORD002419,2026-02-14,Chennai,TN,Central,12.0,1.24,Standard,Prepaid,Returning,Delhivery,High,Clear,48,50.4,2.4,No,Delivered,5
ORD002420,2025-12-17,Jaipur,RJ,South,6.7,2.45,Standard,Prepaid,New,Ekart,Medium,Heatwave,40,43.4,3.4,No,Delivered,4
ORD002421,2026-01-20,Chennai,TN,South,6.9,3.45,Standard,Prepaid,New,EcomExpress,Medium,Clear,24,28.6,4.6,No,Reattempted,5
ORD002422,2026-01-15,Patna,BR,North,4.5,1.09,Standard,COD,Returning,Shadowfax,High,Fog,31,35.1,4.1,No,Delivered,4
ORD002423,2026-01-17,Delhi,DL,North,0.5,0.81,Standard,Prepaid,Returning,XpressBees,Medium,Fog,25,28.4,3.4,No,Delivered,5
ORD002424,2026-02-13,Bhopal,MP,East,9.2,0.84,Standard,COD,Returning,Delhivery,Medium,Clear,22,26.8,4.8,No,Delivered,4
ORD002425,2026-03-02,Kolkata,WB,South,6.5,1.45,Express,COD,Returning,Delhivery,Low,Clear,18,18.8,0.8,No,Delivered,4
ORD002426,2026-02-14,Indore,MP,South,9.3,0.98,Express,Prepaid,New,Ekart,High,Rain,11,17.0,6.0,No,Delivered,4
ORD002427,2025-12-12,Bangalore,KA,North,8.1,0.39,Standard,Prepaid,Returning,DTDC,Medium,Rain,21,25.7,4.7,No,NDR_Pending,4
ORD002428,2026-01-15,Ahmedabad,GJ,South,3.6,2.17,Standard,COD,Returning,Delhivery,High,Clear,33,37.3,4.3,No,Delivered,4
ORD002429,2026-03-02,Patna,BR,West,8.4,1.8,Standard,Prepaid,Returning,AmazonLogistics,Medium,Rain,39,44.4,5.4,No,Delivered,4
ORD002430,2026-02-17,Chennai,TN,South,2.3,2.2,Standard,COD,Returning,Shadowfax,Medium,Storm,36,39.2,3.2,No,NDR_Pending,3
ORD002431,2026-02-24,Delhi,DL,West,8.4,2.48,SameDay,Prepaid,Returning,Delhivery,Medium,Storm,8,13.9,5.9,No,Delivered,4
ORD002432,2026-01-17,Surat,GJ,West,7.2,1.24,Standard,Prepaid,Returning,DTDC,Medium,Clear,20,21.7,1.7,No,Delivered,4
ORD002433,2026-02-15,Bangalore,KA,East,13.7,1.29,Standard,COD,New,Shadowfax,High,Clear,18,22.7,4.7,No,Delivered,4
ORD002434,2025-12-08,Kolkata,WB,North,4.0,2.02,Express,COD,Returning,EcomExpress,Low,Clear,7,8.6,1.6,No,Delivered,4
ORD002435,2026-01-14,Lucknow,UP,West,2.2,0.53,Express,Prepaid,New,AmazonLogistics,Severe,Rain,12,17.1,5.1,No,Delivered,4
ORD002436,2026-02-16,Indore,MP,North,5.8,0.89,Standard,Prepaid,Returning,EcomExpress,Low,Storm,43,46.3,3.3,No,Delivered,3
ORD002437,2026-01-19,Nagpur,MH,South,9.9,1.07,Express,Prepaid,VIP,EcomExpress,Medium,Clear,7,8.2,1.2,No,Delivered,4
ORD002438,2026-03-05,Kochi,KL,West,0.5,1.92,Express,Prepaid,New,EcomExpress,Low,Clear,10,13.0,3.0,No,Delivered,4
ORD002439,2025-12-08,Bhopal,MP,West,11.0,0.8,Express,COD,Returning,AmazonLogistics,High,Clear,18,20.1,2.1,No,Delivered,4
ORD002440,2025-12-30,Pune,MH,North,6.7,0.72,Standard,Prepaid,Returning,DTDC,Medium,Clear,42,45.7,3.7,No,Delivered,5
ORD002441,2026-01-14,Ahmedabad,GJ,East,2.9,0.85,Express,Prepaid,Returning,Ekart,Medium,Storm,12,15.8,3.8,No,Delivered,4
ORD002442,2026-02-03,Mumbai,MH,North,6.0,1.46,Standard,Prepaid,New,EcomExpress,Severe,Rain,49,55.9,6.9,No,Delivered,3
ORD002443,2025-12-31,Mumbai,MH,West,4.5,1.06,Standard,COD,Returning,AmazonLogistics,High,Clear,16,21.3,5.3,No,Delivered,3
ORD002444,2026-01-10,Hyderabad,TG,Central,2.6,0.46,Standard,Prepaid,Returning,XpressBees,Low,Clear,45,46.8,1.8,No,NDR_Pending,4
ORD002445,2026-01-22,Indore,MP,South,0.5,0.52,Standard,Prepaid,VIP,EcomExpress,High,Clear,37,37.9,0.9,No,Delivered,5
ORD002446,2026-01-10,Chandigarh,CH,East,10.4,1.2,Standard,COD,Returning,Delhivery,Medium,Rain,18,22.4,4.4,No,Delivered,4
ORD002447,2026-01-22,Patna,BR,West,5.3,1.22,Standard,COD,Returning,AmazonLogistics,Low,Rain,48,50.6,2.6,No,Delivered,4
ORD002448,2026-02-26,Nagpur,MH,East,5.9,1.12,Standard,Prepaid,New,EcomExpress,Medium,Clear,14,17.2,3.2,No,Delivered,4
ORD002449,2026-01-26,Patna,BR,West,10.9,0.83,SameDay,Prepaid,New,XpressBees,High,Clear,8,12.1,4.1,No,Delivered,5
ORD002450,2026-03-02,Bangalore,KA,West,7.7,1.77,Standard,COD,Returning,XpressBees,Medium,Heatwave,39,42.5,3.5,No,Delivered,4
ORD002451,2026-01-08,Bhopal,MP,North,1.3,1.38,Standard,Prepaid,Returning,Delhivery,High,Fog,25,31.9,6.9,No,Delivered,3
ORD002452,2025-12-14,Chandigarh,CH,West,10.2,1.35,Express,Prepaid,Returning,Ekart,High,Clear,19,24.7,5.7,No,Delivered,3
ORD002453,2026-02-10,Pune,MH,North,13.4,1.38,Standard,Prepaid,Returning,AmazonLogistics,Medium,Clear,23,25.9,2.9,No,Delivered,4
ORD002454,2026-02-09,Lucknow,UP,Central,9.5,2.88,Express,COD,New,Shadowfax,Medium,Storm,11,16.5,5.5,No,NDR_Pending,3
ORD002455,2025-12-21,Bhopal,MP,North,4.0,0.6,Standard,COD,New,DTDC,High,Rain,33,35.5,2.5,No,Delivered,4
ORD002456,2025-12-21,Lucknow,UP,North,1.6,0.86,Standard,Prepaid,Returning,Shadowfax,Medium,Heatwave,28,28.5,0.5,No,Delivered,4
ORD002457,2025-12-14,Bhopal,MP,East,3.9,0.9,Standard,Prepaid,New,AmazonLogistics,Low,Clear,41,39.2,-1.8,Yes,Delivered,4
ORD002458,2026-01-22,Gurgaon,HR,North,7.9,2.35,Standard,COD,New,Delhivery,Medium,Clear,32,34.6,2.6,No,Delivered,3
ORD002459,2026-01-06,Lucknow,UP,South,13.2,0.88,Express,Prepaid,New,Shadowfax,High,Clear,13,18.2,5.2,No,Delivered,4
ORD002460,2026-02-15,Pune,MH,West,4.5,0.69,Standard,COD,Returning,EcomExpress,Medium,Fog,17,23.9,6.9,No,Delivered,3
ORD002461,2026-02-27,Kolkata,WB,North,4.9,1.04,Standard,Prepaid,New,Shadowfax,Medium,Rain,21,25.9,4.9,No,Delivered,5
ORD002462,2025-12-25,Hyderabad,TG,North,11.6,1.18,Standard,Prepaid,VIP,Shadowfax,Low,Clear,14,14.8,0.8,No,Delivered,5
ORD002463,2026-01-15,Lucknow,UP,South,5.8,2.27,Express,Prepaid,Returning,Delhivery,Low,Storm,9,13.8,4.8,No,Delivered,4
ORD002464,2026-01-03,Indore,MP,North,14.4,0.88,Standard,Prepaid,New,Ekart,Severe,Heatwave,43,50.2,7.2,No,Delivered,4
ORD002465,2025-12-21,Lucknow,UP,North,6.9,0.73,Express,Prepaid,Returning,Delhivery,Medium,Clear,17,17.1,0.1,No,Delivered,5
ORD002466,2026-02-28,Bangalore,KA,North,12.2,0.64,Express,COD,Returning,Delhivery,High,Rain,12,17.4,5.4,No,Delivered,4
ORD002467,2026-02-09,Kolkata,WB,South,9.0,0.9,Standard,Prepaid,VIP,BlueDart,High,Rain,34,38.4,4.4,No,RTO,3
ORD002468,2026-01-12,Kochi,KL,South,10.3,5.15,Express,Prepaid,Returning,XpressBees,Medium,Clear,12,17.1,5.1,No,Delivered,4
ORD002469,2025-12-18,Mumbai,MH,North,6.8,1.39,Express,Prepaid,New,Delhivery,High,Rain,17,22.6,5.6,No,NDR_Pending,4
ORD002470,2025-12-11,Hyderabad,TG,West,7.1,1.58,Standard,Prepaid,New,Shadowfax,Severe,Clear,49,52.3,3.3,No,Delivered,4
ORD002471,2026-02-05,Chandigarh,CH,West,9.2,1.1,Standard,Prepaid,VIP,DTDC,High,Heatwave,26,30.2,4.2,No,Delivered,5
ORD002472,2026-01-11,Pune,MH,North,10.7,1.2,Standard,Prepaid,VIP,Delhivery,High,Fog,41,47.6,6.6,No,Delivered,3
ORD002473,2025-12-06,Jaipur,RJ,South,9.6,1.77,Express,Prepaid,Returning,Ekart,Medium,Heatwave,9,11.8,2.8,No,Delivered,3
ORD002474,2026-01-15,Hyderabad,TG,East,0.5,1.55,Standard,COD,Returning,EcomExpress,High,Rain,27,31.6,4.6,No,Delivered,5
ORD002475,2026-01-10,Delhi,DL,West,8.5,1.36,Standard,Prepaid,Returning,XpressBees,Low,Clear,35,37.4,2.4,No,Delivered,5
ORD002476,2026-02-13,Jaipur,RJ,South,4.9,1.12,Express,Prepaid,Returning,Delhivery,High,Clear,7,11.8,4.8,No,Delivered,4
ORD002477,2026-01-23,Surat,GJ,South,5.3,0.89,Standard,Prepaid,Returning,DTDC,Medium,Rain,22,27.3,5.3,No,Delivered,4
ORD002478,2026-01-05,Bangalore,KA,North,9.3,1.43,Standard,Prepaid,New,AmazonLogistics,Medium,Clear,39,40.2,1.2,No,Delivered,4
ORD002479,2025-12-08,Pune,MH,East,14.3,1.16,Express,Prepaid,New,Delhivery,Severe,Rain,9,16.5,7.5,No,Delivered,3
ORD002480,2025-12-16,Delhi,DL,East,6.6,3.97,Express,Prepaid,Returning,Delhivery,High,Clear,8,11.0,3.0,No,Delivered,4
ORD002481,2026-01-27,Kochi,KL,East,15.4,2.08,Standard,Prepaid,Returning,EcomExpress,Low,Clear,39,42.6,3.6,No,Delivered,4
ORD002482,2026-02-13,Chandigarh,CH,North,3.1,0.74,Standard,Prepaid,Returning,Delhivery,High,Clear,44,46.4,2.4,No,Delivered,4
ORD002483,2025-12-23,Bangalore,KA,South,12.4,0.55,Express,Prepaid,VIP,Ekart,Severe,Rain,20,25.2,5.2,No,Delivered,4
ORD002484,2026-01-08,Kolkata,WB,North,9.2,0.87,Standard,Prepaid,New,XpressBees,High,Clear,14,18.4,4.4,No,Delivered,4
ORD002485,2025-12-13,Kolkata,WB,South,8.3,0.58,SameDay,Prepaid,Returning,XpressBees,High,Rain,5,11.2,6.2,No,Delivered,4
ORD002486,2025-12-07,Ahmedabad,GJ,South,13.0,0.84,Standard,Prepaid,Returning,Ekart,High,Clear,36,39.7,3.7,No,Delivered,4
ORD002487,2026-02-08,Hyderabad,TG,West,5.0,0.62,Express,Prepaid,Returning,AmazonLogistics,High,Rain,8,14.4,6.4,No,Delivered,4
ORD002488,2026-02-18,Pune,MH,North,12.6,0.91,Express,Prepaid,New,AmazonLogistics,Medium,Rain,8,11.1,3.1,No,Delivered,4
ORD002489,2026-02-15,Surat,GJ,East,6.7,0.91,Standard,COD,Returning,EcomExpress,Medium,Clear,41,45.3,4.3,No,Delivered,3
ORD002490,2026-03-02,Ahmedabad,GJ,North,4.9,1.21,Standard,COD,VIP,EcomExpress,High,Clear,48,50.2,2.2,No,Reattempted,4
ORD002491,2026-02-05,Kolkata,WB,North,2.2,0.98,SameDay,Prepaid,Returning,EcomExpress,Severe,Clear,9,13.8,4.8,No,Delivered,3
ORD002492,2026-03-02,Chennai,TN,East,13.8,0.64,Express,COD,Returning,BlueDart,Low,Clear,14,15.2,1.2,No,Delivered,5
ORD002493,2025-12-30,Gurgaon,HR,West,12.1,2.29,Standard,Prepaid,New,BlueDart,Medium,Rain,38,41.8,3.8,No,Delivered,4
ORD002494,2026-01-30,Nagpur,MH,South,5.6,1.41,Standard,Prepaid,New,Delhivery,Medium,Clear,30,32.7,2.7,No,Delivered,3
ORD002495,2026-01-01,Jaipur,RJ,West,9.7,0.8,Standard,COD,Returning,BlueDart,High,Fog,38,43.3,5.3,No,Delivered,4
ORD002496,2025-12-29,Hyderabad,TG,North,8.0,0.65,Standard,COD,Returning,Shadowfax,High,Rain,39,44.0,5.0,No,Delivered,4
ORD002497,2025-12-31,Bhopal,MP,North,6.1,0.46,Standard,Prepaid,Returning,EcomExpress,High,Clear,15,18.1,3.1,No,Delivered,5
ORD002498,2026-02-21,Chandigarh,CH,South,11.4,0.44,Standard,Prepaid,Returning,Delhivery,Low,Fog,40,48.4,8.4,No,Reattempted,3
ORD002499,2026-02-10,Mumbai,MH,South,5.0,2.07,Standard,COD,New,BlueDart,Medium,Rain,18,21.9,3.9,No,Delivered,4
ORD002500,2025-12-21,Gurgaon,HR,West,0.5,1.94,Express,Prepaid,New,Shadowfax,High,Clear,9,11.6,2.6,No,Delivered,4
ORD002501,2026-01-21,Kochi,KL,North,8.5,0.78,SameDay,Prepaid,New,DTDC,Medium,Rain,6,10.8,4.8,No,Delivered,3
ORD002502,2026-02-11,Pune,MH,West,7.8,2.51,SameDay,Prepaid,New,DTDC,Low,Storm,4,7.0,3.0,No,Delivered,4
ORD002503,2026-02-11,Patna,BR,West,5.1,1.6,Express,COD,New,EcomExpress,Medium,Clear,12,15.5,3.5,No,Delivered,4
ORD002504,2026-02-22,Delhi,DL,North,3.9,1.25,Standard,Prepaid,Returning,Delhivery,High,Clear,45,48.8,3.8,No,Delivered,4
ORD002505,2026-02-08,Pune,MH,North,1.3,1.85,Standard,Prepaid,Returning,EcomExpress,Medium,Clear,27,26.2,-0.8,Yes,Delivered,4
ORD002506,2026-02-27,Delhi,DL,South,6.0,1.6,Standard,Prepaid,Returning,Delhivery,Low,Clear,33,36.9,3.9,No,Delivered,4
ORD002507,2026-02-13,Lucknow,UP,East,4.0,1.21,Standard,Prepaid,VIP,BlueDart,Medium,Rain,19,21.9,2.9,No,Delivered,5
ORD002508,2026-01-25,Nagpur,MH,West,11.4,0.96,Express,Prepaid,New,Ekart,Severe,Clear,19,23.2,4.2,No,Delivered,4
ORD002509,2025-12-17,Jaipur,RJ,West,9.6,1.04,Express,Prepaid,Returning,EcomExpress,Medium,Rain,8,12.6,4.6,No,Delivered,4
ORD002510,2026-03-02,Delhi,DL,South,5.6,0.42,Express,COD,New,EcomExpress,Medium,Clear,16,17.4,1.4,No,Delivered,4
ORD002511,2026-01-18,Bangalore,KA,North,9.6,0.68,Standard,COD,New,DTDC,Low,Clear,34,34.5,0.5,No,Delivered,5
ORD002512,2025-12-08,Chandigarh,CH,South,7.1,3.25,Standard,Prepaid,New,Shadowfax,Medium,Fog,28,31.8,3.8,No,Delivered,4
ORD002513,2026-01-16,Noida,UP,North,6.4,0.67,Express,COD,New,Delhivery,High,Clear,18,21.6,3.6,No,Reattempted,3
ORD002514,2025-12-08,Patna,BR,West,7.3,0.36,Standard,Prepaid,Returning,Delhivery,High,Clear,35,36.5,1.5,No,Delivered,4
ORD002515,2025-12-28,Delhi,DL,North,14.6,1.9,Standard,Prepaid,Returning,Ekart,Medium,Clear,28,30.0,2.0,No,Delivered,4
ORD002516,2026-02-12,Bhopal,MP,South,10.1,1.28,Express,Prepaid,Returning,Delhivery,Severe,Clear,14,18.1,4.1,No,Delivered,4
ORD002517,2026-02-13,Kochi,KL,South,6.3,1.33,Express,Prepaid,Returning,XpressBees,Medium,Clear,9,10.7,1.7,No,Delivered,4
ORD002518,2026-03-05,Surat,GJ,South,11.1,1.01,Standard,Prepaid,Returning,AmazonLogistics,High,Clear,21,25.0,4.0,No,Delivered,4
ORD002519,2025-12-24,Delhi,DL,West,10.9,1.91,Standard,Prepaid,Returning,EcomExpress,Low,Rain,27,30.7,3.7,No,Delivered,5
ORD002520,2025-12-18,Noida,UP,South,8.5,2.77,Express,Prepaid,Returning,DTDC,Medium,Rain,13,17.2,4.2,No,Delivered,5
ORD002521,2025-12-31,Jaipur,RJ,East,6.2,0.81,SameDay,Prepaid,Returning,Delhivery,High,Heatwave,8,9.9,1.9,No,Delivered,4
ORD002522,2026-01-08,Mumbai,MH,East,5.9,1.62,Standard,Prepaid,Returning,EcomExpress,Severe,Fog,27,34.1,7.1,No,Delivered,4
ORD002523,2025-12-27,Hyderabad,TG,East,3.2,2.16,Express,Prepaid,Returning,EcomExpress,High,Clear,7,8.7,1.7,No,Delivered,4
ORD002524,2026-03-04,Jaipur,RJ,West,8.2,0.78,Standard,COD,Returning,Ekart,High,Clear,15,17.1,2.1,No,NDR_Pending,4
ORD002525,2026-02-15,Pune,MH,West,5.1,2.73,Express,Prepaid,New,EcomExpress,High,Fog,9,15.5,6.5,No,Delivered,4
ORD002526,2026-02-22,Kolkata,WB,West,5.8,2.16,Standard,COD,Returning,Delhivery,High,Clear,31,33.2,2.2,No,RTO,4
ORD002527,2026-02-02,Lucknow,UP,South,10.0,0.52,Express,COD,VIP,Ekart,Medium,Clear,17,20.1,3.1,No,Delivered,4
ORD002528,2026-01-11,Gurgaon,HR,South,14.2,2.88,Express,Prepaid,VIP,Delhivery,Medium,Clear,14,16.3,2.3,No,Delivered,4
ORD002529,2025-12-30,Pune,MH,West,9.0,0.54,Standard,Prepaid,New,AmazonLogistics,High,Rain,44,47.6,3.6,No,Delivered,5
ORD002530,2026-02-24,Indore,MP,North,7.1,0.73,Standard,COD,New,XpressBees,High,Clear,15,20.7,5.7,No,Delivered,4
ORD002531,2025-12-17,Gurgaon,HR,North,7.4,1.67,Express,COD,New,XpressBees,Severe,Clear,19,24.1,5.1,No,Delivered,2
ORD002532,2026-01-15,Bhopal,MP,East,12.1,2.06,Standard,COD,Returning,AmazonLogistics,Medium,Clear,33,34.9,1.9,No,Delivered,4
ORD002533,2025-12-11,Gurgaon,HR,North,9.1,1.17,Express,COD,Returning,DTDC,Low,Rain,16,19.3,3.3,No,Delivered,4
ORD002534,2026-01-04,Bangalore,KA,South,8.3,0.76,Standard,Prepaid,Returning,Delhivery,Medium,Clear,24,26.3,2.3,No,RTO,3
ORD002535,2026-02-27,Bhopal,MP,West,8.6,0.95,Standard,Prepaid,VIP,Ekart,High,Rain,39,44.2,5.2,No,Delivered,4
ORD002536,2026-01-27,Noida,UP,North,1.8,0.88,Express,COD,New,Ekart,Low,Clear,9,9.3,0.3,No,Delivered,3
ORD002537,2025-12-13,Kolkata,WB,East,9.1,1.83,Standard,Prepaid,Returning,Ekart,High,Clear,36,38.6,2.6,No,Delivered,5
ORD002538,2025-12-30,Lucknow,UP,North,4.0,0.87,Express,Prepaid,Returning,XpressBees,Low,Clear,7,8.0,1.0,No,Delivered,4
ORD002539,2025-12-19,Surat,GJ,East,9.1,0.75,Standard,Prepaid,New,Shadowfax,Medium,Clear,40,41.4,1.4,No,Delivered,4
ORD002540,2026-02-02,Lucknow,UP,West,4.6,0.46,Standard,COD,Returning,Shadowfax,High,Clear,38,43.6,5.6,No,Delivered,4
ORD002541,2026-01-13,Chennai,TN,North,9.9,0.77,Standard,COD,Returning,Delhivery,Medium,Fog,14,18.5,4.5,No,Delivered,3
ORD002542,2025-12-31,Noida,UP,North,6.9,1.03,Standard,Prepaid,Returning,Shadowfax,High,Clear,33,36.7,3.7,No,Delivered,3
ORD002543,2026-02-05,Noida,UP,South,2.9,0.56,Express,Prepaid,VIP,XpressBees,Low,Heatwave,17,18.6,1.6,No,NDR_Pending,4
ORD002544,2026-01-20,Ahmedabad,GJ,South,6.3,0.39,Standard,Prepaid,New,XpressBees,Medium,Clear,47,48.7,1.7,No,Delivered,4
ORD002545,2026-02-06,Bhopal,MP,North,16.3,1.99,Standard,Prepaid,Returning,EcomExpress,High,Clear,16,21.7,5.7,No,Delivered,4
ORD002546,2026-02-13,Ahmedabad,GJ,Central,0.5,0.61,SameDay,COD,VIP,Shadowfax,Severe,Rain,9,16.2,7.2,No,Delivered,4
ORD002547,2025-12-20,Patna,BR,North,8.2,0.5,Standard,Prepaid,New,XpressBees,Low,Fog,32,36.4,4.4,No,Delivered,5
ORD002548,2026-02-21,Indore,MP,East,3.5,2.83,Standard,COD,Returning,BlueDart,Medium,Clear,46,48.3,2.3,No,Delivered,3
ORD002549,2025-12-13,Lucknow,UP,North,13.0,1.84,Express,Prepaid,VIP,Ekart,High,Clear,13,15.2,2.2,No,Delivered,3
ORD002550,2025-12-08,Delhi,DL,Central,10.8,2.04,Express,COD,New,DTDC,Severe,Rain,11,19.7,8.7,No,Delivered,4
ORD002551,2025-12-09,Kochi,KL,North,8.2,1.5,Standard,Prepaid,New,Delhivery,High,Clear,17,20.2,3.2,No,Delivered,3
ORD002552,2026-02-09,Kolkata,WB,South,11.2,2.43,SameDay,COD,New,Delhivery,High,Rain,8,13.7,5.7,No,Delivered,4
ORD002553,2025-12-11,Hyderabad,TG,West,8.5,1.88,Standard,Prepaid,New,DTDC,Medium,Fog,43,51.8,8.8,No,Delivered,4
ORD002554,2026-02-23,Bangalore,KA,North,7.5,0.9,Standard,COD,Returning,BlueDart,Medium,Clear,33,33.4,0.4,No,Delivered,4
ORD002555,2026-02-10,Noida,UP,East,5.1,0.58,Standard,COD,New,AmazonLogistics,High,Fog,34,39.1,5.1,No,Delivered,4
ORD002556,2026-02-10,Delhi,DL,North,6.1,0.51,SameDay,Prepaid,Returning,Delhivery,High,Clear,8,11.1,3.1,No,Delivered,5
ORD002557,2026-01-02,Patna,BR,South,5.6,1.02,Standard,COD,Returning,Delhivery,High,Heatwave,27,31.5,4.5,No,Delivered,4
ORD002558,2025-12-25,Chandigarh,CH,South,7.5,0.57,Express,Prepaid,New,BlueDart,High,Storm,16,21.2,5.2,No,Delivered,5
ORD002559,2026-01-03,Mumbai,MH,West,0.5,0.68,Standard,Prepaid,Returning,DTDC,High,Rain,19,23.9,4.9,No,Delivered,3
ORD002560,2026-02-10,Indore,MP,North,11.6,1.01,Standard,Prepaid,New,Ekart,Low,Storm,31,35.0,4.0,No,Delivered,4
ORD002561,2025-12-24,Indore,MP,North,15.3,2.56,Express,Prepaid,Returning,Ekart,Medium,Fog,19,24.6,5.6,No,Delivered,4
ORD002562,2026-02-16,Ahmedabad,GJ,North,5.8,0.45,SameDay,COD,New,Shadowfax,Severe,Clear,9,14.5,5.5,No,Delivered,4
ORD002563,2026-01-06,Kochi,KL,South,12.2,1.13,Standard,COD,New,AmazonLogistics,Medium,Clear,28,30.2,2.2,No,Delivered,5
ORD002564,2025-12-21,Jaipur,RJ,North,7.0,0.52,Standard,Prepaid,VIP,Delhivery,Low,Clear,38,39.1,1.1,No,Delivered,4
ORD002565,2026-01-10,Jaipur,RJ,Central,5.1,0.79,Express,Prepaid,Returning,XpressBees,Medium,Clear,9,12.8,3.8,No,Delivered,4
ORD002566,2026-02-25,Jaipur,RJ,South,6.0,1.93,Standard,Prepaid,Returning,Ekart,High,Rain,23,28.8,5.8,No,Delivered,3
ORD002567,2026-01-01,Bhopal,MP,West,7.8,0.66,Standard,Prepaid,Returning,BlueDart,High,Clear,40,43.2,3.2,No,Delivered,4
ORD002568,2025-12-29,Nagpur,MH,South,4.6,0.94,Standard,COD,Returning,Ekart,High,Rain,16,22.0,6.0,No,Delivered,3
ORD002569,2026-02-08,Ahmedabad,GJ,North,9.9,1.2,SameDay,Prepaid,New,EcomExpress,Low,Clear,4,5.7,1.7,No,Delivered,4
ORD002570,2026-03-01,Gurgaon,HR,South,5.4,1.68,Standard,Prepaid,Returning,Delhivery,Medium,Clear,34,36.4,2.4,No,Delivered,4
ORD002571,2025-12-25,Bhopal,MP,South,3.2,0.8,Standard,Prepaid,Returning,Shadowfax,Low,Clear,42,41.9,-0.1,Yes,Delivered,5
ORD002572,2026-01-19,Gurgaon,HR,South,7.4,2.35,Standard,Prepaid,VIP,Ekart,Severe,Storm,19,30.2,11.2,No,Delivered,3
ORD002573,2026-02-14,Coimbatore,TN,South,4.7,0.85,Standard,Prepaid,Returning,EcomExpress,Low,Clear,31,32.2,1.2,No,Delivered,4
ORD002574,2025-12-16,Ahmedabad,GJ,South,6.2,1.48,Standard,Prepaid,Returning,AmazonLogistics,High,Clear,39,45.0,6.0,No,Delivered,3
ORD002575,2025-12-24,Patna,BR,Central,7.3,0.99,Standard,Prepaid,Returning,Delhivery,Medium,Clear,27,31.7,4.7,No,Delivered,5
ORD002576,2026-02-07,Kolkata,WB,North,2.1,1.72,Standard,COD,Returning,AmazonLogistics,High,Storm,28,33.6,5.6,No,Delivered,4
ORD002577,2025-12-31,Chennai,TN,South,13.3,3.73,Standard,Prepaid,New,XpressBees,Medium,Clear,29,32.2,3.2,No,Delivered,4
ORD002578,2026-01-25,Lucknow,UP,North,10.8,0.94,Standard,COD,Returning,Delhivery,High,Rain,45,51.7,6.7,No,Delivered,3
ORD002579,2026-01-16,Noida,UP,South,5.0,1.09,Express,Prepaid,New,DTDC,High,Clear,18,22.5,4.5,No,Delivered,4
ORD002580,2026-02-12,Indore,MP,West,7.4,0.85,Standard,Prepaid,Returning,DTDC,Low,Clear,27,28.7,1.7,No,Delivered,4
ORD002581,2026-01-18,Ahmedabad,GJ,North,10.0,0.78,Standard,Prepaid,Returning,Shadowfax,Medium,Rain,13,18.5,5.5,No,Delivered,3
ORD002582,2026-01-01,Lucknow,UP,West,8.3,0.73,Standard,Prepaid,New,EcomExpress,Medium,Rain,27,28.9,1.9,No,Delivered,5
ORD002583,2025-12-31,Chennai,TN,South,15.0,1.09,Standard,COD,Returning,Delhivery,Medium,Rain,42,46.6,4.6,No,Delivered,3
ORD002584,2025-12-10,Kochi,KL,North,6.5,0.69,Express,COD,New,Ekart,High,Clear,13,16.7,3.7,No,Delivered,4
ORD002585,2025-12-15,Ahmedabad,GJ,Central,12.3,0.71,Express,Prepaid,New,XpressBees,Medium,Storm,17,22.5,5.5,No,Delivered,3
ORD002586,2025-12-20,Indore,MP,South,2.2,0.17,Express,Prepaid,Returning,AmazonLogistics,High,Clear,15,15.0,0.0,Yes,Delivered,4
ORD002587,2026-02-22,Ahmedabad,GJ,East,2.8,2.54,Standard,Prepaid,Returning,DTDC,Low,Storm,46,51.5,5.5,No,Delivered,3
ORD002588,2026-01-17,Kolkata,WB,South,14.2,2.96,SameDay,Prepaid,Returning,AmazonLogistics,High,Clear,7,9.2,2.2,No,Reattempted,4
ORD002589,2026-03-03,Noida,UP,Central,5.8,1.63,Standard,Prepaid,Returning,Delhivery,Medium,Clear,46,47.0,1.0,No,Delivered,5
ORD002590,2025-12-09,Kolkata,WB,South,2.8,0.65,Standard,Prepaid,Returning,Shadowfax,Medium,Clear,24,26.3,2.3,No,Delivered,5
ORD002591,2026-03-04,Pune,MH,South,7.3,0.52,Standard,Prepaid,New,DTDC,Medium,Rain,34,39.6,5.6,No,Delivered,5
ORD002592,2026-02-02,Ahmedabad,GJ,West,12.6,0.43,Standard,Prepaid,Returning,Delhivery,High,Rain,23,28.2,5.2,No,Delivered,4
ORD002593,2026-01-19,Surat,GJ,South,4.4,1.62,Standard,Prepaid,Returning,Delhivery,Medium,Clear,12,12.4,0.4,No,Delivered,4
ORD002594,2026-01-19,Pune,MH,South,7.3,2.36,Standard,Prepaid,Returning,XpressBees,High,Clear,27,29.6,2.6,No,Delivered,4
ORD002595,2026-03-01,Kolkata,WB,Central,0.5,1.22,Express,Prepaid,Returning,AmazonLogistics,Medium,Clear,7,8.8,1.8,No,Delivered,3
ORD002596,2025-12-24,Bangalore,KA,West,5.6,1.85,Express,COD,New,DTDC,Severe,Clear,18,25.1,7.1,No,Delivered,4
ORD002597,2026-01-04,Surat,GJ,West,11.5,1.44,Standard,Prepaid,Returning,Delhivery,High,Fog,27,33.5,6.5,No,Delivered,4
ORD002598,2026-02-15,Coimbatore,TN,West,4.4,0.7,Standard,Prepaid,Returning,Ekart,High,Clear,35,38.4,3.4,No,NDR_Pending,3
ORD002599,2025-12-06,Noida,UP,East,2.4,2.03,Standard,Prepaid,New,Delhivery,High,Clear,40,41.2,1.2,No,Delivered,4
ORD002600,2026-02-02,Ahmedabad,GJ,East,4.4,1.95,Express,Prepaid,Returning,EcomExpress,Medium,Clear,6,8.3,2.3,No,NDR_Pending,3
ORD002601,2026-01-30,Chandigarh,CH,West,5.1,0.61,Standard,Prepaid,Returning,Ekart,High,Clear,43,47.1,4.1,No,Reattempted,4
ORD002602,2026-01-23,Hyderabad,TG,South,10.6,1.79,Standard,COD,New,AmazonLogistics,Medium,Storm,17,23.0,6.0,No,Delivered,5
ORD002603,2026-01-14,Patna,BR,North,9.0,1.01,Standard,Prepaid,Returning,Ekart,High,Clear,47,50.9,3.9,No,Delivered,3
ORD002604,2026-02-08,Indore,MP,West,9.8,0.95,Standard,COD,Returning,AmazonLogistics,Low,Heatwave,33,34.0,1.0,No,Delivered,3
ORD002605,2026-02-27,Patna,BR,East,7.6,1.4,Standard,COD,New,XpressBees,Medium,Rain,18,24.1,6.1,No,Delivered,4
ORD002606,2026-01-27,Patna,BR,South,5.0,1.37,Express,Prepaid,New,EcomExpress,High,Clear,10,11.6,1.6,No,Delivered,4
ORD002607,2026-02-17,Surat,GJ,North,4.4,1.88,Express,Prepaid,Returning,EcomExpress,Medium,Clear,17,18.7,1.7,No,Delivered,5
ORD002608,2025-12-05,Chennai,TN,South,9.2,0.66,SameDay,COD,Returning,Ekart,Medium,Rain,7,12.2,5.2,No,Delivered,4
ORD002609,2025-12-18,Surat,GJ,South,13.9,1.55,Standard,COD,Returning,AmazonLogistics,Medium,Rain,29,34.9,5.9,No,Reattempted,5
ORD002610,2026-01-23,Bhopal,MP,East,3.7,0.55,Standard,COD,Returning,BlueDart,High,Clear,45,49.3,4.3,No,Delivered,5
ORD002611,2026-02-15,Noida,UP,North,3.4,0.99,Express,Prepaid,Returning,BlueDart,Medium,Heatwave,16,19.2,3.2,No,Delivered,4
ORD002612,2025-12-27,Gurgaon,HR,West,3.0,1.03,Standard,COD,Returning,EcomExpress,Medium,Clear,24,25.8,1.8,No,Delivered,4
ORD002613,2026-02-09,Bangalore,KA,West,10.8,1.98,Standard,Prepaid,New,EcomExpress,Severe,Clear,38,46.3,8.3,No,Delivered,4
ORD002614,2026-02-12,Indore,MP,Central,7.3,1.11,Express,Prepaid,Returning,AmazonLogistics,Severe,Clear,14,19.6,5.6,No,Delivered,3
ORD002615,2026-01-29,Delhi,DL,North,9.7,0.94,Standard,Prepaid,New,Delhivery,Low,Rain,25,27.9,2.9,No,Delivered,4
ORD002616,2026-02-03,Kochi,KL,Central,5.5,2.6,Standard,Prepaid,VIP,BlueDart,Medium,Clear,42,42.9,0.9,No,Delivered,5
ORD002617,2025-12-24,Noida,UP,West,10.0,0.85,Standard,Prepaid,New,Ekart,Low,Clear,16,18.5,2.5,No,Delivered,4
ORD002618,2026-01-28,Pune,MH,West,6.3,0.83,Standard,Prepaid,New,XpressBees,Severe,Clear,35,39.5,4.5,No,Delivered,4
ORD002619,2025-12-19,Kochi,KL,North,1.3,0.36,Standard,Prepaid,Returning,Shadowfax,Medium,Clear,36,35.6,-0.4,Yes,Delivered,5
ORD002620,2026-01-22,Gurgaon,HR,South,11.2,0.97,Standard,COD,New,EcomExpress,Medium,Clear,31,34.3,3.3,No,Delivered,5
ORD002621,2026-02-25,Bhopal,MP,West,7.4,0.63,Standard,COD,Returning,Delhivery,Medium,Fog,27,29.1,2.1,No,Delivered,4
ORD002622,2025-12-28,Ahmedabad,GJ,South,6.3,0.95,Express,COD,VIP,EcomExpress,Medium,Clear,12,15.0,3.0,No,Delivered,4
ORD002623,2026-02-17,Delhi,DL,South,8.6,1.28,Express,COD,Returning,Delhivery,Low,Storm,7,13.2,6.2,No,Delivered,4
ORD002624,2026-02-02,Gurgaon,HR,West,1.7,0.58,Express,COD,New,Delhivery,High,Rain,10,14.8,4.8,No,Delivered,4
ORD002625,2026-01-26,Gurgaon,HR,West,9.2,0.67,Express,COD,New,Delhivery,Medium,Rain,15,21.0,6.0,No,Delivered,3
ORD002626,2026-02-15,Indore,MP,North,5.1,0.42,Standard,Prepaid,Returning,EcomExpress,Medium,Heatwave,48,51.7,3.7,No,Delivered,4
ORD002627,2026-01-30,Noida,UP,South,6.9,0.81,Standard,Prepaid,Returning,Delhivery,High,Clear,32,34.1,2.1,No,Delivered,4
ORD002628,2026-01-09,Mumbai,MH,North,12.1,0.63,Standard,COD,New,Ekart,Medium,Clear,37,40.3,3.3,No,Delivered,4
ORD002629,2025-12-19,Nagpur,MH,East,10.1,4.0,Standard,Prepaid,New,Delhivery,Low,Clear,26,26.9,0.9,No,Delivered,4
ORD002630,2026-01-05,Mumbai,MH,Central,6.8,2.72,Express,COD,Returning,BlueDart,Medium,Clear,9,10.7,1.7,No,Delivered,4
ORD002631,2026-02-02,Gurgaon,HR,South,7.1,2.47,Standard,Prepaid,New,AmazonLogistics,High,Clear,39,43.1,4.1,No,Delivered,4
ORD002632,2026-02-28,Kochi,KL,North,0.5,0.51,SameDay,Prepaid,Returning,Delhivery,Low,Rain,5,7.9,2.9,No,Delivered,5
ORD002633,2026-02-28,Gurgaon,HR,North,4.2,0.99,Standard,Prepaid,New,Shadowfax,High,Fog,33,37.3,4.3,No,Delivered,4
ORD002634,2026-02-15,Indore,MP,South,8.2,0.54,Standard,COD,Returning,AmazonLogistics,Medium,Clear,25,27.3,2.3,No,RTO,3
ORD002635,2026-02-10,Pune,MH,East,4.4,3.34,Express,Prepaid,Returning,XpressBees,Medium,Rain,15,17.7,2.7,No,Delivered,4
ORD002636,2025-12-10,Mumbai,MH,South,2.2,1.82,Standard,Prepaid,New,EcomExpress,Medium,Clear,18,18.9,0.9,No,Delivered,4
ORD002637,2026-01-26,Kolkata,WB,North,9.4,0.59,Express,Prepaid,Returning,DTDC,Low,Clear,14,17.6,3.6,No,Delivered,3
ORD002638,2025-12-30,Coimbatore,TN,North,12.7,1.38,Express,Prepaid,New,DTDC,Medium,Clear,11,17.0,6.0,No,Delivered,5
ORD002639,2026-01-12,Bangalore,KA,North,4.6,0.45,Express,Prepaid,Returning,BlueDart,High,Clear,16,20.7,4.7,No,Delivered,3
ORD002640,2026-02-20,Chandigarh,CH,East,11.0,1.02,Express,Prepaid,Returning,Delhivery,Medium,Clear,17,19.8,2.8,No,Delivered,3
ORD002641,2025-12-24,Hyderabad,TG,West,10.4,0.99,Standard,Prepaid,New,Delhivery,Medium,Clear,16,18.6,2.6,No,Delivered,5
ORD002642,2026-02-11,Lucknow,UP,West,3.6,1.72,Standard,COD,Returning,AmazonLogistics,Severe,Clear,45,50.7,5.7,No,RTO,2
ORD002643,2025-12-07,Hyderabad,TG,South,4.6,2.0,Express,Prepaid,VIP,EcomExpress,Low,Clear,9,10.1,1.1,No,Delivered,5
ORD002644,2025-12-22,Lucknow,UP,Central,14.7,1.12,Standard,COD,Returning,Delhivery,Medium,Rain,22,25.6,3.6,No,Delivered,4
ORD002645,2026-01-15,Lucknow,UP,South,3.0,0.97,Standard,COD,Returning,Shadowfax,Medium,Clear,19,23.2,4.2,No,Delivered,4
ORD002646,2026-01-18,Mumbai,MH,East,5.1,0.16,Standard,COD,Returning,Ekart,Low,Rain,21,23.0,2.0,No,Delivered,4
ORD002647,2026-01-04,Indore,MP,East,15.4,2.82,Standard,COD,New,Delhivery,Severe,Rain,48,57.9,9.9,No,NDR_Pending,3
ORD002648,2025-12-22,Patna,BR,South,5.2,0.74,Standard,Prepaid,Returning,Delhivery,Severe,Clear,15,20.7,5.7,No,Delivered,3
ORD002649,2026-01-18,Gurgaon,HR,East,12.9,1.18,SameDay,Prepaid,New,BlueDart,Medium,Clear,5,9.4,4.4,No,Delivered,4
ORD002650,2026-01-27,Kolkata,WB,North,3.4,4.29,Standard,Prepaid,Returning,DTDC,Severe,Heatwave,26,32.7,6.7,No,Delivered,4
ORD002651,2026-01-21,Chandigarh,CH,West,8.1,0.54,Standard,Prepaid,Returning,Shadowfax,Low,Clear,48,48.5,0.5,No,Delivered,4
ORD002652,2025-12-13,Chandigarh,CH,North,11.8,1.12,Standard,Prepaid,New,Ekart,Severe,Clear,18,24.9,6.9,No,Delivered,4
ORD002653,2026-01-29,Noida,UP,South,5.6,1.49,Standard,Prepaid,Returning,Delhivery,High,Fog,25,30.0,5.0,No,Delivered,4
ORD002654,2025-12-28,Ahmedabad,GJ,North,7.9,2.13,Standard,COD,Returning,BlueDart,Medium,Fog,19,22.2,3.2,No,Delivered,4
ORD002655,2026-01-31,Chandigarh,CH,North,10.5,1.11,Express,Prepaid,New,BlueDart,High,Rain,16,18.9,2.9,No,Delivered,4
ORD002656,2025-12-12,Indore,MP,North,3.9,2.24,Standard,Prepaid,Returning,BlueDart,High,Fog,37,41.5,4.5,No,Delivered,4
ORD002657,2025-12-10,Pune,MH,South,16.5,0.86,Standard,Prepaid,Returning,Shadowfax,Medium,Clear,21,22.0,1.0,No,Delivered,5
ORD002658,2026-02-27,Chennai,TN,West,11.7,1.53,Standard,Prepaid,New,AmazonLogistics,Medium,Rain,27,32.4,5.4,No,Delivered,3
ORD002659,2025-12-19,Kochi,KL,South,6.1,1.42,Standard,Prepaid,Returning,EcomExpress,High,Clear,19,20.5,1.5,No,Delivered,4
ORD002660,2025-12-21,Bangalore,KA,South,6.6,1.05,Express,COD,VIP,AmazonLogistics,Low,Fog,12,14.8,2.8,No,NDR_Pending,3
ORD002661,2025-12-29,Jaipur,RJ,Central,15.1,1.34,Express,Prepaid,New,Delhivery,Low,Clear,16,17.8,1.8,No,Delivered,4
ORD002662,2026-01-21,Patna,BR,Central,6.1,0.65,Express,COD,Returning,XpressBees,Medium,Clear,8,10.9,2.9,No,Delivered,4
ORD002663,2026-01-05,Delhi,DL,North,5.6,0.92,Express,Prepaid,Returning,BlueDart,High,Clear,18,19.7,1.7,No,Delivered,4
ORD002664,2025-12-21,Lucknow,UP,South,12.1,0.51,Standard,Prepaid,New,Shadowfax,Medium,Rain,13,18.7,5.7,No,Delivered,4
ORD002665,2026-01-26,Hyderabad,TG,West,1.9,0.85,Express,Prepaid,Returning,Delhivery,Medium,Clear,7,8.5,1.5,No,RTO,3
ORD002666,2025-12-16,Surat,GJ,West,7.2,2.19,Standard,Prepaid,Returning,Ekart,Medium,Rain,45,48.8,3.8,No,NDR_Pending,4
ORD002667,2026-01-29,Hyderabad,TG,South,7.8,1.42,Express,Prepaid,Returning,Ekart,Medium,Clear,16,17.3,1.3,No,Delivered,4
ORD002668,2025-12-05,Noida,UP,West,4.7,1.33,Standard,Prepaid,Returning,AmazonLogistics,High,Clear,43,46.0,3.0,No,Delivered,5
ORD002669,2026-01-11,Pune,MH,North,1.2,0.42,Standard,COD,New,Ekart,Low,Clear,15,17.8,2.8,No,Delivered,5
ORD002670,2025-12-12,Noida,UP,South,7.8,1.34,Standard,Prepaid,New,Delhivery,High,Clear,26,32.7,6.7,No,Delivered,4
ORD002671,2025-12-30,Patna,BR,West,10.3,1.06,Standard,Prepaid,Returning,Shadowfax,Medium,Rain,38,41.0,3.0,No,Delivered,4
ORD002672,2026-01-22,Chandigarh,CH,West,4.8,1.53,Standard,COD,Returning,EcomExpress,High,Storm,21,28.1,7.1,No,Delivered,3
ORD002673,2025-12-13,Chandigarh,CH,East,2.8,2.53,Standard,Prepaid,VIP,Ekart,Medium,Rain,19,20.0,1.0,No,Delivered,5
ORD002674,2026-01-21,Bangalore,KA,North,12.5,0.86,SameDay,Prepaid,Returning,EcomExpress,High,Clear,5,10.0,5.0,No,Delivered,4
ORD002675,2026-01-01,Gurgaon,HR,North,9.6,0.91,Standard,Prepaid,Returning,EcomExpress,Low,Clear,25,25.0,0.0,Yes,Delivered,4
ORD002676,2025-12-28,Indore,MP,North,6.1,1.92,Standard,Prepaid,Returning,DTDC,Severe,Heatwave,40,46.3,6.3,No,Delivered,4
ORD002677,2026-01-04,Noida,UP,North,11.2,0.77,Standard,COD,New,Delhivery,Medium,Rain,23,29.4,6.4,No,Delivered,2
ORD002678,2026-02-27,Chandigarh,CH,North,8.5,1.16,Standard,Prepaid,Returning,DTDC,Low,Rain,17,20.0,3.0,No,Delivered,4
ORD002679,2026-02-04,Indore,MP,South,14.7,0.33,Standard,Prepaid,New,EcomExpress,Medium,Clear,35,36.9,1.9,No,Delivered,5
ORD002680,2026-01-14,Ahmedabad,GJ,South,10.2,0.92,Standard,Prepaid,New,DTDC,Medium,Rain,37,43.1,6.1,No,Delivered,2
ORD002681,2025-12-23,Delhi,DL,West,1.9,2.42,Standard,Prepaid,New,AmazonLogistics,Medium,Clear,26,27.5,1.5,No,Delivered,4
ORD002682,2026-02-16,Delhi,DL,South,4.9,1.35,Standard,Prepaid,VIP,XpressBees,High,Rain,22,25.8,3.8,No,Delivered,4
ORD002683,2026-01-23,Ahmedabad,GJ,North,5.1,1.9,Standard,Prepaid,Returning,EcomExpress,High,Heatwave,40,44.2,4.2,No,Reattempted,3
ORD002684,2026-01-20,Bhopal,MP,West,8.7,1.96,Standard,COD,New,Delhivery,High,Heatwave,40,44.0,4.0,No,Delivered,4
ORD002685,2026-02-22,Surat,GJ,North,6.3,2.48,Express,Prepaid,VIP,Delhivery,Severe,Clear,11,17.2,6.2,No,Delivered,3
ORD002686,2025-12-27,Lucknow,UP,East,3.0,0.9,Express,Prepaid,Returning,Delhivery,Medium,Fog,6,9.8,3.8,No,Delivered,4
ORD002687,2026-03-01,Hyderabad,TG,North,9.9,1.95,Standard,Prepaid,Returning,XpressBees,Low,Clear,31,34.6,3.6,No,Delivered,4
ORD002688,2025-12-19,Indore,MP,South,11.5,4.26,Express,Prepaid,New,BlueDart,High,Clear,11,13.3,2.3,No,Delivered,4
ORD002689,2026-02-06,Nagpur,MH,East,7.1,1.09,SameDay,Prepaid,New,EcomExpress,Medium,Rain,8,12.2,4.2,No,Delivered,4
ORD002690,2025-12-20,Noida,UP,West,8.3,0.5,Standard,COD,New,EcomExpress,Low,Clear,22,24.0,2.0,No,Delivered,5
ORD002691,2025-12-10,Coimbatore,TN,West,3.6,0.77,Standard,COD,Returning,Ekart,Low,Clear,30,31.7,1.7,No,Delivered,4
ORD002692,2026-02-04,Nagpur,MH,West,5.4,1.46,Standard,Prepaid,Returning,Delhivery,Medium,Rain,37,39.9,2.9,No,Delivered,5
ORD002693,2026-02-02,Gurgaon,HR,North,5.6,0.41,Standard,COD,New,EcomExpress,Medium,Rain,21,22.6,1.6,No,RTO,3
ORD002694,2026-02-11,Jaipur,RJ,West,9.7,0.7,Express,COD,New,Shadowfax,Medium,Clear,7,10.6,3.6,No,Delivered,4
ORD002695,2025-12-05,Gurgaon,HR,East,8.5,0.91,Express,Prepaid,Returning,Delhivery,High,Clear,11,14.6,3.6,No,NDR_Pending,3
ORD002696,2025-12-20,Ahmedabad,GJ,Central,6.2,1.18,Standard,COD,Returning,Ekart,High,Rain,35,39.7,4.7,No,Delivered,4
ORD002697,2026-01-09,Delhi,DL,South,6.0,3.25,Standard,COD,New,Delhivery,Severe,Clear,18,22.8,4.8,No,Delivered,5
ORD002698,2026-03-04,Jaipur,RJ,South,0.5,1.67,Express,COD,Returning,DTDC,Low,Clear,10,9.9,-0.1,Yes,Delivered,4
ORD002699,2026-02-28,Delhi,DL,West,13.9,0.57,Standard,Prepaid,VIP,XpressBees,Low,Clear,19,19.0,0.0,Yes,Delivered,5
ORD002700,2026-02-26,Delhi,DL,South,0.5,11.25,Standard,Prepaid,Returning,AmazonLogistics,High,Rain,35,39.9,4.9,No,Delivered,4
ORD002701,2026-02-08,Chandigarh,CH,North,9.2,1.09,Standard,COD,Returning,XpressBees,Low,Clear,38,40.9,2.9,No,Delivered,3
ORD002702,2025-12-27,Patna,BR,North,7.7,0.4,Express,Prepaid,Returning,AmazonLogistics,Medium,Clear,10,9.7,-0.3,Yes,Delivered,4
ORD002703,2026-02-12,Hyderabad,TG,North,6.4,0.59,Express,COD,Returning,BlueDart,High,Heatwave,10,17.2,7.2,No,Reattempted,4
ORD002704,2026-01-02,Bhopal,MP,South,7.5,0.59,Express,Prepaid,Returning,Shadowfax,High,Fog,10,14.2,4.2,No,Delivered,4
ORD002705,2026-01-07,Pune,MH,North,4.8,0.49,Express,Prepaid,New,DTDC,Medium,Rain,7,11.7,4.7,No,Delivered,4
ORD002706,2026-03-03,Chennai,TN,North,10.1,1.5,Standard,COD,New,XpressBees,High,Rain,42,48.4,6.4,No,Delivered,4
ORD002707,2025-12-30,Coimbatore,TN,North,2.2,0.22,Standard,Prepaid,New,Shadowfax,High,Storm,40,44.7,4.7,No,Delivered,5
ORD002708,2026-03-05,Kolkata,WB,Central,8.8,1.99,Express,Prepaid,New,EcomExpress,High,Clear,16,20.1,4.1,No,Delivered,4
ORD002709,2026-02-17,Coimbatore,TN,North,4.8,1.8,Express,COD,Returning,EcomExpress,Medium,Clear,10,12.2,2.2,No,Delivered,3
ORD002710,2026-01-11,Chandigarh,CH,North,5.8,0.84,Standard,COD,New,BlueDart,High,Rain,43,47.4,4.4,No,Delivered,4
ORD002711,2025-12-31,Pune,MH,South,5.9,1.91,Standard,Prepaid,Returning,Delhivery,High,Heatwave,34,39.6,5.6,No,Delivered,4
ORD002712,2026-02-19,Mumbai,MH,North,6.8,0.57,SameDay,Prepaid,Returning,BlueDart,Medium,Rain,4,8.0,4.0,No,Delivered,4
ORD002713,2026-02-26,Gurgaon,HR,Central,9.5,0.67,Standard,Prepaid,Returning,Delhivery,High,Clear,43,47.6,4.6,No,Delivered,4
ORD002714,2026-02-26,Surat,GJ,East,7.4,1.54,Standard,Prepaid,New,XpressBees,High,Heatwave,48,52.2,4.2,No,Delivered,4
ORD002715,2026-01-01,Surat,GJ,South,11.2,0.97,Standard,COD,New,DTDC,Medium,Rain,47,52.6,5.6,No,Delivered,4
ORD002716,2026-02-23,Lucknow,UP,South,11.7,0.76,Standard,Prepaid,New,XpressBees,Medium,Clear,14,16.7,2.7,No,Delivered,4
ORD002717,2026-01-07,Jaipur,RJ,South,8.7,1.03,Standard,Prepaid,VIP,DTDC,Medium,Storm,27,33.6,6.6,No,Delivered,3
ORD002718,2026-02-03,Kochi,KL,North,10.2,2.44,Standard,Prepaid,New,Delhivery,High,Rain,46,50.4,4.4,No,Delivered,4
ORD002719,2026-01-28,Indore,MP,South,15.6,2.38,Standard,Prepaid,New,Delhivery,Low,Fog,16,17.6,1.6,No,Delivered,5
ORD002720,2026-01-12,Bangalore,KA,North,1.8,1.43,Standard,Prepaid,New,DTDC,Medium,Heatwave,14,18.1,4.1,No,Delivered,5
ORD002721,2026-01-05,Nagpur,MH,North,11.8,0.89,Standard,Prepaid,Returning,AmazonLogistics,Medium,Clear,23,24.9,1.9,No,NDR_Pending,4
ORD002722,2026-01-19,Kochi,KL,West,13.7,1.51,Standard,COD,Returning,DTDC,High,Rain,27,34.6,7.6,No,Delivered,4
ORD002723,2025-12-10,Delhi,DL,North,9.2,0.66,Standard,COD,VIP,DTDC,High,Clear,36,39.7,3.7,No,Delivered,3
ORD002724,2026-02-07,Ahmedabad,GJ,North,15.1,2.23,Standard,Prepaid,New,DTDC,Medium,Fog,33,38.2,5.2,No,Delivered,4
ORD002725,2025-12-08,Patna,BR,South,14.6,1.95,Express,COD,New,DTDC,Medium,Fog,13,20.8,7.8,No,Delivered,4
ORD002726,2025-12-28,Nagpur,MH,South,6.2,3.52,SameDay,Prepaid,Returning,DTDC,Medium,Fog,6,10.8,4.8,No,NDR_Pending,3
ORD002727,2026-01-29,Delhi,DL,North,6.5,0.68,Standard,Prepaid,New,DTDC,Medium,Rain,30,36.7,6.7,No,Delivered,4
ORD002728,2026-02-07,Mumbai,MH,North,9.6,0.63,Express,Prepaid,New,Delhivery,High,Rain,18,24.6,6.6,No,Delivered,5
ORD002729,2026-02-13,Indore,MP,North,5.0,1.54,Express,Prepaid,VIP,Delhivery,Low,Clear,18,18.1,0.1,No,Delivered,5
ORD002730,2026-01-21,Lucknow,UP,North,18.3,0.94,Standard,Prepaid,Returning,BlueDart,High,Clear,47,51.8,4.8,No,Delivered,4
ORD002731,2026-01-25,Noida,UP,East,10.7,2.01,Express,COD,Returning,Shadowfax,High,Clear,12,18.4,6.4,No,Delivered,4
ORD002732,2026-01-26,Surat,GJ,East,7.7,2.44,Standard,Prepaid,VIP,AmazonLogistics,Severe,Fog,21,27.8,6.8,No,Delivered,4
ORD002733,2026-02-22,Gurgaon,HR,South,1.9,3.07,Standard,Prepaid,New,EcomExpress,Medium,Rain,15,19.0,4.0,No,Delivered,5
ORD002734,2026-02-19,Hyderabad,TG,South,8.5,1.14,Standard,Prepaid,New,EcomExpress,Medium,Rain,32,37.8,5.8,No,Delivered,5
ORD002735,2026-01-14,Jaipur,RJ,West,2.8,1.87,Standard,COD,New,AmazonLogistics,Low,Clear,37,34.7,-2.3,Yes,Delivered,4
ORD002736,2026-02-28,Delhi,DL,West,10.5,0.81,Express,Prepaid,New,EcomExpress,Severe,Rain,15,23.2,8.2,No,Delivered,3
ORD002737,2025-12-29,Indore,MP,North,0.5,1.26,Express,COD,Returning,AmazonLogistics,High,Clear,18,22.1,4.1,No,Delivered,4
ORD002738,2026-01-01,Bangalore,KA,North,13.0,1.07,Standard,COD,Returning,Delhivery,High,Storm,22,29.3,7.3,No,Delivered,4
ORD002739,2025-12-15,Lucknow,UP,South,5.8,1.04,Standard,Prepaid,VIP,BlueDart,High,Fog,26,32.2,6.2,No,Delivered,5
ORD002740,2026-02-12,Kolkata,WB,West,0.7,3.3,SameDay,Prepaid,Returning,BlueDart,Medium,Clear,3,3.7,0.7,No,Delivered,4
ORD002741,2026-01-26,Bangalore,KA,North,7.4,0.49,Express,Prepaid,VIP,EcomExpress,High,Rain,9,12.3,3.3,No,Delivered,4
ORD002742,2026-01-28,Pune,MH,South,7.6,1.1,Express,Prepaid,Returning,Delhivery,High,Clear,9,13.4,4.4,No,Reattempted,5
ORD002743,2026-02-14,Surat,GJ,South,7.2,1.14,Standard,Prepaid,New,EcomExpress,Low,Clear,20,21.3,1.3,No,Delivered,4
ORD002744,2025-12-31,Gurgaon,HR,North,13.0,1.63,Standard,COD,New,EcomExpress,Severe,Rain,24,32.1,8.1,No,Delivered,3
ORD002745,2025-12-27,Bangalore,KA,South,9.0,0.57,Standard,COD,Returning,EcomExpress,Severe,Rain,38,46.5,8.5,No,Delivered,4
ORD002746,2026-02-01,Jaipur,RJ,West,10.7,0.92,Express,Prepaid,New,AmazonLogistics,Severe,Clear,17,20.6,3.6,No,Delivered,4
ORD002747,2025-12-05,Hyderabad,TG,South,6.5,0.77,Express,Prepaid,New,Delhivery,High,Clear,10,14.2,4.2,No,Delivered,5
ORD002748,2026-02-02,Bhopal,MP,North,9.2,0.29,Express,Prepaid,VIP,BlueDart,Medium,Clear,18,18.7,0.7,No,Delivered,5
ORD002749,2025-12-24,Jaipur,RJ,North,2.3,2.22,Standard,Prepaid,New,Delhivery,High,Clear,35,39.6,4.6,No,Delivered,4
ORD002750,2026-02-17,Noida,UP,East,8.5,0.46,SameDay,Prepaid,Returning,Ekart,Low,Clear,7,9.8,2.8,No,Delivered,4
ORD002751,2025-12-26,Hyderabad,TG,South,4.5,0.42,SameDay,COD,New,AmazonLogistics,High,Clear,5,9.8,4.8,No,Delivered,5
ORD002752,2026-01-10,Pune,MH,North,12.8,1.95,Express,Prepaid,Returning,Ekart,Low,Heatwave,7,10.3,3.3,No,Delivered,3
ORD002753,2026-02-04,Indore,MP,North,7.8,0.9,Express,Prepaid,Returning,Ekart,High,Clear,9,12.0,3.0,No,Delivered,3
ORD002754,2026-02-16,Kochi,KL,East,10.2,0.92,Standard,Prepaid,New,EcomExpress,Medium,Clear,28,29.6,1.6,No,Delivered,4
ORD002755,2026-02-20,Noida,UP,West,8.5,0.93,Standard,Prepaid,New,DTDC,Low,Clear,40,40.7,0.7,No,Delivered,4
ORD002756,2025-12-27,Chandigarh,CH,East,14.7,2.11,Standard,COD,Returning,EcomExpress,Low,Clear,37,39.6,2.6,No,Delivered,5
ORD002757,2026-02-21,Chandigarh,CH,West,1.3,0.79,Standard,COD,Returning,Ekart,High,Rain,16,20.3,4.3,No,Delivered,4
ORD002758,2026-01-15,Nagpur,MH,South,7.0,1.58,Standard,Prepaid,New,BlueDart,Medium,Clear,36,37.9,1.9,No,Delivered,4
ORD002759,2026-01-14,Ahmedabad,GJ,South,3.7,0.56,Express,Prepaid,Returning,BlueDart,Medium,Clear,15,15.1,0.1,No,Delivered,4
ORD002760,2026-01-30,Jaipur,RJ,North,0.5,1.35,Standard,COD,New,Ekart,Low,Heatwave,35,36.1,1.1,No,Delivered,3
ORD002761,2026-03-04,Delhi,DL,West,3.4,1.9,Standard,Prepaid,New,AmazonLogistics,Medium,Rain,21,23.2,2.2,No,Delivered,5
ORD002762,2026-01-28,Jaipur,RJ,West,12.2,2.57,Standard,Prepaid,Returning,Ekart,Severe,Clear,15,19.7,4.7,No,Delivered,4
ORD002763,2026-01-04,Ahmedabad,GJ,North,7.4,0.44,Express,COD,New,Delhivery,Medium,Clear,17,19.2,2.2,No,Delivered,4
ORD002764,2025-12-09,Mumbai,MH,East,6.6,0.92,SameDay,Prepaid,Returning,EcomExpress,Medium,Fog,7,11.9,4.9,No,Delivered,4
ORD002765,2026-02-22,Hyderabad,TG,South,10.6,2.88,Standard,Prepaid,Returning,EcomExpress,Low,Rain,44,46.5,2.5,No,Delivered,5
ORD002766,2026-01-06,Surat,GJ,North,8.0,1.92,Express,Prepaid,Returning,BlueDart,Low,Heatwave,13,13.2,0.2,No,Delivered,4
ORD002767,2026-02-17,Ahmedabad,GJ,South,10.0,0.98,SameDay,Prepaid,New,Shadowfax,Medium,Clear,8,10.0,2.0,No,Delivered,4
ORD002768,2026-01-02,Noida,UP,East,8.8,1.11,Express,COD,Returning,EcomExpress,Low,Rain,8,10.5,2.5,No,Delivered,4
ORD002769,2025-12-14,Lucknow,UP,East,9.7,1.32,Express,COD,Returning,AmazonLogistics,Low,Clear,18,21.0,3.0,No,Delivered,4
ORD002770,2026-03-03,Noida,UP,South,5.7,0.88,Standard,Prepaid,New,EcomExpress,Low,Clear,39,39.3,0.3,No,Delivered,4
ORD002771,2025-12-12,Kochi,KL,Central,11.7,1.53,SameDay,Prepaid,New,DTDC,Medium,Rain,7,11.7,4.7,No,Reattempted,3
ORD002772,2026-03-03,Mumbai,MH,East,2.7,1.48,Standard,COD,Returning,AmazonLogistics,High,Rain,13,18.1,5.1,No,Delivered,4
ORD002773,2025-12-23,Hyderabad,TG,East,7.2,0.57,Express,Prepaid,Returning,XpressBees,Low,Clear,16,15.9,-0.1,Yes,Delivered,5
ORD002774,2026-01-06,Coimbatore,TN,East,11.9,0.82,Standard,Prepaid,New,BlueDart,High,Clear,19,21.5,2.5,No,RTO,4
ORD002775,2025-12-19,Surat,GJ,South,6.9,0.84,Standard,Prepaid,Returning,EcomExpress,High,Rain,49,53.5,4.5,No,Delivered,4
ORD002776,2026-02-14,Kolkata,WB,West,5.8,0.95,Express,Prepaid,Returning,Delhivery,Severe,Clear,14,19.8,5.8,No,Delivered,5
ORD002777,2025-12-10,Surat,GJ,West,16.7,1.3,Express,Prepaid,New,AmazonLogistics,Medium,Clear,15,19.7,4.7,No,NDR_Pending,3
ORD002778,2026-01-24,Gurgaon,HR,West,13.2,1.23,Express,Prepaid,New,Shadowfax,High,Clear,10,16.3,6.3,No,Delivered,4
ORD002779,2026-03-03,Ahmedabad,GJ,North,8.1,0.72,SameDay,Prepaid,New,Delhivery,High,Clear,7,12.0,5.0,No,Delivered,4
ORD002780,2026-01-10,Mumbai,MH,West,3.6,2.47,Express,Prepaid,Returning,Ekart,Severe,Fog,19,24.3,5.3,No,Delivered,4
ORD002781,2025-12-22,Kolkata,WB,Central,0.5,1.11,Standard,Prepaid,Returning,DTDC,High,Clear,47,48.8,1.8,No,Delivered,5
ORD002782,2026-02-14,Gurgaon,HR,South,10.3,2.66,SameDay,Prepaid,New,AmazonLogistics,Low,Clear,8,10.6,2.6,No,Delivered,4
ORD002783,2026-01-30,Patna,BR,Central,12.6,2.62,Standard,COD,Returning,BlueDart,Severe,Rain,16,25.4,9.4,No,Delivered,3
ORD002784,2026-03-01,Bhopal,MP,South,9.1,0.59,Standard,Prepaid,Returning,Ekart,High,Clear,29,33.6,4.6,No,Delivered,4
ORD002785,2026-01-13,Gurgaon,HR,North,0.7,0.82,Standard,Prepaid,Returning,EcomExpress,Medium,Rain,29,33.1,4.1,No,Delivered,5
ORD002786,2026-01-06,Delhi,DL,North,8.1,0.86,Standard,Prepaid,New,EcomExpress,Low,Clear,35,35.9,0.9,No,Delivered,4
ORD002787,2026-01-03,Chennai,TN,East,5.6,1.33,Express,Prepaid,New,Ekart,Severe,Fog,18,27.1,9.1,No,Delivered,4
ORD002788,2025-12-20,Pune,MH,West,8.1,1.71,Express,Prepaid,VIP,Ekart,Low,Rain,10,12.3,2.3,No,Delivered,4
ORD002789,2026-01-23,Mumbai,MH,South,15.3,1.21,Standard,Prepaid,New,Shadowfax,High,Rain,26,30.2,4.2,No,Delivered,4
ORD002790,2026-03-01,Bhopal,MP,West,10.7,0.79,Express,Prepaid,New,Delhivery,Medium,Clear,12,15.4,3.4,No,Delivered,4
ORD002791,2026-02-02,Gurgaon,HR,South,9.8,2.98,Standard,Prepaid,Returning,EcomExpress,High,Fog,33,38.3,5.3,No,Delivered,3
ORD002792,2026-02-07,Bangalore,KA,South,7.3,0.85,SameDay,Prepaid,Returning,AmazonLogistics,Low,Rain,5,5.8,0.8,No,Delivered,4
ORD002793,2026-02-09,Coimbatore,TN,East,9.2,1.72,Standard,COD,VIP,AmazonLogistics,High,Clear,16,20.6,4.6,No,Delivered,4
ORD002794,2025-12-24,Surat,GJ,West,4.6,1.08,Standard,Prepaid,Returning,BlueDart,Medium,Clear,26,25.0,-1.0,Yes,Delivered,4
ORD002795,2026-02-14,Pune,MH,West,9.7,1.06,Express,COD,VIP,Delhivery,Severe,Clear,12,18.5,6.5,No,Delivered,4
ORD002796,2025-12-05,Gurgaon,HR,West,6.7,1.66,Standard,Prepaid,New,DTDC,Medium,Clear,13,14.7,1.7,No,Delivered,4
ORD002797,2026-01-14,Chandigarh,CH,Central,4.2,2.79,Standard,Prepaid,Returning,DTDC,Low,Clear,41,44.0,3.0,No,Delivered,4
ORD002798,2026-02-03,Indore,MP,North,10.8,1.33,Standard,Prepaid,New,BlueDart,Medium,Heatwave,40,43.3,3.3,No,Delivered,5
ORD002799,2025-12-20,Coimbatore,TN,North,0.5,0.82,Standard,COD,VIP,XpressBees,Low,Storm,20,26.0,6.0,No,Delivered,3
ORD002800,2026-01-30,Ahmedabad,GJ,North,5.3,2.69,Standard,Prepaid,Returning,Ekart,Severe,Clear,36,39.5,3.5,No,Delivered,3
ORD002801,2025-12-11,Patna,BR,West,10.0,1.49,Express,COD,Returning,EcomExpress,Low,Heatwave,14,15.0,1.0,No,Delivered,4
ORD002802,2025-12-25,Jaipur,RJ,West,12.4,1.22,Standard,COD,Returning,XpressBees,Medium,Rain,17,21.8,4.8,No,RTO,2
ORD002803,2026-02-12,Noida,UP,West,9.4,2.05,Express,Prepaid,New,XpressBees,High,Clear,8,12.6,4.6,No,Delivered,4
ORD002804,2026-02-01,Pune,MH,South,4.8,1.34,Standard,Prepaid,Returning,XpressBees,Medium,Heatwave,18,20.8,2.8,No,Delivered,5
ORD002805,2026-03-01,Bangalore,KA,North,7.3,4.83,Standard,Prepaid,New,AmazonLogistics,Medium,Rain,46,50.5,4.5,No,Delivered,4
ORD002806,2025-12-19,Noida,UP,West,8.7,1.11,Express,Prepaid,Returning,XpressBees,High,Clear,17,21.4,4.4,No,Delivered,4
ORD002807,2026-02-19,Chennai,TN,Central,13.7,2.2,Express,COD,New,Shadowfax,Medium,Clear,13,15.1,2.1,No,Delivered,3
ORD002808,2026-01-10,Kolkata,WB,South,11.2,1.44,Express,COD,New,Delhivery,High,Clear,11,16.1,5.1,No,Reattempted,3
ORD002809,2026-02-14,Patna,BR,North,11.2,1.44,Express,Prepaid,New,DTDC,High,Heatwave,9,14.2,5.2,No,Delivered,4
ORD002810,2026-01-02,Bangalore,KA,South,7.8,0.89,SameDay,Prepaid,Returning,Delhivery,Medium,Clear,7,10.6,3.6,No,Delivered,5
ORD002811,2026-02-13,Surat,GJ,South,3.2,0.89,SameDay,Prepaid,Returning,Delhivery,High,Clear,4,5.8,1.8,No,Delivered,4
ORD002812,2026-02-21,Chennai,TN,North,1.9,1.49,Express,COD,Returning,Shadowfax,High,Clear,18,20.4,2.4,No,Delivered,4
ORD002813,2026-02-09,Bangalore,KA,South,6.3,0.66,Standard,Prepaid,New,XpressBees,Medium,Clear,48,50.6,2.6,No,Delivered,4
ORD002814,2025-12-31,Noida,UP,West,10.3,0.78,Standard,Prepaid,New,Ekart,High,Clear,25,30.5,5.5,No,Delivered,3
ORD002815,2026-02-20,Bangalore,KA,South,5.5,1.12,Express,Prepaid,Returning,DTDC,Medium,Heatwave,8,10.6,2.6,No,Delivered,3
ORD002816,2025-12-30,Pune,MH,South,9.8,2.33,Standard,COD,New,AmazonLogistics,Medium,Clear,46,48.9,2.9,No,RTO,4
ORD002817,2025-12-15,Kochi,KL,North,4.3,1.16,Standard,Prepaid,Returning,BlueDart,High,Heatwave,27,30.4,3.4,No,Delivered,4
ORD002818,2026-02-11,Chandigarh,CH,East,4.9,1.15,Standard,Prepaid,Returning,Shadowfax,Low,Clear,21,21.8,0.8,No,Delivered,5
ORD002819,2025-12-24,Delhi,DL,South,13.1,0.59,SameDay,COD,VIP,Ekart,Medium,Clear,8,12.8,4.8,No,Delivered,4
ORD002820,2025-12-06,Coimbatore,TN,South,10.6,3.06,Standard,COD,New,BlueDart,Low,Clear,26,27.9,1.9,No,Delivered,5
ORD002821,2025-12-12,Surat,GJ,North,6.3,2.15,Express,Prepaid,Returning,AmazonLogistics,High,Clear,12,14.1,2.1,No,Delivered,3
ORD002822,2026-02-08,Bhopal,MP,West,4.2,2.3,Express,COD,VIP,Shadowfax,High,Fog,7,12.1,5.1,No,Delivered,4
ORD002823,2025-12-08,Delhi,DL,East,11.3,0.46,Express,Prepaid,Returning,EcomExpress,Medium,Rain,15,19.0,4.0,No,Delivered,4
ORD002824,2025-12-09,Noida,UP,North,11.0,1.36,Standard,Prepaid,Returning,XpressBees,Low,Clear,19,20.0,1.0,No,Delivered,5
ORD002825,2026-03-05,Nagpur,MH,North,10.1,0.63,Express,Prepaid,New,EcomExpress,Severe,Heatwave,17,23.0,6.0,No,Delivered,4
ORD002826,2025-12-10,Bhopal,MP,North,6.8,1.76,Express,Prepaid,Returning,Delhivery,Medium,Rain,9,12.8,3.8,No,Delivered,4
ORD002827,2026-02-06,Ahmedabad,GJ,West,3.1,1.34,Standard,COD,Returning,EcomExpress,Medium,Clear,29,31.5,2.5,No,Delivered,4
ORD002828,2026-01-18,Gurgaon,HR,Central,7.4,1.51,Express,Prepaid,New,EcomExpress,Low,Rain,18,19.9,1.9,No,Delivered,3
ORD002829,2026-01-04,Nagpur,MH,South,13.1,0.72,Standard,Prepaid,New,BlueDart,Medium,Rain,30,33.5,3.5,No,Delivered,4
ORD002830,2026-03-02,Delhi,DL,South,3.9,0.59,Express,COD,Returning,Ekart,Medium,Rain,17,20.6,3.6,No,Delivered,4
ORD002831,2026-01-05,Gurgaon,HR,West,7.7,0.75,Express,Prepaid,New,BlueDart,High,Clear,16,18.0,2.0,No,Delivered,5
ORD002832,2025-12-19,Patna,BR,West,14.0,1.33,Standard,Prepaid,Returning,AmazonLogistics,High,Clear,45,47.9,2.9,No,Delivered,4
ORD002833,2026-01-09,Kolkata,WB,North,6.3,0.96,SameDay,Prepaid,New,XpressBees,Low,Clear,7,9.4,2.4,No,Delivered,5
ORD002834,2026-01-01,Surat,GJ,North,7.0,1.29,Standard,COD,VIP,Delhivery,Medium,Clear,18,22.2,4.2,No,NDR_Pending,4
ORD002835,2026-02-12,Ahmedabad,GJ,South,2.1,0.6,Express,Prepaid,Returning,EcomExpress,Medium,Clear,10,11.1,1.1,No,Delivered,4
ORD002836,2026-02-04,Surat,GJ,East,10.0,1.1,Express,COD,VIP,Ekart,Low,Rain,18,21.1,3.1,No,Delivered,5
ORD002837,2025-12-14,Noida,UP,West,4.5,2.55,Standard,COD,Returning,XpressBees,High,Clear,23,26.8,3.8,No,Delivered,3
ORD002838,2026-02-24,Chandigarh,CH,West,1.3,1.35,Express,COD,New,Ekart,Medium,Clear,14,16.0,2.0,No,Delivered,4
ORD002839,2026-02-22,Hyderabad,TG,East,3.7,1.4,Express,COD,New,EcomExpress,Severe,Clear,15,21.1,6.1,No,RTO,2
ORD002840,2026-01-19,Noida,UP,North,8.3,1.41,Standard,Prepaid,New,DTDC,Medium,Clear,22,24.0,2.0,No,Delivered,4
ORD002841,2026-01-09,Jaipur,RJ,South,1.2,0.81,Express,COD,Returning,AmazonLogistics,Medium,Clear,13,13.5,0.5,No,Delivered,4
ORD002842,2026-01-19,Coimbatore,TN,North,2.0,2.94,Standard,Prepaid,New,Ekart,Severe,Rain,28,37.1,9.1,No,Delivered,3
ORD002843,2026-01-20,Patna,BR,East,9.7,1.37,Standard,Prepaid,Returning,Delhivery,Medium,Heatwave,16,17.6,1.6,No,Delivered,4
ORD002844,2026-01-02,Lucknow,UP,West,7.2,1.23,Standard,Prepaid,Returning,Ekart,Low,Clear,39,41.3,2.3,No,Delivered,4
ORD002845,2026-01-13,Lucknow,UP,South,3.8,1.67,Standard,COD,Returning,BlueDart,Medium,Fog,41,46.7,5.7,No,Delivered,4
ORD002846,2026-01-08,Lucknow,UP,North,6.2,1.94,Standard,Prepaid,Returning,AmazonLogistics,Severe,Heatwave,16,20.7,4.7,No,NDR_Pending,3
ORD002847,2026-03-04,Chandigarh,CH,West,14.5,0.52,Standard,COD,Returning,XpressBees,Medium,Rain,35,41.0,6.0,No,Delivered,3
ORD002848,2025-12-17,Ahmedabad,GJ,West,12.6,1.14,SameDay,COD,Returning,XpressBees,Medium,Storm,4,9.0,5.0,No,RTO,3
ORD002849,2025-12-10,Chennai,TN,West,7.1,4.23,Standard,Prepaid,New,BlueDart,Medium,Clear,48,49.5,1.5,No,Delivered,4
ORD002850,2025-12-16,Ahmedabad,GJ,North,10.8,2.98,Express,Prepaid,New,AmazonLogistics,Medium,Clear,16,19.1,3.1,No,Delivered,3
ORD002851,2025-12-19,Bangalore,KA,East,8.0,1.04,Standard,Prepaid,Returning,EcomExpress,Low,Fog,45,48.7,3.7,No,Delivered,4
ORD002852,2026-02-09,Ahmedabad,GJ,West,0.5,1.71,Standard,Prepaid,New,Shadowfax,Medium,Clear,41,42.1,1.1,No,Delivered,4
ORD002853,2026-01-06,Delhi,DL,West,0.5,0.91,Express,Prepaid,Returning,XpressBees,Severe,Clear,18,24.4,6.4,No,Delivered,4
ORD002854,2026-01-18,Pune,MH,West,3.9,1.37,Standard,Prepaid,VIP,AmazonLogistics,High,Clear,47,50.3,3.3,No,Delivered,5
ORD002855,2026-02-18,Coimbatore,TN,East,1.2,0.84,Standard,Prepaid,Returning,Shadowfax,Low,Clear,34,35.2,1.2,No,Delivered,4
ORD002856,2026-02-13,Pune,MH,Central,8.6,0.83,SameDay,Prepaid,New,DTDC,Medium,Clear,4,5.5,1.5,No,RTO,3
ORD002857,2026-02-26,Indore,MP,West,5.3,0.77,Standard,Prepaid,New,Shadowfax,Low,Clear,29,26.9,-2.1,Yes,Delivered,4
ORD002858,2026-02-02,Patna,BR,South,9.2,3.03,Standard,Prepaid,VIP,XpressBees,Medium,Storm,16,22.4,6.4,No,Delivered,4
ORD002859,2026-02-12,Coimbatore,TN,South,9.3,0.83,Express,Prepaid,New,DTDC,High,Clear,18,22.0,4.0,No,Delivered,5
ORD002860,2025-12-05,Jaipur,RJ,East,10.3,2.19,Standard,COD,New,DTDC,Medium,Rain,19,25.0,6.0,No,Reattempted,4
ORD002861,2026-01-02,Bangalore,KA,West,3.8,0.85,Express,Prepaid,Returning,AmazonLogistics,High,Clear,11,13.4,2.4,No,Delivered,4
ORD002862,2026-01-19,Gurgaon,HR,North,9.6,0.8,Standard,Prepaid,Returning,XpressBees,Medium,Clear,38,40.6,2.6,No,Delivered,4
ORD002863,2026-02-26,Bhopal,MP,North,3.7,1.4,Standard,Prepaid,Returning,EcomExpress,High,Heatwave,44,47.9,3.9,No,Delivered,3
ORD002864,2026-01-24,Nagpur,MH,East,10.3,0.51,Standard,Prepaid,Returning,DTDC,Severe,Clear,22,26.4,4.4,No,NDR_Pending,3
ORD002865,2026-02-08,Pune,MH,East,12.4,1.65,Standard,COD,Returning,Delhivery,High,Clear,46,48.4,2.4,No,Delivered,4
ORD002866,2025-12-17,Mumbai,MH,Central,10.4,1.02,Express,Prepaid,New,EcomExpress,Severe,Fog,15,21.6,6.6,No,Delivered,4
ORD002867,2026-02-13,Kolkata,WB,South,6.8,0.79,SameDay,Prepaid,Returning,AmazonLogistics,High,Clear,6,7.3,1.3,No,Delivered,5
ORD002868,2026-03-02,Bangalore,KA,East,9.8,0.7,Express,COD,Returning,BlueDart,Medium,Clear,18,20.4,2.4,No,Delivered,4
ORD002869,2026-01-06,Chandigarh,CH,East,1.4,3.61,Standard,COD,Returning,Shadowfax,Medium,Storm,35,38.3,3.3,No,Delivered,4
ORD002870,2026-02-15,Hyderabad,TG,South,0.5,1.08,SameDay,Prepaid,VIP,Ekart,Medium,Clear,6,6.6,0.6,No,Delivered,5
ORD002871,2025-12-23,Chennai,TN,North,9.4,1.06,Express,Prepaid,New,EcomExpress,High,Rain,18,25.9,7.9,No,Delivered,4
ORD002872,2026-02-24,Noida,UP,Central,12.7,1.87,Standard,Prepaid,Returning,Delhivery,Low,Clear,27,28.8,1.8,No,Delivered,5
ORD002873,2026-02-05,Bhopal,MP,North,2.6,0.67,Standard,Prepaid,Returning,Delhivery,Severe,Clear,17,21.5,4.5,No,Delivered,5
ORD002874,2026-01-28,Hyderabad,TG,West,7.6,2.18,Standard,COD,Returning,EcomExpress,Medium,Clear,29,31.8,2.8,No,Delivered,4
ORD002875,2026-01-27,Ahmedabad,GJ,West,9.3,1.08,Standard,Prepaid,New,DTDC,High,Rain,14,20.0,6.0,No,Delivered,3
ORD002876,2026-02-18,Surat,GJ,West,5.0,0.48,Standard,Prepaid,Returning,AmazonLogistics,Medium,Clear,22,22.4,0.4,No,Delivered,4
ORD002877,2025-12-28,Kochi,KL,North,6.1,0.8,Standard,Prepaid,VIP,XpressBees,Severe,Heatwave,50,55.7,5.7,No,Delivered,4
ORD002878,2025-12-21,Gurgaon,HR,West,10.0,0.57,SameDay,COD,Returning,EcomExpress,Low,Rain,7,10.4,3.4,No,Reattempted,3
ORD002879,2026-01-28,Chandigarh,CH,North,7.9,1.16,Standard,Prepaid,New,Shadowfax,Medium,Clear,15,15.2,0.2,No,Delivered,4
ORD002880,2026-02-20,Noida,UP,East,8.0,0.69,Standard,COD,New,Delhivery,High,Clear,49,54.5,5.5,No,Delivered,3
ORD002881,2026-02-26,Mumbai,MH,North,3.6,0.64,SameDay,Prepaid,Returning,DTDC,Medium,Rain,5,7.6,2.6,No,Delivered,4
ORD002882,2026-02-26,Hyderabad,TG,West,7.4,1.32,Standard,COD,New,XpressBees,Medium,Rain,23,29.5,6.5,No,Delivered,3
ORD002883,2025-12-20,Indore,MP,East,5.9,1.13,Standard,COD,Returning,Delhivery,Severe,Clear,19,23.5,4.5,No,Delivered,4
ORD002884,2025-12-06,Mumbai,MH,North,6.1,2.28,Standard,COD,VIP,AmazonLogistics,High,Fog,32,35.7,3.7,No,Delivered,4
ORD002885,2025-12-24,Ahmedabad,GJ,North,5.3,2.22,Express,COD,VIP,AmazonLogistics,Low,Clear,18,21.2,3.2,No,Delivered,3
ORD002886,2026-02-01,Bangalore,KA,East,7.4,1.15,Standard,COD,Returning,EcomExpress,High,Heatwave,16,19.1,3.1,No,Delivered,4
ORD002887,2026-01-11,Gurgaon,HR,North,4.0,1.49,Express,COD,Returning,XpressBees,Medium,Heatwave,7,7.5,0.5,No,Delivered,4
ORD002888,2025-12-13,Pune,MH,North,7.5,0.47,Express,Prepaid,New,XpressBees,Medium,Clear,13,13.5,0.5,No,RTO,4
ORD002889,2026-01-09,Delhi,DL,South,6.0,1.68,Express,Prepaid,New,Delhivery,High,Clear,12,15.1,3.1,No,Delivered,5
ORD002890,2026-02-01,Bangalore,KA,Central,3.8,1.41,Express,Prepaid,Returning,EcomExpress,Low,Clear,16,15.3,-0.7,Yes,Delivered,5
ORD002891,2025-12-09,Delhi,DL,West,0.5,1.96,Express,Prepaid,New,DTDC,Medium,Clear,8,8.8,0.8,No,Delivered,4
ORD002892,2026-02-24,Indore,MP,South,11.3,0.92,Express,Prepaid,New,Ekart,Medium,Fog,18,20.3,2.3,No,Delivered,4
ORD002893,2026-01-10,Ahmedabad,GJ,Central,10.5,0.92,Standard,Prepaid,Returning,XpressBees,High,Clear,29,34.3,5.3,No,Delivered,4
ORD002894,2025-12-21,Gurgaon,HR,South,4.3,0.93,Standard,COD,Returning,XpressBees,Medium,Rain,35,39.7,4.7,No,Delivered,4
ORD002895,2026-01-09,Chennai,TN,South,10.2,2.61,Standard,Prepaid,VIP,XpressBees,Medium,Heatwave,17,18.9,1.9,No,Delivered,5
ORD002896,2026-01-18,Surat,GJ,South,3.4,1.31,Standard,Prepaid,New,Shadowfax,Severe,Storm,14,19.1,5.1,No,Delivered,3
ORD002897,2026-02-14,Kochi,KL,South,6.3,0.45,Standard,Prepaid,Returning,Delhivery,High,Clear,18,20.2,2.2,No,Delivered,4
ORD002898,2025-12-13,Nagpur,MH,South,5.4,1.63,Express,Prepaid,Returning,BlueDart,Medium,Storm,13,18.6,5.6,No,NDR_Pending,2
ORD002899,2026-01-16,Patna,BR,West,6.4,0.84,Standard,Prepaid,New,Ekart,Severe,Clear,33,39.2,6.2,No,Delivered,4
ORD002900,2026-02-02,Hyderabad,TG,North,10.1,2.12,Standard,Prepaid,Returning,AmazonLogistics,Medium,Clear,36,37.4,1.4,No,Reattempted,4
ORD002901,2026-02-16,Surat,GJ,West,5.9,1.53,Standard,Prepaid,Returning,Ekart,Medium,Clear,47,48.3,1.3,No,Delivered,4
ORD002902,2025-12-15,Bhopal,MP,North,6.1,2.33,Express,COD,Returning,Delhivery,Medium,Rain,8,11.6,3.6,No,Reattempted,4
ORD002903,2025-12-15,Chandigarh,CH,South,10.5,2.06,Standard,Prepaid,Returning,Shadowfax,Low,Clear,34,35.9,1.9,No,Delivered,5
ORD002904,2026-03-03,Nagpur,MH,North,7.7,1.94,Express,COD,Returning,XpressBees,High,Clear,8,13.3,5.3,No,Delivered,3
ORD002905,2026-02-27,Kochi,KL,West,5.1,2.18,Standard,COD,VIP,EcomExpress,Medium,Clear,25,27.3,2.3,No,Delivered,5
ORD002906,2026-01-03,Chandigarh,CH,West,8.5,1.8,Standard,Prepaid,New,EcomExpress,Severe,Heatwave,23,28.6,5.6,No,Delivered,5
ORD002907,2026-01-17,Nagpur,MH,South,11.5,0.73,Express,Prepaid,Returning,AmazonLogistics,Medium,Clear,10,12.8,2.8,No,Delivered,4
ORD002908,2025-12-21,Gurgaon,HR,North,11.7,0.56,SameDay,COD,VIP,DTDC,Low,Rain,5,11.3,6.3,No,Delivered,4
ORD002909,2026-02-15,Delhi,DL,North,2.2,0.67,Express,COD,Returning,XpressBees,Medium,Rain,7,10.6,3.6,No,NDR_Pending,3
ORD002910,2026-03-01,Kolkata,WB,East,2.4,1.71,SameDay,Prepaid,Returning,EcomExpress,Low,Clear,4,4.8,0.8,No,Delivered,4
ORD002911,2026-01-20,Delhi,DL,North,11.5,0.29,Standard,Prepaid,Returning,Shadowfax,Severe,Clear,16,20.5,4.5,No,Delivered,4
ORD002912,2026-02-01,Pune,MH,East,6.3,1.1,Express,Prepaid,New,Delhivery,High,Clear,9,12.4,3.4,No,Delivered,5
ORD002913,2026-02-04,Lucknow,UP,South,0.5,0.94,Express,Prepaid,Returning,Delhivery,High,Clear,8,9.5,1.5,No,Delivered,5
ORD002914,2026-01-18,Hyderabad,TG,North,4.6,2.3,Express,Prepaid,Returning,Shadowfax,High,Heatwave,9,14.5,5.5,No,Delivered,4
ORD002915,2026-01-13,Jaipur,RJ,West,5.7,1.03,Express,COD,New,EcomExpress,Medium,Clear,15,18.6,3.6,No,Delivered,5
ORD002916,2026-02-11,Jaipur,RJ,South,6.2,0.89,Express,Prepaid,Returning,Ekart,Low,Rain,7,12.0,5.0,No,Delivered,4
ORD002917,2026-01-02,Nagpur,MH,North,10.6,2.43,Standard,Prepaid,New,Shadowfax,Medium,Fog,15,18.9,3.9,No,Delivered,4
ORD002918,2026-02-21,Gurgaon,HR,Central,3.8,1.05,Standard,Prepaid,New,Delhivery,High,Heatwave,21,27.3,6.3,No,Delivered,3
ORD002919,2026-01-10,Bhopal,MP,North,11.2,0.95,Standard,Prepaid,VIP,Delhivery,Medium,Clear,28,30.8,2.8,No,Delivered,4
ORD002920,2026-02-16,Ahmedabad,GJ,South,8.6,0.82,Express,Prepaid,VIP,DTDC,Low,Heatwave,14,16.3,2.3,No,Delivered,4
ORD002921,2026-01-15,Kolkata,WB,South,2.4,1.31,Standard,Prepaid,Returning,Delhivery,High,Rain,35,41.1,6.1,No,Delivered,4
ORD002922,2026-01-06,Patna,BR,South,6.2,0.91,Express,COD,Returning,EcomExpress,Medium,Clear,12,13.4,1.4,No,Delivered,4
ORD002923,2025-12-15,Delhi,DL,East,9.5,0.91,Standard,COD,Returning,BlueDart,Medium,Rain,46,50.2,4.2,No,Delivered,3
ORD002924,2026-01-10,Surat,GJ,North,7.7,2.64,Standard,Prepaid,New,EcomExpress,Low,Clear,28,29.2,1.2,No,Delivered,4
ORD002925,2026-02-06,Jaipur,RJ,Central,9.0,1.14,Standard,Prepaid,New,XpressBees,Medium,Rain,24,28.7,4.7,No,Delivered,3
ORD002926,2026-01-21,Bangalore,KA,West,5.2,0.84,Standard,Prepaid,Returning,Shadowfax,Medium,Rain,46,48.9,2.9,No,Delivered,4
ORD002927,2026-01-29,Nagpur,MH,Central,9.7,0.61,Express,COD,Returning,Delhivery,Severe,Rain,13,20.1,7.1,No,Delivered,4
ORD002928,2026-01-27,Kolkata,WB,East,5.9,1.24,Standard,Prepaid,Returning,AmazonLogistics,High,Fog,41,45.3,4.3,No,Delivered,4
ORD002929,2026-01-15,Bangalore,KA,Central,17.7,0.79,Standard,COD,New,BlueDart,Low,Rain,49,53.1,4.1,No,Delivered,4
ORD002930,2026-01-01,Kochi,KL,West,2.2,0.89,Standard,Prepaid,VIP,XpressBees,High,Clear,24,27.1,3.1,No,Delivered,4
ORD002931,2025-12-21,Bangalore,KA,South,18.3,0.66,Standard,Prepaid,New,Delhivery,High,Clear,30,36.3,6.3,No,Delivered,4
ORD002932,2025-12-17,Kochi,KL,South,3.7,1.24,Standard,Prepaid,Returning,XpressBees,High,Fog,32,34.8,2.8,No,Delivered,5
ORD002933,2026-02-09,Bangalore,KA,West,12.6,0.51,Standard,Prepaid,New,EcomExpress,Severe,Rain,44,52.5,8.5,No,Delivered,4
ORD002934,2026-01-13,Jaipur,RJ,South,10.8,1.41,Express,Prepaid,New,Shadowfax,High,Heatwave,10,14.0,4.0,No,Delivered,3
ORD002935,2025-12-11,Bhopal,MP,West,3.9,0.8,Express,Prepaid,Returning,EcomExpress,Medium,Clear,15,16.5,1.5,No,Delivered,4
ORD002936,2026-02-17,Hyderabad,TG,North,9.9,1.7,SameDay,Prepaid,Returning,Ekart,Medium,Clear,5,6.1,1.1,No,Delivered,4
ORD002937,2026-01-08,Patna,BR,East,5.5,1.48,Standard,COD,Returning,EcomExpress,Medium,Fog,43,47.7,4.7,No,Delivered,4
ORD002938,2025-12-30,Coimbatore,TN,North,8.6,1.18,Standard,Prepaid,New,Ekart,Medium,Rain,34,37.6,3.6,No,Delivered,4
ORD002939,2026-01-16,Gurgaon,HR,Central,8.1,1.84,Standard,COD,VIP,Ekart,Severe,Clear,43,48.5,5.5,No,Delivered,4
ORD002940,2026-01-08,Bangalore,KA,North,6.1,2.81,Standard,COD,Returning,BlueDart,High,Clear,34,38.1,4.1,No,Delivered,4
ORD002941,2026-01-10,Coimbatore,TN,North,5.8,2.37,Standard,Prepaid,Returning,EcomExpress,Medium,Heatwave,32,35.5,3.5,No,Delivered,4
ORD002942,2025-12-29,Gurgaon,HR,East,8.9,0.5,Standard,Prepaid,New,BlueDart,Severe,Rain,47,55.2,8.2,No,Delivered,4
ORD002943,2025-12-08,Patna,BR,East,3.9,0.77,Standard,Prepaid,VIP,Ekart,High,Clear,26,28.3,2.3,No,Delivered,4
ORD002944,2026-01-29,Bangalore,KA,West,4.0,0.83,Standard,COD,Returning,XpressBees,Medium,Clear,19,22.2,3.2,No,Delivered,4
ORD002945,2026-02-10,Bhopal,MP,Central,11.3,1.62,Standard,COD,Returning,XpressBees,Severe,Clear,41,48.1,7.1,No,Delivered,3
ORD002946,2026-03-01,Delhi,DL,North,9.2,0.81,Express,COD,New,Delhivery,Medium,Clear,12,15.0,3.0,No,Delivered,4
ORD002947,2025-12-18,Indore,MP,East,2.3,0.79,Express,Prepaid,New,AmazonLogistics,Medium,Clear,13,15.7,2.7,No,Delivered,4
ORD002948,2025-12-21,Lucknow,UP,South,3.5,0.71,Standard,COD,Returning,Delhivery,Medium,Clear,24,25.4,1.4,No,Delivered,4
ORD002949,2026-01-12,Surat,GJ,South,0.5,1.32,Standard,Prepaid,Returning,Delhivery,Severe,Fog,39,45.5,6.5,No,Delivered,4
ORD002950,2026-02-13,Surat,GJ,South,11.1,1.62,Standard,Prepaid,Returning,EcomExpress,Medium,Clear,29,32.0,3.0,No,Delivered,4
ORD002951,2026-01-31,Mumbai,MH,North,10.3,0.53,Standard,Prepaid,Returning,Shadowfax,Medium,Rain,36,38.7,2.7,No,Delivered,5
ORD002952,2026-02-03,Surat,GJ,West,3.1,0.81,Standard,Prepaid,Returning,Ekart,High,Clear,14,18.5,4.5,No,Delivered,3
ORD002953,2026-01-22,Gurgaon,HR,West,10.1,0.35,Standard,Prepaid,Returning,AmazonLogistics,Severe,Clear,48,52.5,4.5,No,Delivered,4
ORD002954,2026-03-04,Jaipur,RJ,North,15.4,0.26,Standard,Prepaid,VIP,EcomExpress,Low,Clear,42,44.8,2.8,No,Delivered,5
ORD002955,2026-01-09,Chennai,TN,Central,1.3,1.48,Standard,COD,New,BlueDart,Medium,Clear,29,32.3,3.3,No,Delivered,4
ORD002956,2025-12-14,Noida,UP,South,5.0,1.34,Express,Prepaid,Returning,AmazonLogistics,Severe,Rain,12,18.1,6.1,No,Delivered,4
ORD002957,2026-01-17,Pune,MH,North,1.3,1.23,Express,COD,Returning,Shadowfax,High,Heatwave,9,13.0,4.0,No,RTO,3
ORD002958,2026-02-25,Lucknow,UP,West,11.3,2.86,Standard,Prepaid,New,Delhivery,Medium,Rain,33,37.4,4.4,No,Delivered,5
ORD002959,2026-01-24,Surat,GJ,North,7.1,0.4,Standard,Prepaid,New,BlueDart,Medium,Rain,29,31.1,2.1,No,Delivered,4
ORD002960,2026-02-16,Lucknow,UP,North,5.9,0.32,SameDay,Prepaid,Returning,XpressBees,Medium,Fog,5,8.8,3.8,No,Delivered,4
ORD002961,2026-02-05,Gurgaon,HR,West,8.4,0.56,Standard,COD,Returning,Ekart,High,Rain,46,51.8,5.8,No,Delivered,4
ORD002962,2026-02-25,Jaipur,RJ,North,5.3,0.31,Express,COD,New,DTDC,Medium,Clear,13,15.8,2.8,No,Delivered,4
ORD002963,2026-01-29,Noida,UP,North,5.9,0.76,Standard,Prepaid,New,Delhivery,High,Rain,38,44.7,6.7,No,Delivered,3
ORD002964,2026-02-11,Pune,MH,West,8.6,1.57,SameDay,Prepaid,Returning,DTDC,Low,Clear,8,10.8,2.8,No,Delivered,5
ORD002965,2026-01-29,Coimbatore,TN,North,5.1,1.32,Standard,Prepaid,New,EcomExpress,High,Clear,15,17.5,2.5,No,Delivered,5
ORD002966,2025-12-30,Indore,MP,East,5.6,2.05,Standard,Prepaid,New,AmazonLogistics,Low,Rain,27,29.1,2.1,No,Delivered,4
ORD002967,2025-12-08,Hyderabad,TG,East,6.9,1.38,SameDay,Prepaid,Returning,BlueDart,Severe,Rain,6,13.9,7.9,No,Delivered,3
ORD002968,2026-01-11,Hyderabad,TG,North,7.9,0.87,Express,COD,New,EcomExpress,Low,Clear,9,8.9,-0.1,Yes,Delivered,4
ORD002969,2026-02-28,Coimbatore,TN,South,9.9,0.81,Standard,Prepaid,New,Shadowfax,Low,Heatwave,28,30.0,2.0,No,Delivered,4
ORD002970,2025-12-14,Nagpur,MH,North,9.8,1.44,Express,Prepaid,Returning,EcomExpress,Medium,Clear,9,9.9,0.9,No,Delivered,5
ORD002971,2025-12-27,Nagpur,MH,West,1.5,0.44,Express,Prepaid,Returning,EcomExpress,Medium,Rain,17,23.1,6.1,No,Delivered,5
ORD002972,2025-12-05,Pune,MH,North,13.1,0.16,Standard,COD,Returning,XpressBees,Medium,Storm,39,47.0,8.0,No,RTO,2
ORD002973,2026-01-12,Indore,MP,Central,7.7,1.4,Standard,Prepaid,New,AmazonLogistics,High,Clear,36,38.2,2.2,No,Delivered,4
ORD002974,2026-03-01,Noida,UP,North,6.2,1.27,Standard,Prepaid,Returning,AmazonLogistics,Severe,Heatwave,37,41.9,4.9,No,Delivered,4
ORD002975,2026-01-13,Mumbai,MH,West,3.9,2.83,SameDay,COD,Returning,BlueDart,Medium,Fog,3,5.9,2.9,No,NDR_Pending,4
ORD002976,2026-02-18,Lucknow,UP,North,15.5,1.68,Standard,Prepaid,Returning,Delhivery,Medium,Rain,17,24.2,7.2,No,Delivered,3
ORD002977,2026-01-28,Lucknow,UP,North,16.9,1.33,Standard,Prepaid,New,Shadowfax,Medium,Heatwave,36,37.2,1.2,No,Delivered,4
ORD002978,2025-12-12,Chandigarh,CH,South,15.0,0.92,Standard,Prepaid,New,BlueDart,High,Rain,32,38.1,6.1,No,Delivered,4
ORD002979,2026-01-01,Chennai,TN,West,8.0,0.68,Standard,COD,Returning,EcomExpress,Low,Clear,35,36.9,1.9,No,Delivered,4
ORD002980,2026-01-15,Lucknow,UP,Central,8.9,0.93,Standard,COD,New,Ekart,Medium,Rain,25,28.4,3.4,No,Delivered,5
ORD002981,2026-01-03,Coimbatore,TN,North,13.5,1.96,Standard,Prepaid,VIP,Ekart,Low,Clear,16,17.7,1.7,No,Delivered,4
ORD002982,2025-12-31,Pune,MH,North,6.5,1.46,Standard,Prepaid,VIP,Delhivery,Medium,Clear,25,25.0,0.0,Yes,Delivered,5
ORD002983,2026-01-28,Bhopal,MP,South,9.7,1.94,Standard,Prepaid,Returning,AmazonLogistics,High,Clear,37,41.9,4.9,No,Delivered,4
ORD002984,2026-01-01,Bhopal,MP,South,8.4,1.18,Standard,Prepaid,Returning,XpressBees,Low,Clear,48,49.6,1.6,No,Delivered,4
ORD002985,2026-02-21,Coimbatore,TN,East,15.2,0.64,Standard,Prepaid,Returning,EcomExpress,Low,Rain,34,39.2,5.2,No,Delivered,3
ORD002986,2026-02-24,Nagpur,MH,East,13.2,2.22,Standard,Prepaid,New,XpressBees,High,Heatwave,28,32.6,4.6,No,Delivered,4
ORD002987,2025-12-07,Coimbatore,TN,East,6.9,2.1,Express,Prepaid,Returning,Delhivery,Low,Storm,14,20.3,6.3,No,Delivered,4
ORD002988,2026-03-05,Patna,BR,North,13.6,1.24,Standard,COD,VIP,Delhivery,High,Clear,14,18.8,4.8,No,Reattempted,5
ORD002989,2026-01-25,Gurgaon,HR,South,7.5,1.54,Standard,Prepaid,New,Ekart,Medium,Clear,20,23.4,3.4,No,Delivered,4
ORD002990,2026-01-12,Jaipur,RJ,West,5.3,1.49,Standard,Prepaid,Returning,XpressBees,Severe,Clear,27,32.6,5.6,No,NDR_Pending,4
ORD002991,2026-01-24,Lucknow,UP,South,6.4,0.83,Express,Prepaid,Returning,EcomExpress,High,Clear,19,22.4,3.4,No,Delivered,4
ORD002992,2026-02-17,Nagpur,MH,West,8.1,0.95,Express,COD,New,Shadowfax,Low,Clear,12,15.0,3.0,No,Delivered,4
ORD002993,2025-12-16,Bangalore,KA,North,4.4,0.64,SameDay,COD,Returning,Ekart,Severe,Clear,7,17.3,10.3,No,Delivered,3
ORD002994,2025-12-20,Chandigarh,CH,South,5.4,0.94,Standard,COD,VIP,BlueDart,Medium,Heatwave,32,33.3,1.3,No,Delivered,5
ORD002995,2025-12-08,Patna,BR,East,1.7,2.05,Standard,Prepaid,New,Ekart,Medium,Clear,20,21.2,1.2,No,Delivered,4
ORD002996,2026-02-13,Nagpur,MH,North,4.2,1.83,Standard,Prepaid,New,AmazonLogistics,High,Fog,15,18.0,3.0,No,Delivered,4
ORD002997,2026-02-15,Kolkata,WB,Central,8.4,1.55,Standard,Prepaid,New,BlueDart,High,Heatwave,24,28.3,4.3,No,Delivered,4
ORD002998,2025-12-09,Kolkata,WB,South,11.7,1.97,SameDay,COD,Returning,DTDC,Medium,Rain,4,9.5,5.5,No,Delivered,4
ORD002999,2026-02-18,Jaipur,RJ,North,11.2,0.89,Standard,Prepaid,Returning,DTDC,Medium,Clear,32,37.1,5.1,No,Delivered,4
ORD003000,2026-01-05,Kochi,KL,North,9.2,0.55,Express,Prepaid,Returning,AmazonLogistics,Low,Clear,12,12.4,0.4,No,Delivered,5
ORD003001,2025-12-09,Patna,BR,North,1.4,1.01,SameDay,Prepaid,Returning,BlueDart,High,Storm,5,11.8,6.8,No,Delivered,3
ORD003002,2026-01-25,Kochi,KL,South,4.1,1.05,Express,Prepaid,VIP,Delhivery,Severe,Clear,14,16.1,2.1,No,Delivered,4
ORD003003,2026-02-04,Gurgaon,HR,North,6.7,1.66,Standard,Prepaid,New,Delhivery,Medium,Clear,14,16.1,2.1,No,Delivered,4
ORD003004,2025-12-10,Noida,UP,West,11.4,1.5,Express,Prepaid,Returning,XpressBees,Severe,Storm,9,17.2,8.2,No,Delivered,4
ORD003005,2025-12-27,Coimbatore,TN,East,5.3,2.03,Standard,Prepaid,Returning,AmazonLogistics,Low,Rain,18,20.8,2.8,No,RTO,3
ORD003006,2025-12-15,Ahmedabad,GJ,South,2.6,0.33,Standard,Prepaid,New,AmazonLogistics,High,Rain,48,53.3,5.3,No,Delivered,5
ORD003007,2025-12-26,Indore,MP,North,13.3,0.68,Standard,Prepaid,New,XpressBees,Severe,Clear,23,28.2,5.2,No,Delivered,4
ORD003008,2026-01-03,Jaipur,RJ,South,4.6,1.05,Express,Prepaid,Returning,Delhivery,High,Clear,11,14.7,3.7,No,Delivered,4
ORD003009,2026-02-26,Nagpur,MH,East,3.0,1.47,Express,COD,Returning,Delhivery,Low,Fog,8,11.0,3.0,No,Delivered,5
ORD003010,2026-01-17,Bhopal,MP,West,8.4,3.88,Standard,Prepaid,Returning,AmazonLogistics,Medium,Clear,21,22.5,1.5,No,Delivered,4
ORD003011,2026-01-30,Ahmedabad,GJ,North,7.3,0.61,Express,Prepaid,Returning,XpressBees,Low,Clear,15,16.9,1.9,No,Delivered,5
ORD003012,2025-12-24,Surat,GJ,South,5.5,0.72,Standard,Prepaid,New,AmazonLogistics,High,Clear,20,21.3,1.3,No,Delivered,4
ORD003013,2026-01-28,Mumbai,MH,South,7.5,0.86,Express,COD,New,Delhivery,Severe,Rain,20,26.2,6.2,No,Reattempted,4
ORD003014,2026-01-02,Coimbatore,TN,South,3.8,0.71,Standard,COD,VIP,BlueDart,Medium,Clear,26,28.7,2.7,No,Delivered,4
ORD003015,2026-01-14,Lucknow,UP,North,5.5,0.65,Standard,Prepaid,Returning,Ekart,Low,Fog,13,15.4,2.4,No,Delivered,4
ORD003016,2025-12-20,Lucknow,UP,Central,7.4,1.14,Standard,Prepaid,Returning,Delhivery,Medium,Clear,36,39.6,3.6,No,Reattempted,5
ORD003017,2026-02-01,Surat,GJ,North,0.5,1.99,Express,COD,New,Delhivery,Medium,Clear,12,11.6,-0.4,Yes,Delivered,5
ORD003018,2025-12-14,Hyderabad,TG,North,11.3,1.19,SameDay,COD,New,XpressBees,Medium,Storm,4,11.9,7.9,No,Delivered,3
ORD003019,2026-01-11,Indore,MP,North,2.0,0.66,Standard,Prepaid,VIP,XpressBees,Medium,Storm,17,22.1,5.1,No,Delivered,5
ORD003020,2026-01-12,Coimbatore,TN,West,3.7,0.98,Standard,Prepaid,New,Ekart,High,Rain,39,43.7,4.7,No,Delivered,3
ORD003021,2026-01-08,Kolkata,WB,South,11.5,0.59,Standard,Prepaid,New,Ekart,Low,Heatwave,24,26.8,2.8,No,Delivered,3
ORD003022,2025-12-25,Delhi,DL,North,9.8,1.99,Express,COD,Returning,AmazonLogistics,High,Clear,12,13.9,1.9,No,Delivered,5
ORD003023,2025-12-16,Ahmedabad,GJ,South,7.8,2.67,Standard,Prepaid,VIP,Delhivery,Medium,Clear,40,43.4,3.4,No,Delivered,4
ORD003024,2026-02-02,Bangalore,KA,West,0.7,0.42,Standard,COD,New,Shadowfax,Low,Clear,18,18.4,0.4,No,NDR_Pending,3
ORD003025,2026-02-28,Ahmedabad,GJ,South,5.1,1.27,Standard,Prepaid,Returning,Ekart,High,Clear,49,51.2,2.2,No,NDR_Pending,4
ORD003026,2025-12-25,Nagpur,MH,East,6.6,0.69,Standard,Prepaid,New,BlueDart,High,Rain,35,42.2,7.2,No,Delivered,4
ORD003027,2025-12-15,Delhi,DL,South,6.9,1.15,Express,COD,Returning,Ekart,Medium,Fog,18,22.4,4.4,No,Delivered,3
ORD003028,2025-12-22,Coimbatore,TN,North,12.1,1.05,Standard,COD,New,XpressBees,High,Clear,39,42.8,3.8,No,Delivered,4
ORD003029,2026-01-01,Hyderabad,TG,Central,15.5,0.49,Standard,COD,Returning,Delhivery,Medium,Clear,21,25.6,4.6,No,Delivered,4
ORD003030,2026-01-07,Chandigarh,CH,East,10.0,2.28,Standard,Prepaid,Returning,Shadowfax,Medium,Storm,37,43.1,6.1,No,Delivered,4
ORD003031,2026-01-01,Coimbatore,TN,South,5.4,1.01,Standard,COD,VIP,DTDC,Severe,Clear,21,27.9,6.9,No,Delivered,4
ORD003032,2025-12-14,Chennai,TN,East,12.4,0.83,Standard,COD,Returning,Delhivery,Severe,Clear,24,30.4,6.4,No,Delivered,3
ORD003033,2026-02-11,Indore,MP,South,5.1,1.19,Standard,COD,Returning,BlueDart,Low,Clear,33,35.2,2.2,No,Delivered,4
ORD003034,2025-12-08,Delhi,DL,South,0.5,0.66,Express,Prepaid,Returning,DTDC,Severe,Clear,15,21.9,6.9,No,Delivered,3
ORD003035,2026-01-03,Pune,MH,East,2.5,0.99,Standard,COD,Returning,Delhivery,High,Clear,45,47.5,2.5,No,Delivered,4
ORD003036,2026-02-12,Noida,UP,West,0.5,0.37,Standard,Prepaid,New,BlueDart,Low,Clear,13,12.3,-0.7,Yes,Delivered,4
ORD003037,2026-01-28,Bhopal,MP,South,6.0,0.27,Standard,Prepaid,Returning,DTDC,Medium,Clear,16,16.2,0.2,No,Delivered,4
ORD003038,2025-12-20,Bangalore,KA,West,6.8,0.62,Standard,Prepaid,Returning,AmazonLogistics,Low,Clear,13,13.9,0.9,No,NDR_Pending,4
ORD003039,2025-12-15,Chennai,TN,South,1.1,0.8,Standard,Prepaid,Returning,Shadowfax,High,Clear,45,47.7,2.7,No,Delivered,4
ORD003040,2026-01-29,Bangalore,KA,North,4.1,0.39,Express,COD,Returning,Ekart,Severe,Clear,11,17.8,6.8,No,Delivered,3
ORD003041,2025-12-05,Ahmedabad,GJ,Central,1.8,0.82,Standard,Prepaid,Returning,Ekart,Medium,Clear,43,44.3,1.3,No,Delivered,4
ORD003042,2026-01-01,Chennai,TN,South,7.0,0.8,Express,Prepaid,Returning,Shadowfax,Medium,Clear,11,12.8,1.8,No,Delivered,4
ORD003043,2026-02-19,Kolkata,WB,West,4.1,1.07,Standard,COD,Returning,Delhivery,Medium,Heatwave,42,45.2,3.2,No,Delivered,4
ORD003044,2026-01-03,Surat,GJ,West,11.5,1.6,Standard,Prepaid,Returning,AmazonLogistics,Medium,Rain,42,45.4,3.4,No,Delivered,4
ORD003045,2026-01-05,Bangalore,KA,West,8.2,3.09,Standard,Prepaid,Returning,EcomExpress,High,Clear,17,21.1,4.1,No,Delivered,4
ORD003046,2025-12-19,Chandigarh,CH,South,13.9,1.43,Express,Prepaid,Returning,AmazonLogistics,Medium,Clear,18,20.4,2.4,No,Delivered,5
ORD003047,2026-01-14,Coimbatore,TN,Central,5.7,0.61,Standard,Prepaid,Returning,XpressBees,Medium,Rain,31,35.5,4.5,No,Delivered,4
ORD003048,2025-12-25,Patna,BR,West,16.1,1.65,Express,Prepaid,Returning,BlueDart,Medium,Clear,10,12.3,2.3,No,Delivered,5
ORD003049,2025-12-06,Bangalore,KA,West,7.5,2.56,Standard,COD,Returning,XpressBees,High,Rain,22,28.7,6.7,No,Reattempted,3
ORD003050,2026-01-26,Coimbatore,TN,South,5.4,0.56,Standard,Prepaid,New,Shadowfax,High,Storm,43,50.3,7.3,No,Delivered,4
ORD003051,2025-12-06,Bhopal,MP,South,17.1,0.58,Standard,Prepaid,Returning,Ekart,High,Clear,17,21.3,4.3,No,Delivered,4
ORD003052,2026-01-27,Bangalore,KA,North,0.5,0.47,Standard,Prepaid,Returning,EcomExpress,Medium,Clear,16,17.2,1.2,No,Delivered,4
ORD003053,2025-12-23,Patna,BR,South,5.3,0.79,Standard,COD,VIP,Ekart,High,Clear,22,25.6,3.6,No,Delivered,3
ORD003054,2025-12-31,Ahmedabad,GJ,North,0.8,1.38,Standard,Prepaid,New,Delhivery,High,Clear,42,43.1,1.1,No,Delivered,5
ORD003055,2025-12-12,Patna,BR,West,0.5,2.69,Standard,COD,VIP,AmazonLogistics,High,Clear,42,43.9,1.9,No,Delivered,4
ORD003056,2025-12-24,Lucknow,UP,East,0.5,1.89,Standard,Prepaid,New,Ekart,Medium,Rain,21,24.9,3.9,No,Delivered,4
ORD003057,2026-01-07,Bhopal,MP,South,10.0,1.39,Express,Prepaid,VIP,BlueDart,High,Clear,17,21.3,4.3,No,Delivered,4
ORD003058,2026-01-05,Delhi,DL,South,2.2,1.14,Express,Prepaid,VIP,Delhivery,Medium,Rain,17,20.6,3.6,No,Delivered,4
ORD003059,2026-03-04,Ahmedabad,GJ,West,6.5,1.4,Standard,Prepaid,Returning,AmazonLogistics,Low,Rain,32,33.0,1.0,No,Delivered,5
ORD003060,2025-12-12,Chennai,TN,North,11.1,1.45,Standard,Prepaid,VIP,AmazonLogistics,Severe,Clear,15,21.0,6.0,No,Delivered,4
ORD003061,2026-01-17,Hyderabad,TG,Central,9.4,2.42,Standard,Prepaid,Returning,EcomExpress,Low,Storm,28,35.3,7.3,No,Delivered,4
ORD003062,2026-01-22,Kolkata,WB,South,9.2,1.09,Standard,COD,Returning,Shadowfax,Severe,Fog,31,39.7,8.7,No,Delivered,4
ORD003063,2026-03-04,Ahmedabad,GJ,North,12.4,1.29,Standard,Prepaid,Returning,AmazonLogistics,High,Clear,14,17.3,3.3,No,Delivered,4
ORD003064,2026-02-17,Delhi,DL,North,13.9,0.86,Standard,Prepaid,New,EcomExpress,Severe,Storm,38,46.4,8.4,No,Delivered,4
ORD003065,2026-01-30,Coimbatore,TN,Central,2.5,1.18,Standard,Prepaid,New,XpressBees,Medium,Fog,25,28.8,3.8,No,RTO,3
ORD003066,2026-01-31,Indore,MP,North,9.4,0.95,Standard,Prepaid,New,BlueDart,High,Clear,23,25.6,2.6,No,Delivered,3
ORD003067,2026-02-25,Bhopal,MP,West,6.4,0.54,Standard,COD,Returning,Delhivery,High,Clear,42,45.7,3.7,No,Delivered,4
ORD003068,2025-12-06,Coimbatore,TN,North,6.9,1.87,Standard,COD,Returning,AmazonLogistics,Medium,Clear,42,45.4,3.4,No,Delivered,4
ORD003069,2026-02-14,Delhi,DL,North,1.5,2.7,Standard,COD,Returning,EcomExpress,Medium,Rain,21,25.8,4.8,No,Delivered,4
ORD003070,2025-12-29,Pune,MH,East,5.4,1.08,Standard,Prepaid,Returning,Ekart,Low,Heatwave,46,47.4,1.4,No,Delivered,5
ORD003071,2026-01-31,Jaipur,RJ,North,5.8,1.35,Express,COD,Returning,XpressBees,Medium,Clear,13,15.7,2.7,No,Delivered,4
ORD003072,2026-01-16,Lucknow,UP,North,13.2,1.85,Standard,COD,Returning,Shadowfax,Severe,Clear,35,41.2,6.2,No,Delivered,4
ORD003073,2026-01-16,Hyderabad,TG,South,2.9,1.01,Standard,Prepaid,VIP,BlueDart,Medium,Clear,37,37.4,0.4,No,Delivered,4
ORD003074,2026-02-25,Patna,BR,East,0.5,1.24,Express,Prepaid,New,BlueDart,High,Rain,15,17.3,2.3,No,Delivered,4
ORD003075,2026-02-23,Indore,MP,South,7.5,0.97,Standard,Prepaid,Returning,AmazonLogistics,Medium,Clear,26,28.3,2.3,No,Delivered,4
ORD003076,2025-12-20,Coimbatore,TN,North,2.5,0.79,Standard,COD,New,DTDC,Medium,Clear,37,40.7,3.7,No,Delivered,4
ORD003077,2026-01-09,Delhi,DL,Central,6.9,1.51,Express,Prepaid,New,AmazonLogistics,Severe,Clear,12,15.5,3.5,No,Delivered,4
ORD003078,2025-12-11,Bhopal,MP,West,10.1,1.5,Express,Prepaid,New,BlueDart,Low,Rain,14,16.1,2.1,No,Delivered,5
ORD003079,2025-12-26,Hyderabad,TG,East,7.1,1.92,SameDay,Prepaid,New,EcomExpress,High,Clear,5,9.6,4.6,No,Delivered,4
ORD003080,2026-01-22,Jaipur,RJ,West,5.8,1.1,Express,Prepaid,VIP,Delhivery,Medium,Clear,12,13.0,1.0,No,Delivered,4
ORD003081,2025-12-26,Jaipur,RJ,West,6.9,0.54,Express,Prepaid,Returning,AmazonLogistics,Low,Clear,18,16.8,-1.2,Yes,Delivered,5
ORD003082,2026-01-24,Bhopal,MP,South,10.9,2.15,Standard,Prepaid,VIP,BlueDart,Medium,Clear,23,24.4,1.4,No,Delivered,5
ORD003083,2026-01-25,Chennai,TN,South,2.9,0.71,Standard,Prepaid,Returning,Shadowfax,High,Clear,24,28.4,4.4,No,NDR_Pending,3
ORD003084,2026-03-04,Hyderabad,TG,West,10.4,0.7,Standard,Prepaid,Returning,Shadowfax,Low,Clear,28,28.9,0.9,No,Delivered,5
ORD003085,2026-02-11,Kolkata,WB,West,3.5,0.8,Standard,COD,New,BlueDart,High,Rain,39,43.1,4.1,No,Delivered,4
ORD003086,2026-01-23,Ahmedabad,GJ,Central,9.9,0.39,Express,Prepaid,VIP,DTDC,High,Clear,15,18.5,3.5,No,Delivered,4
ORD003087,2025-12-17,Bangalore,KA,West,1.3,0.97,Standard,Prepaid,New,XpressBees,Low,Clear,36,35.3,-0.7,Yes,Delivered,5
ORD003088,2025-12-06,Bangalore,KA,South,9.7,1.6,Express,Prepaid,Returning,Ekart,Medium,Clear,14,14.8,0.8,No,Delivered,5
ORD003089,2026-02-15,Hyderabad,TG,South,7.1,0.85,Standard,Prepaid,VIP,Delhivery,Low,Clear,45,45.9,0.9,No,Delivered,5
ORD003090,2026-02-03,Lucknow,UP,West,7.9,2.47,Standard,COD,Returning,XpressBees,High,Clear,28,30.6,2.6,No,Delivered,5
ORD003091,2026-02-24,Kolkata,WB,South,11.3,2.38,Express,COD,Returning,Delhivery,Medium,Clear,18,20.6,2.6,No,Delivered,5
ORD003092,2025-12-23,Ahmedabad,GJ,East,4.2,1.88,Standard,Prepaid,New,AmazonLogistics,Low,Clear,39,39.4,0.4,No,Delivered,4
ORD003093,2026-01-23,Coimbatore,TN,West,7.4,0.35,Standard,Prepaid,Returning,XpressBees,Medium,Clear,14,16.7,2.7,No,Delivered,4
ORD003094,2026-02-17,Hyderabad,TG,North,8.7,2.61,Standard,Prepaid,New,BlueDart,Medium,Storm,43,48.0,5.0,No,Delivered,4
ORD003095,2026-01-05,Gurgaon,HR,West,6.3,0.96,Standard,Prepaid,Returning,AmazonLogistics,High,Clear,25,26.1,1.1,No,Delivered,4
ORD003096,2026-01-14,Patna,BR,West,10.4,3.03,Standard,Prepaid,New,Shadowfax,Low,Clear,42,43.0,1.0,No,Delivered,4
ORD003097,2026-02-14,Bangalore,KA,East,8.8,0.77,Express,Prepaid,Returning,EcomExpress,Low,Heatwave,16,18.7,2.7,No,Delivered,3
ORD003098,2026-02-21,Kolkata,WB,South,5.2,1.02,Express,Prepaid,VIP,Shadowfax,Medium,Clear,14,16.4,2.4,No,Delivered,4
ORD003099,2026-01-17,Bangalore,KA,West,12.5,1.17,Express,Prepaid,Returning,Delhivery,High,Rain,15,20.5,5.5,No,Delivered,4
ORD003100,2025-12-20,Chennai,TN,South,9.7,0.63,Express,COD,Returning,Ekart,High,Clear,17,20.5,3.5,No,Delivered,5
ORD003101,2026-02-21,Ahmedabad,GJ,South,4.1,0.42,Express,Prepaid,Returning,DTDC,Medium,Rain,13,16.8,3.8,No,Delivered,4
ORD003102,2026-01-28,Delhi,DL,North,4.1,0.26,Standard,COD,New,AmazonLogistics,Medium,Heatwave,35,36.9,1.9,No,Delivered,4
ORD003103,2026-01-14,Mumbai,MH,East,6.6,6.5,Express,COD,Returning,AmazonLogistics,High,Clear,10,12.0,2.0,No,Delivered,4
ORD003104,2026-02-06,Jaipur,RJ,East,9.3,0.41,Express,Prepaid,New,AmazonLogistics,Low,Heatwave,12,13.9,1.9,No,Reattempted,4
ORD003105,2026-01-08,Coimbatore,TN,South,0.5,0.41,Standard,COD,Returning,BlueDart,Medium,Clear,39,40.3,1.3,No,Delivered,4
ORD003106,2025-12-08,Kolkata,WB,West,4.3,1.56,Standard,Prepaid,VIP,Delhivery,Medium,Rain,25,27.1,2.1,No,Delivered,5
ORD003107,2026-01-24,Chandigarh,CH,North,5.2,0.47,Express,Prepaid,Returning,BlueDart,Medium,Clear,17,17.5,0.5,No,Delivered,5
ORD003108,2026-01-17,Ahmedabad,GJ,West,1.7,0.42,SameDay,Prepaid,New,Ekart,Medium,Clear,6,7.1,1.1,No,Delivered,5
ORD003109,2026-02-27,Gurgaon,HR,South,3.4,0.2,SameDay,Prepaid,New,Ekart,Medium,Clear,7,6.7,-0.3,Yes,Delivered,4
ORD003110,2026-02-04,Hyderabad,TG,West,8.0,1.32,Standard,Prepaid,Returning,AmazonLogistics,Medium,Heatwave,28,29.3,1.3,No,Delivered,5
ORD003111,2026-02-26,Surat,GJ,North,5.5,0.58,Express,Prepaid,New,EcomExpress,Low,Rain,9,12.6,3.6,No,Delivered,3
ORD003112,2026-01-30,Patna,BR,West,5.9,1.63,Standard,COD,Returning,EcomExpress,Medium,Fog,43,47.1,4.1,No,Delivered,5
ORD003113,2026-01-10,Pune,MH,South,2.0,1.06,Express,COD,Returning,AmazonLogistics,Medium,Clear,8,8.3,0.3,No,NDR_Pending,4
ORD003114,2025-12-14,Gurgaon,HR,West,6.6,1.16,Express,Prepaid,Returning,Delhivery,Low,Clear,15,17.4,2.4,No,Delivered,4
ORD003115,2026-02-22,Ahmedabad,GJ,West,1.5,0.84,SameDay,Prepaid,Returning,XpressBees,High,Clear,5,8.3,3.3,No,Reattempted,5
ORD003116,2025-12-08,Lucknow,UP,North,13.3,0.94,SameDay,Prepaid,New,BlueDart,High,Clear,7,11.5,4.5,No,Delivered,5
ORD003117,2026-03-02,Nagpur,MH,South,14.5,0.65,Standard,COD,Returning,EcomExpress,Severe,Clear,19,24.7,5.7,No,Delivered,3
ORD003118,2025-12-24,Nagpur,MH,East,5.6,0.68,SameDay,Prepaid,New,DTDC,Medium,Heatwave,5,7.6,2.6,No,Delivered,4
ORD003119,2026-01-28,Mumbai,MH,West,3.0,0.57,Express,COD,New,Ekart,Medium,Fog,8,12.3,4.3,No,Delivered,5
ORD003120,2025-12-26,Chandigarh,CH,North,10.9,2.74,Standard,Prepaid,Returning,AmazonLogistics,Medium,Clear,41,43.0,2.0,No,Delivered,4
ORD003121,2026-01-16,Nagpur,MH,South,9.9,0.87,Standard,Prepaid,New,Shadowfax,Severe,Clear,50,58.0,8.0,No,Delivered,4
ORD003122,2026-01-28,Noida,UP,South,15.0,0.28,Express,Prepaid,VIP,Shadowfax,Medium,Rain,16,20.8,4.8,No,Delivered,4
ORD003123,2026-02-11,Lucknow,UP,West,16.1,1.29,Standard,Prepaid,Returning,Ekart,Medium,Rain,21,27.3,6.3,No,Delivered,4
ORD003124,2025-12-07,Nagpur,MH,West,0.5,0.68,Standard,Prepaid,Returning,XpressBees,High,Rain,30,37.3,7.3,No,Delivered,4
ORD003125,2026-03-02,Jaipur,RJ,North,12.1,1.08,Standard,COD,New,Shadowfax,Low,Clear,32,36.4,4.4,No,Delivered,4
ORD003126,2025-12-29,Chandigarh,CH,West,6.6,0.94,Standard,Prepaid,Returning,DTDC,Medium,Clear,40,42.4,2.4,No,Delivered,3
ORD003127,2026-02-07,Bhopal,MP,West,9.7,2.7,Standard,Prepaid,Returning,EcomExpress,Medium,Clear,30,33.8,3.8,No,Delivered,4
ORD003128,2025-12-26,Gurgaon,HR,West,10.6,0.88,Express,Prepaid,New,Delhivery,High,Storm,19,26.5,7.5,No,Delivered,4
ORD003129,2026-03-03,Surat,GJ,North,10.4,1.8,Standard,Prepaid,Returning,AmazonLogistics,High,Rain,44,48.9,4.9,No,Delivered,5
ORD003130,2026-02-19,Patna,BR,South,11.5,1.69,Express,Prepaid,Returning,XpressBees,Medium,Heatwave,11,15.5,4.5,No,Delivered,4
ORD003131,2025-12-18,Ahmedabad,GJ,South,5.3,0.49,Standard,COD,VIP,Delhivery,High,Clear,17,21.8,4.8,No,Delivered,4
ORD003132,2026-01-06,Lucknow,UP,North,3.7,1.24,Express,COD,VIP,EcomExpress,Medium,Clear,8,10.9,2.9,No,Delivered,4
ORD003133,2026-01-12,Patna,BR,South,12.2,0.7,Standard,Prepaid,New,Ekart,Low,Clear,29,30.7,1.7,No,Delivered,4
ORD003134,2026-02-08,Pune,MH,North,4.0,0.54,Express,Prepaid,Returning,XpressBees,Severe,Heatwave,18,23.0,5.0,No,Delivered,4
ORD003135,2026-02-25,Coimbatore,TN,North,14.9,0.54,Express,Prepaid,VIP,XpressBees,High,Clear,17,20.1,3.1,No,Delivered,4
ORD003136,2026-02-18,Mumbai,MH,West,4.4,1.81,Express,Prepaid,Returning,Delhivery,Severe,Rain,10,16.6,6.6,No,Delivered,3
ORD003137,2026-01-01,Indore,MP,North,6.0,5.4,Standard,Prepaid,New,Ekart,High,Clear,46,49.6,3.6,No,Delivered,3
ORD003138,2026-02-07,Lucknow,UP,West,6.7,0.68,Standard,Prepaid,Returning,Ekart,Medium,Clear,46,49.0,3.0,No,Delivered,4
ORD003139,2026-02-24,Lucknow,UP,North,1.3,1.26,Standard,Prepaid,New,XpressBees,Medium,Clear,45,44.7,-0.3,Yes,Delivered,3
ORD003140,2025-12-15,Lucknow,UP,West,1.3,1.33,Standard,COD,New,EcomExpress,Medium,Clear,19,21.1,2.1,No,Delivered,4
ORD003141,2025-12-24,Lucknow,UP,South,11.1,0.8,Standard,COD,VIP,DTDC,Low,Fog,17,21.5,4.5,No,Delivered,4
ORD003142,2026-02-10,Jaipur,RJ,East,0.6,2.57,Standard,Prepaid,VIP,AmazonLogistics,Medium,Storm,31,34.9,3.9,No,Delivered,5
ORD003143,2026-01-08,Lucknow,UP,East,17.6,4.13,Standard,COD,VIP,AmazonLogistics,Medium,Rain,22,28.5,6.5,No,Delivered,3
ORD003144,2026-02-20,Indore,MP,South,7.1,0.77,Standard,COD,New,Ekart,Low,Clear,35,38.4,3.4,No,Delivered,4
ORD003145,2026-02-22,Patna,BR,West,3.4,3.13,Standard,Prepaid,Returning,XpressBees,High,Rain,37,43.1,6.1,No,Delivered,4
ORD003146,2026-01-08,Indore,MP,North,9.2,0.8,Standard,COD,Returning,EcomExpress,Low,Clear,14,16.3,2.3,No,Delivered,4
ORD003147,2026-03-05,Nagpur,MH,West,0.5,0.62,Express,COD,Returning,Shadowfax,Medium,Rain,12,15.2,3.2,No,Delivered,4
ORD003148,2026-02-23,Bhopal,MP,North,6.2,1.02,Standard,Prepaid,Returning,AmazonLogistics,High,Rain,18,23.8,5.8,No,Delivered,4
ORD003149,2025-12-29,Noida,UP,South,6.7,1.86,Standard,COD,VIP,EcomExpress,High,Clear,34,40.1,6.1,No,Delivered,4
ORD003150,2026-02-05,Delhi,DL,North,2.4,1.04,Standard,Prepaid,Returning,EcomExpress,Low,Clear,31,33.6,2.6,No,Delivered,5
ORD003151,2026-01-13,Coimbatore,TN,East,5.0,1.72,Express,Prepaid,Returning,DTDC,High,Clear,8,12.0,4.0,No,Delivered,5
ORD003152,2026-02-07,Hyderabad,TG,South,13.6,1.27,Express,COD,New,Shadowfax,High,Clear,16,20.7,4.7,No,Delivered,3
ORD003153,2026-01-20,Bangalore,KA,West,8.2,2.49,Standard,Prepaid,Returning,AmazonLogistics,High,Heatwave,33,37.5,4.5,No,Delivered,4
ORD003154,2026-01-23,Patna,BR,South,9.1,1.52,Standard,Prepaid,Returning,Delhivery,Medium,Rain,28,32.9,4.9,No,Delivered,5
ORD003155,2026-01-25,Pune,MH,South,4.4,2.77,Express,Prepaid,Returning,EcomExpress,Low,Clear,11,11.5,0.5,No,Delivered,5
ORD003156,2026-01-08,Bhopal,MP,North,2.2,0.66,Express,COD,Returning,EcomExpress,High,Clear,17,20.2,3.2,No,Delivered,4
ORD003157,2026-01-23,Patna,BR,East,6.5,0.98,Standard,COD,New,DTDC,Medium,Rain,37,45.3,8.3,No,Delivered,3
ORD003158,2026-01-03,Noida,UP,East,0.5,1.1,Standard,Prepaid,New,AmazonLogistics,High,Clear,35,36.4,1.4,No,Delivered,3
ORD003159,2026-02-18,Kochi,KL,North,3.1,0.66,Standard,Prepaid,Returning,Shadowfax,High,Clear,39,42.8,3.8,No,Delivered,4
ORD003160,2026-02-15,Chandigarh,CH,West,2.5,0.6,Express,Prepaid,Returning,Shadowfax,High,Rain,8,11.9,3.9,No,Delivered,4
ORD003161,2026-01-03,Delhi,DL,South,0.5,1.39,Standard,Prepaid,Returning,Delhivery,Severe,Clear,21,25.0,4.0,No,Delivered,4
ORD003162,2026-02-19,Chandigarh,CH,North,10.1,1.65,Express,Prepaid,Returning,DTDC,High,Clear,9,12.0,3.0,No,Delivered,4
ORD003163,2026-01-21,Bangalore,KA,South,7.0,1.18,Express,COD,Returning,Ekart,Severe,Clear,10,14.5,4.5,No,Delivered,4
ORD003164,2026-01-04,Kolkata,WB,North,5.0,2.09,Express,Prepaid,Returning,AmazonLogistics,High,Clear,12,15.2,3.2,No,Delivered,4
ORD003165,2026-01-04,Delhi,DL,North,10.2,0.57,SameDay,Prepaid,New,EcomExpress,Medium,Heatwave,6,9.9,3.9,No,Delivered,4
ORD003166,2026-01-31,Jaipur,RJ,West,0.9,0.87,Standard,COD,Returning,XpressBees,High,Fog,27,34.8,7.8,No,Delivered,4
ORD003167,2026-02-13,Coimbatore,TN,North,2.1,0.54,Express,Prepaid,Returning,EcomExpress,High,Storm,16,22.4,6.4,No,Delivered,4
ORD003168,2026-02-08,Chennai,TN,East,12.0,1.2,Express,Prepaid,Returning,Delhivery,Severe,Storm,15,24.3,9.3,No,Delivered,4
ORD003169,2026-01-31,Bhopal,MP,West,16.6,1.48,Express,Prepaid,Returning,Delhivery,Medium,Clear,15,18.1,3.1,No,Delivered,3
ORD003170,2025-12-24,Nagpur,MH,East,10.2,2.47,Standard,Prepaid,New,Delhivery,Medium,Clear,37,38.2,1.2,No,RTO,3
ORD003171,2026-01-04,Nagpur,MH,West,9.4,0.55,Standard,COD,New,EcomExpress,High,Rain,18,24.9,6.9,No,Delivered,4
ORD003172,2026-01-31,Gurgaon,HR,East,5.2,1.38,SameDay,Prepaid,Returning,AmazonLogistics,Low,Clear,6,6.0,0.0,Yes,Delivered,4
ORD003173,2025-12-27,Jaipur,RJ,South,5.3,2.62,Standard,COD,Returning,EcomExpress,High,Storm,25,30.6,5.6,No,Delivered,4
ORD003174,2026-01-04,Kolkata,WB,South,8.4,0.61,SameDay,Prepaid,New,AmazonLogistics,Medium,Clear,5,7.8,2.8,No,Delivered,4
ORD003175,2026-01-09,Noida,UP,South,13.0,0.53,Standard,Prepaid,Returning,Ekart,Low,Clear,40,41.3,1.3,No,Delivered,3
ORD003176,2025-12-29,Indore,MP,East,9.2,0.46,Standard,Prepaid,New,XpressBees,Low,Rain,38,41.8,3.8,No,Delivered,4
ORD003177,2026-02-17,Nagpur,MH,North,11.3,1.61,SameDay,COD,Returning,Shadowfax,High,Heatwave,5,10.7,5.7,No,Delivered,4
ORD003178,2026-01-02,Chennai,TN,West,3.8,0.72,Express,COD,Returning,AmazonLogistics,Low,Rain,16,18.7,2.7,No,Delivered,5
ORD003179,2026-01-09,Hyderabad,TG,West,10.0,1.47,Standard,Prepaid,Returning,Delhivery,High,Clear,19,21.5,2.5,No,Delivered,5
ORD003180,2026-01-03,Bangalore,KA,South,4.8,0.97,Standard,Prepaid,Returning,BlueDart,High,Clear,27,31.3,4.3,No,Delivered,4
ORD003181,2026-03-03,Hyderabad,TG,East,8.1,3.26,Standard,Prepaid,New,Shadowfax,High,Clear,34,36.5,2.5,No,Delivered,5
ORD003182,2026-01-19,Bangalore,KA,South,10.0,1.77,Standard,Prepaid,New,AmazonLogistics,Medium,Rain,31,31.5,0.5,No,Delivered,4
ORD003183,2025-12-07,Coimbatore,TN,North,5.4,0.68,Standard,COD,New,AmazonLogistics,Low,Clear,31,32.9,1.9,No,Delivered,4
ORD003184,2026-01-06,Pune,MH,West,3.4,0.92,Standard,Prepaid,New,AmazonLogistics,High,Rain,20,25.0,5.0,No,Delivered,4
ORD003185,2026-02-14,Nagpur,MH,South,9.0,1.77,Standard,Prepaid,Returning,DTDC,Low,Clear,47,47.3,0.3,No,Delivered,4
ORD003186,2026-02-08,Gurgaon,HR,North,7.0,0.58,Standard,Prepaid,Returning,Shadowfax,Medium,Clear,37,38.9,1.9,No,Delivered,4
ORD003187,2025-12-21,Patna,BR,North,8.0,2.25,SameDay,Prepaid,New,AmazonLogistics,Severe,Heatwave,8,14.5,6.5,No,Reattempted,3
ORD003188,2026-02-24,Jaipur,RJ,North,10.1,0.95,Express,COD,Returning,AmazonLogistics,Medium,Clear,13,17.0,4.0,No,Delivered,4
ORD003189,2026-01-17,Pune,MH,West,12.7,1.8,Standard,Prepaid,New,Shadowfax,Medium,Rain,36,41.1,5.1,No,Delivered,3
ORD003190,2026-02-13,Bhopal,MP,East,10.2,0.98,SameDay,COD,VIP,Ekart,Severe,Clear,9,16.0,7.0,No,NDR_Pending,3
ORD003191,2026-01-04,Mumbai,MH,South,9.6,0.81,Standard,Prepaid,Returning,AmazonLogistics,Low,Heatwave,34,36.5,2.5,No,Delivered,5
ORD003192,2026-01-24,Kochi,KL,North,5.5,0.73,Standard,COD,Returning,Shadowfax,Low,Clear,22,23.3,1.3,No,RTO,4
ORD003193,2026-02-02,Kochi,KL,South,6.1,3.12,Standard,Prepaid,New,Delhivery,Medium,Clear,46,46.6,0.6,No,Delivered,4
ORD003194,2026-02-05,Bangalore,KA,East,9.3,0.93,Express,Prepaid,Returning,EcomExpress,High,Fog,11,16.6,5.6,No,Delivered,5
ORD003195,2026-02-03,Coimbatore,TN,West,6.0,7.02,Standard,Prepaid,Returning,AmazonLogistics,Severe,Rain,32,39.3,7.3,No,Delivered,4
ORD003196,2026-02-24,Bangalore,KA,South,9.3,1.21,Standard,Prepaid,VIP,Delhivery,High,Clear,33,38.0,5.0,No,Delivered,4
ORD003197,2026-02-12,Hyderabad,TG,North,4.2,0.66,SameDay,COD,New,Shadowfax,Severe,Clear,5,10.4,5.4,No,Delivered,4
ORD003198,2026-01-27,Bhopal,MP,East,15.2,0.43,Express,COD,Returning,XpressBees,Low,Clear,15,17.6,2.6,No,NDR_Pending,4
ORD003199,2026-01-04,Noida,UP,East,8.3,2.32,Express,Prepaid,Returning,AmazonLogistics,High,Heatwave,12,17.7,5.7,No,Delivered,4
ORD003200,2025-12-09,Chennai,TN,North,8.0,0.98,Express,Prepaid,Returning,AmazonLogistics,Low,Rain,12,14.5,2.5,No,Delivered,5
ORD003201,2025-12-28,Gurgaon,HR,East,5.6,1.81,Express,Prepaid,Returning,AmazonLogistics,Severe,Heatwave,18,23.7,5.7,No,Delivered,4
ORD003202,2026-01-01,Gurgaon,HR,North,15.2,4.45,Standard,Prepaid,VIP,BlueDart,Severe,Storm,27,34.6,7.6,No,Delivered,4
ORD003203,2026-02-20,Patna,BR,North,2.5,1.65,Express,Prepaid,Returning,Delhivery,Medium,Clear,7,8.3,1.3,No,Delivered,4
ORD003204,2026-01-04,Delhi,DL,West,4.7,1.35,Standard,Prepaid,New,DTDC,High,Rain,24,30.5,6.5,No,Delivered,4
ORD003205,2025-12-06,Chennai,TN,South,10.9,2.31,Standard,Prepaid,VIP,EcomExpress,High,Rain,18,22.1,4.1,No,Delivered,4
ORD003206,2026-03-04,Kochi,KL,South,8.5,1.79,SameDay,COD,New,XpressBees,Low,Fog,4,8.3,4.3,No,Delivered,4
ORD003207,2026-01-15,Noida,UP,East,5.2,0.52,Standard,Prepaid,Returning,Ekart,High,Rain,45,50.5,5.5,No,Delivered,3
ORD003208,2026-02-10,Bhopal,MP,East,5.3,2.46,Standard,COD,New,XpressBees,Severe,Clear,25,32.3,7.3,No,Delivered,4
ORD003209,2025-12-11,Jaipur,RJ,North,6.3,1.08,Standard,COD,New,XpressBees,Medium,Heatwave,46,50.7,4.7,No,Delivered,5
ORD003210,2026-01-12,Hyderabad,TG,West,7.9,2.79,Express,Prepaid,Returning,DTDC,Low,Rain,8,13.4,5.4,No,Delivered,5
ORD003211,2026-02-22,Noida,UP,East,13.7,1.5,SameDay,Prepaid,Returning,AmazonLogistics,Severe,Fog,10,18.3,8.3,No,Delivered,3
ORD003212,2026-01-06,Chennai,TN,West,9.9,2.26,Standard,Prepaid,New,BlueDart,Medium,Clear,35,37.9,2.9,No,Delivered,5
ORD003213,2026-01-16,Kolkata,WB,Central,11.6,0.97,Standard,Prepaid,New,Shadowfax,Medium,Clear,44,45.3,1.3,No,Delivered,5
ORD003214,2026-03-02,Noida,UP,West,5.8,0.44,Express,Prepaid,New,Delhivery,High,Rain,14,17.8,3.8,No,Delivered,5
ORD003215,2025-12-15,Indore,MP,North,9.6,1.55,Express,Prepaid,New,XpressBees,High,Rain,12,19.7,7.7,No,Delivered,4
ORD003216,2026-02-12,Chennai,TN,North,1.3,1.99,Standard,Prepaid,New,EcomExpress,Medium,Clear,32,32.8,0.8,No,Delivered,4
ORD003217,2026-01-12,Mumbai,MH,East,8.2,0.79,Standard,Prepaid,VIP,Shadowfax,Low,Clear,48,48.6,0.6,No,Delivered,5
ORD003218,2025-12-23,Jaipur,RJ,Central,8.0,0.98,Standard,COD,Returning,AmazonLogistics,High,Rain,44,46.4,2.4,No,Delivered,3
ORD003219,2025-12-26,Noida,UP,North,14.8,0.29,Standard,Prepaid,New,Delhivery,Medium,Storm,45,52.7,7.7,No,Delivered,3
ORD003220,2026-01-17,Jaipur,RJ,North,13.7,1.01,Express,COD,New,XpressBees,High,Clear,19,22.7,3.7,No,Delivered,4
ORD003221,2026-01-23,Kochi,KL,West,6.5,0.52,Standard,Prepaid,New,Delhivery,High,Clear,30,32.3,2.3,No,Delivered,4
ORD003222,2025-12-25,Chennai,TN,North,4.2,1.51,Express,Prepaid,Returning,EcomExpress,Low,Clear,9,11.2,2.2,No,Delivered,3
ORD003223,2025-12-16,Patna,BR,North,4.3,1.35,Express,Prepaid,New,Delhivery,High,Clear,7,7.4,0.4,No,Delivered,4
ORD003224,2026-03-05,Patna,BR,East,6.3,1.12,Express,COD,VIP,Delhivery,High,Clear,9,14.5,5.5,No,NDR_Pending,3
ORD003225,2026-02-10,Nagpur,MH,East,12.7,2.44,Express,Prepaid,New,Ekart,Severe,Clear,11,15.7,4.7,No,Delivered,4
ORD003226,2026-01-26,Patna,BR,East,9.2,1.28,Standard,Prepaid,Returning,Ekart,Medium,Rain,24,27.9,3.9,No,Delivered,4
ORD003227,2026-02-14,Indore,MP,West,9.6,1.24,Standard,Prepaid,Returning,DTDC,Medium,Clear,34,35.7,1.7,No,Delivered,4
ORD003228,2025-12-12,Ahmedabad,GJ,South,10.7,1.34,Standard,Prepaid,New,XpressBees,High,Clear,28,30.4,2.4,No,Delivered,4
ORD003229,2026-02-22,Coimbatore,TN,East,3.5,0.78,Express,Prepaid,Returning,AmazonLogistics,Severe,Storm,19,25.4,6.4,No,Delivered,4
ORD003230,2026-01-02,Bhopal,MP,South,4.7,2.0,Express,Prepaid,Returning,Ekart,Severe,Clear,17,20.7,3.7,No,Delivered,3
ORD003231,2025-12-24,Bhopal,MP,North,9.6,0.64,Standard,Prepaid,New,Shadowfax,Medium,Rain,43,45.5,2.5,No,Delivered,4
ORD003232,2026-01-22,Hyderabad,TG,East,4.4,1.42,Express,Prepaid,Returning,Delhivery,Medium,Clear,11,14.5,3.5,No,Delivered,4
ORD003233,2026-02-26,Kochi,KL,West,1.4,2.3,Standard,Prepaid,Returning,DTDC,Low,Fog,18,19.8,1.8,No,Delivered,5
ORD003234,2026-01-20,Mumbai,MH,East,3.2,0.6,Standard,Prepaid,New,Ekart,High,Fog,21,23.9,2.9,No,Delivered,3
ORD003235,2025-12-27,Indore,MP,North,11.7,0.49,Standard,Prepaid,Returning,EcomExpress,High,Clear,23,24.6,1.6,No,Delivered,4
ORD003236,2025-12-25,Indore,MP,Central,6.0,0.59,Express,Prepaid,Returning,Shadowfax,High,Rain,16,21.5,5.5,No,Delivered,4
ORD003237,2026-01-08,Ahmedabad,GJ,West,8.4,3.29,Standard,Prepaid,New,BlueDart,Medium,Rain,47,48.4,1.4,No,Delivered,3
ORD003238,2026-02-05,Noida,UP,West,3.4,0.77,Standard,Prepaid,Returning,BlueDart,Severe,Clear,34,37.8,3.8,No,Delivered,4
ORD003239,2026-02-03,Chandigarh,CH,East,9.0,0.54,Express,Prepaid,Returning,DTDC,Low,Rain,15,20.9,5.9,No,Delivered,3
ORD003240,2025-12-26,Mumbai,MH,South,6.4,1.38,Standard,Prepaid,Returning,BlueDart,Medium,Clear,17,18.6,1.6,No,Delivered,4
ORD003241,2026-01-26,Hyderabad,TG,West,9.3,0.22,Standard,Prepaid,Returning,Ekart,Medium,Clear,35,37.7,2.7,No,Delivered,4
ORD003242,2026-03-04,Hyderabad,TG,West,5.6,0.62,Standard,Prepaid,Returning,AmazonLogistics,Medium,Storm,16,20.0,4.0,No,Reattempted,4
ORD003243,2026-02-20,Chandigarh,CH,East,9.5,2.58,Standard,COD,Returning,Delhivery,High,Clear,23,27.3,4.3,No,NDR_Pending,3
ORD003244,2026-02-18,Surat,GJ,East,5.4,0.62,Standard,Prepaid,Returning,AmazonLogistics,High,Clear,34,36.2,2.2,No,Delivered,4
ORD003245,2026-01-23,Coimbatore,TN,West,7.2,0.95,Standard,Prepaid,New,AmazonLogistics,Low,Clear,48,48.9,0.9,No,Delivered,5
ORD003246,2026-01-14,Bhopal,MP,North,6.4,1.32,Express,Prepaid,New,Shadowfax,Low,Storm,10,16.5,6.5,No,Delivered,4
ORD003247,2026-02-20,Patna,BR,North,7.6,1.32,Express,Prepaid,Returning,Shadowfax,Medium,Clear,14,15.4,1.4,No,Delivered,5
ORD003248,2026-01-07,Pune,MH,Central,8.6,0.8,SameDay,COD,Returning,AmazonLogistics,High,Clear,6,8.5,2.5,No,Delivered,4
ORD003249,2026-01-16,Delhi,DL,Central,5.5,1.53,Standard,COD,Returning,BlueDart,Medium,Rain,39,42.6,3.6,No,Delivered,4
ORD003250,2025-12-21,Ahmedabad,GJ,Central,7.0,2.63,Standard,Prepaid,Returning,Delhivery,Medium,Rain,31,35.9,4.9,No,NDR_Pending,4
ORD003251,2026-01-21,Kolkata,WB,North,8.2,0.58,Standard,Prepaid,Returning,EcomExpress,Low,Clear,25,26.0,1.0,No,Reattempted,4
ORD003252,2025-12-12,Coimbatore,TN,South,9.5,0.83,Standard,Prepaid,Returning,EcomExpress,High,Storm,45,52.6,7.6,No,Delivered,4
ORD003253,2026-01-14,Bangalore,KA,West,7.2,1.04,Standard,Prepaid,Returning,DTDC,Medium,Clear,23,25.9,2.9,No,RTO,3
ORD003254,2026-02-11,Ahmedabad,GJ,West,4.0,1.68,Standard,Prepaid,VIP,Delhivery,Medium,Rain,16,22.0,6.0,No,Delivered,3
ORD003255,2025-12-20,Hyderabad,TG,North,7.8,1.13,Express,Prepaid,Returning,XpressBees,Medium,Rain,7,12.2,5.2,No,Reattempted,4
ORD003256,2026-02-23,Bangalore,KA,West,10.2,1.02,Express,Prepaid,Returning,Shadowfax,Medium,Clear,14,15.2,1.2,No,Delivered,4
ORD003257,2026-02-02,Bangalore,KA,North,2.2,0.44,Standard,Prepaid,VIP,AmazonLogistics,Medium,Heatwave,14,12.8,-1.2,Yes,NDR_Pending,4
ORD003258,2026-01-19,Bangalore,KA,South,2.2,0.56,SameDay,Prepaid,New,Shadowfax,Low,Clear,4,4.7,0.7,No,Delivered,4
ORD003259,2026-01-07,Indore,MP,North,4.9,1.24,Standard,Prepaid,Returning,Ekart,High,Clear,14,16.3,2.3,No,Delivered,4
ORD003260,2026-02-24,Jaipur,RJ,North,6.7,0.81,SameDay,COD,Returning,Ekart,Medium,Clear,6,8.0,2.0,No,Delivered,4
ORD003261,2026-02-21,Jaipur,RJ,North,0.5,0.9,Express,Prepaid,Returning,EcomExpress,Medium,Clear,14,14.1,0.1,No,Delivered,4
ORD003262,2026-03-01,Lucknow,UP,East,9.8,1.06,Standard,COD,Returning,DTDC,Severe,Heatwave,23,29.4,6.4,No,Delivered,4
ORD003263,2026-02-03,Coimbatore,TN,West,6.8,4.5,Standard,Prepaid,New,EcomExpress,Medium,Clear,37,38.4,1.4,No,Delivered,4
ORD003264,2026-01-27,Chandigarh,CH,Central,0.5,0.82,Standard,Prepaid,New,AmazonLogistics,Medium,Heatwave,46,47.1,1.1,No,Delivered,4
ORD003265,2026-01-05,Surat,GJ,South,3.0,2.54,Express,Prepaid,New,XpressBees,Medium,Clear,12,12.9,0.9,No,Delivered,4
ORD003266,2025-12-28,Nagpur,MH,South,6.3,2.43,Standard,Prepaid,New,EcomExpress,Medium,Storm,44,48.6,4.6,No,Delivered,4
ORD003267,2026-02-21,Coimbatore,TN,South,0.5,1.79,Express,COD,Returning,EcomExpress,Low,Fog,7,10.9,3.9,No,NDR_Pending,4
ORD003268,2026-02-17,Kochi,KL,West,11.4,0.66,Standard,COD,New,BlueDart,High,Clear,20,24.0,4.0,No,Delivered,4
ORD003269,2026-01-06,Delhi,DL,South,8.2,1.2,SameDay,Prepaid,New,AmazonLogistics,Medium,Clear,8,9.4,1.4,No,Delivered,4
ORD003270,2025-12-24,Noida,UP,West,10.2,0.87,Standard,Prepaid,Returning,AmazonLogistics,High,Rain,29,33.8,4.8,No,Delivered,4
ORD003271,2026-01-21,Bangalore,KA,East,3.4,3.7,Express,Prepaid,Returning,Delhivery,Severe,Clear,8,11.5,3.5,No,Delivered,4
ORD003272,2026-02-27,Jaipur,RJ,East,9.1,1.41,Express,COD,Returning,EcomExpress,Low,Clear,14,17.9,3.9,No,NDR_Pending,2
ORD003273,2026-02-21,Kochi,KL,North,4.9,0.97,Standard,Prepaid,New,BlueDart,High,Rain,19,25.9,6.9,No,Delivered,2
ORD003274,2025-12-22,Jaipur,RJ,South,6.7,3.23,Standard,COD,VIP,XpressBees,Low,Heatwave,18,22.2,4.2,No,Delivered,5
ORD003275,2026-02-07,Hyderabad,TG,North,8.9,0.89,Standard,Prepaid,New,Delhivery,Medium,Rain,41,42.9,1.9,No,Delivered,4
ORD003276,2026-01-06,Gurgaon,HR,North,7.2,1.54,Express,Prepaid,Returning,EcomExpress,High,Heatwave,13,16.5,3.5,No,Delivered,4
ORD003277,2026-01-25,Pune,MH,West,10.7,1.68,Express,Prepaid,Returning,Ekart,Low,Clear,11,13.5,2.5,No,Delivered,3
ORD003278,2025-12-15,Hyderabad,TG,South,8.1,1.36,Standard,COD,Returning,Shadowfax,Severe,Rain,34,40.5,6.5,No,RTO,2
ORD003279,2025-12-07,Noida,UP,West,5.6,1.04,Express,Prepaid,Returning,AmazonLogistics,High,Clear,10,11.7,1.7,No,Delivered,4
ORD003280,2025-12-30,Coimbatore,TN,North,10.9,1.83,Express,Prepaid,New,Shadowfax,Medium,Rain,13,15.5,2.5,No,Delivered,4
ORD003281,2026-02-08,Pune,MH,Central,11.7,0.76,Express,Prepaid,Returning,Shadowfax,Low,Rain,14,17.0,3.0,No,Delivered,4
ORD003282,2026-01-19,Patna,BR,Central,7.9,2.16,Standard,Prepaid,Returning,XpressBees,High,Clear,25,27.7,2.7,No,Delivered,4
ORD003283,2026-01-08,Noida,UP,South,12.8,0.93,Standard,Prepaid,Returning,EcomExpress,Medium,Storm,42,45.4,3.4,No,Delivered,4
ORD003284,2026-01-09,Pune,MH,East,6.6,2.47,SameDay,COD,Returning,EcomExpress,Medium,Clear,6,10.0,4.0,No,Delivered,4
ORD003285,2025-12-11,Jaipur,RJ,North,7.0,2.07,Express,Prepaid,VIP,Ekart,Medium,Rain,18,22.3,4.3,No,Delivered,4
ORD003286,2026-01-31,Lucknow,UP,West,7.5,1.54,Express,COD,VIP,AmazonLogistics,Low,Clear,18,17.5,-0.5,Yes,Delivered,5
ORD003287,2026-01-07,Delhi,DL,East,7.0,1.05,Express,Prepaid,Returning,DTDC,Severe,Clear,16,22.3,6.3,No,Delivered,3
ORD003288,2026-01-07,Hyderabad,TG,East,6.3,2.14,Standard,COD,VIP,Delhivery,Medium,Clear,21,23.6,2.6,No,Delivered,4
ORD003289,2026-02-04,Bangalore,KA,East,4.6,1.56,Express,COD,Returning,Delhivery,Medium,Storm,7,14.2,7.2,No,Delivered,4
ORD003290,2026-01-25,Bangalore,KA,South,3.5,0.16,Express,Prepaid,New,Delhivery,High,Clear,10,13.8,3.8,No,Delivered,4
ORD003291,2025-12-21,Jaipur,RJ,East,7.9,0.68,Express,COD,Returning,Ekart,High,Rain,13,18.0,5.0,No,Delivered,5
ORD003292,2026-01-31,Lucknow,UP,West,12.3,1.22,Express,Prepaid,Returning,AmazonLogistics,Severe,Clear,13,18.7,5.7,No,Delivered,4
ORD003293,2025-12-09,Hyderabad,TG,North,10.8,1.31,Standard,Prepaid,Returning,Shadowfax,Severe,Heatwave,36,43.0,7.0,No,Delivered,3
ORD003294,2026-02-27,Chennai,TN,North,9.1,1.69,Standard,Prepaid,New,Ekart,Medium,Rain,42,47.4,5.4,No,Delivered,4
ORD003295,2026-01-22,Bangalore,KA,East,12.5,2.8,Express,Prepaid,Returning,Delhivery,Medium,Clear,10,13.9,3.9,No,Delivered,4
ORD003296,2026-02-23,Patna,BR,West,7.6,1.57,Express,Prepaid,New,XpressBees,High,Clear,19,25.1,6.1,No,RTO,2
ORD003297,2026-03-03,Hyderabad,TG,South,3.5,0.32,Standard,COD,Returning,EcomExpress,Low,Rain,39,43.4,4.4,No,Reattempted,4
ORD003298,2025-12-29,Gurgaon,HR,East,6.1,1.24,SameDay,COD,VIP,EcomExpress,High,Clear,6,9.0,3.0,No,Delivered,5
ORD003299,2026-02-19,Surat,GJ,West,7.3,2.29,Standard,Prepaid,New,Ekart,Low,Clear,26,27.5,1.5,No,Delivered,4
ORD003300,2026-01-16,Bhopal,MP,South,5.5,1.18,Standard,COD,Returning,AmazonLogistics,Severe,Clear,26,29.4,3.4,No,Delivered,5
ORD003301,2026-02-08,Nagpur,MH,South,9.9,1.25,SameDay,COD,New,Delhivery,High,Clear,5,10.8,5.8,No,Delivered,4
ORD003302,2025-12-14,Chennai,TN,West,11.2,0.82,Express,COD,Returning,EcomExpress,Medium,Storm,8,13.7,5.7,No,Delivered,5
ORD003303,2025-12-26,Nagpur,MH,West,0.6,1.95,Express,Prepaid,VIP,XpressBees,Medium,Heatwave,8,12.9,4.9,No,Delivered,4
ORD003304,2025-12-25,Chennai,TN,West,6.9,0.89,Express,Prepaid,New,Delhivery,Severe,Rain,12,18.4,6.4,No,Delivered,4
ORD003305,2025-12-31,Delhi,DL,South,0.5,1.58,Standard,Prepaid,New,XpressBees,High,Clear,40,42.7,2.7,No,Delivered,4
ORD003306,2025-12-31,Chennai,TN,West,7.1,1.43,Standard,COD,VIP,XpressBees,High,Storm,26,33.1,7.1,No,Delivered,4
ORD003307,2026-01-13,Chennai,TN,West,7.1,1.14,Express,Prepaid,New,EcomExpress,High,Rain,9,13.4,4.4,No,Delivered,4
ORD003308,2026-03-01,Delhi,DL,East,14.6,1.48,Standard,COD,New,EcomExpress,Low,Storm,46,51.7,5.7,No,Delivered,4
ORD003309,2025-12-06,Mumbai,MH,North,13.4,1.25,Standard,COD,Returning,EcomExpress,Low,Clear,15,18.0,3.0,No,Delivered,4
ORD003310,2026-02-11,Gurgaon,HR,West,11.2,2.38,Standard,Prepaid,New,Ekart,Medium,Clear,34,36.6,2.6,No,Delivered,4
ORD003311,2026-02-23,Surat,GJ,South,3.7,1.66,Standard,COD,New,BlueDart,High,Rain,34,38.4,4.4,No,Delivered,3
ORD003312,2026-02-24,Jaipur,RJ,North,3.4,2.06,Standard,Prepaid,Returning,XpressBees,High,Heatwave,47,51.3,4.3,No,Delivered,3
ORD003313,2026-01-05,Gurgaon,HR,West,3.1,0.7,Standard,Prepaid,Returning,EcomExpress,Medium,Clear,26,26.9,0.9,No,Delivered,5
ORD003314,2026-01-01,Hyderabad,TG,West,13.6,0.67,Express,Prepaid,Returning,DTDC,Severe,Clear,20,26.1,6.1,No,Delivered,4
ORD003315,2025-12-27,Jaipur,RJ,South,3.9,1.15,Standard,COD,Returning,Delhivery,Low,Clear,36,39.5,3.5,No,Delivered,4
ORD003316,2026-02-21,Bhopal,MP,East,6.0,1.73,Standard,COD,New,Delhivery,High,Storm,27,33.7,6.7,No,Delivered,3
ORD003317,2026-02-11,Nagpur,MH,South,3.9,1.52,Standard,COD,Returning,AmazonLogistics,Medium,Rain,31,33.9,2.9,No,Delivered,5
ORD003318,2026-02-13,Ahmedabad,GJ,North,2.5,0.7,Express,Prepaid,VIP,DTDC,Medium,Heatwave,16,17.1,1.1,No,Delivered,5
ORD003319,2026-02-18,Chennai,TN,South,8.8,1.77,Standard,Prepaid,Returning,EcomExpress,Low,Rain,34,36.9,2.9,No,Delivered,5
ORD003320,2025-12-18,Mumbai,MH,South,8.1,0.76,Standard,COD,Returning,BlueDart,High,Fog,24,30.3,6.3,No,Delivered,4
ORD003321,2026-02-25,Pune,MH,West,0.5,1.66,Express,COD,Returning,Ekart,High,Clear,9,11.6,2.6,No,Delivered,5
ORD003322,2026-01-03,Bangalore,KA,East,2.3,1.31,Standard,COD,Returning,Delhivery,Medium,Clear,38,38.6,0.6,No,Delivered,4
ORD003323,2026-02-13,Patna,BR,West,8.5,0.97,Standard,COD,Returning,EcomExpress,Medium,Rain,48,53.1,5.1,No,Delivered,3
ORD003324,2026-02-07,Nagpur,MH,North,7.2,0.8,Express,COD,New,BlueDart,High,Rain,9,14.9,5.9,No,Delivered,4
ORD003325,2026-01-07,Jaipur,RJ,South,5.9,1.2,Standard,Prepaid,Returning,EcomExpress,Medium,Clear,24,26.7,2.7,No,Delivered,4
ORD003326,2026-01-03,Patna,BR,North,9.9,1.16,Standard,COD,New,XpressBees,High,Clear,16,19.1,3.1,No,Delivered,4
ORD003327,2026-02-01,Bangalore,KA,West,1.7,0.59,Standard,Prepaid,VIP,DTDC,Medium,Rain,45,50.1,5.1,No,Delivered,4
ORD003328,2025-12-27,Hyderabad,TG,North,5.1,1.59,Express,COD,Returning,Shadowfax,High,Fog,8,13.3,5.3,No,Delivered,4
ORD003329,2026-01-29,Ahmedabad,GJ,South,9.6,2.21,Express,Prepaid,Returning,XpressBees,High,Clear,17,19.7,2.7,No,Delivered,4
ORD003330,2026-03-05,Gurgaon,HR,East,4.9,1.85,Express,COD,Returning,BlueDart,Low,Heatwave,10,13.0,3.0,No,Delivered,5
ORD003331,2026-01-01,Nagpur,MH,West,8.8,1.34,SameDay,Prepaid,VIP,AmazonLogistics,High,Clear,6,10.5,4.5,No,Delivered,4
ORD003332,2026-01-18,Chandigarh,CH,South,2.9,0.84,Express,Prepaid,Returning,Delhivery,Medium,Clear,12,13.1,1.1,No,Delivered,4
ORD003333,2025-12-30,Hyderabad,TG,South,4.2,1.19,Standard,Prepaid,Returning,EcomExpress,Severe,Clear,32,35.7,3.7,No,Delivered,5
ORD003334,2026-01-05,Bhopal,MP,West,0.5,1.02,Standard,Prepaid,Returning,DTDC,High,Clear,21,24.4,3.4,No,Delivered,4
ORD003335,2025-12-09,Pune,MH,South,0.5,1.19,Express,COD,VIP,EcomExpress,Low,Clear,11,10.5,-0.5,Yes,Delivered,4
ORD003336,2026-01-06,Hyderabad,TG,North,5.6,1.94,Express,COD,Returning,Delhivery,High,Rain,13,21.7,8.7,No,Delivered,3
ORD003337,2026-01-24,Surat,GJ,East,9.3,1.04,Standard,Prepaid,Returning,BlueDart,Low,Rain,20,21.5,1.5,No,Delivered,5
ORD003338,2026-01-30,Pune,MH,South,7.0,0.37,Standard,Prepaid,New,DTDC,High,Clear,36,40.1,4.1,No,Reattempted,5
ORD003339,2026-01-11,Chandigarh,CH,South,12.1,1.79,Standard,COD,VIP,Delhivery,Severe,Heatwave,44,50.8,6.8,No,Delivered,3
ORD003340,2026-02-01,Chandigarh,CH,North,5.9,1.4,Standard,COD,New,DTDC,High,Heatwave,18,21.8,3.8,No,Delivered,4
ORD003341,2025-12-06,Surat,GJ,South,0.5,1.21,Express,COD,Returning,AmazonLogistics,Medium,Clear,6,5.9,-0.1,Yes,Delivered,5
ORD003342,2026-02-21,Kolkata,WB,South,8.9,0.55,Express,Prepaid,Returning,XpressBees,High,Clear,19,24.2,5.2,No,Delivered,3
ORD003343,2025-12-25,Pune,MH,North,3.2,0.67,Express,COD,Returning,EcomExpress,Medium,Clear,8,10.6,2.6,No,Delivered,4
ORD003344,2026-02-02,Nagpur,MH,West,8.0,0.72,Standard,Prepaid,New,AmazonLogistics,Low,Rain,19,20.6,1.6,No,RTO,2
ORD003345,2025-12-16,Surat,GJ,South,0.5,0.78,Express,COD,New,EcomExpress,Severe,Clear,16,20.2,4.2,No,Delivered,4
ORD003346,2026-02-28,Patna,BR,East,6.4,0.82,Standard,Prepaid,Returning,Ekart,Medium,Rain,18,20.8,2.8,No,Delivered,5
ORD003347,2026-01-10,Nagpur,MH,Central,10.3,0.54,Standard,Prepaid,Returning,DTDC,Medium,Rain,27,32.5,5.5,No,Delivered,3
ORD003348,2026-01-26,Delhi,DL,North,9.8,4.02,Express,Prepaid,New,Delhivery,Medium,Rain,14,19.2,5.2,No,Delivered,5
ORD003349,2026-01-11,Delhi,DL,North,6.5,2.72,SameDay,COD,New,AmazonLogistics,Severe,Clear,7,12.4,5.4,No,Delivered,5
ORD003350,2026-01-18,Patna,BR,East,7.3,1.31,SameDay,Prepaid,VIP,Shadowfax,Severe,Clear,8,13.2,5.2,No,Delivered,4
ORD003351,2026-02-16,Bangalore,KA,Central,5.5,1.08,Standard,COD,Returning,Shadowfax,Medium,Clear,34,37.0,3.0,No,Delivered,4
ORD003352,2026-02-14,Gurgaon,HR,East,6.3,3.31,Standard,Prepaid,Returning,BlueDart,Medium,Fog,48,49.6,1.6,No,Delivered,4
ORD003353,2025-12-17,Delhi,DL,North,10.0,2.93,Express,COD,Returning,XpressBees,High,Rain,14,20.7,6.7,No,Delivered,4
ORD003354,2025-12-24,Coimbatore,TN,North,4.5,0.71,Express,Prepaid,Returning,DTDC,Medium,Rain,16,21.0,5.0,No,Delivered,4
ORD003355,2026-01-04,Noida,UP,North,4.9,1.28,Standard,Prepaid,Returning,Ekart,Severe,Rain,34,40.8,6.8,No,Delivered,3
ORD003356,2026-01-31,Jaipur,RJ,East,1.2,0.99,Standard,COD,New,EcomExpress,Severe,Clear,38,43.0,5.0,No,Delivered,4
ORD003357,2026-01-28,Pune,MH,West,10.1,0.94,Standard,Prepaid,Returning,XpressBees,High,Clear,31,34.2,3.2,No,Delivered,4
ORD003358,2026-01-10,Chandigarh,CH,South,6.2,1.0,Standard,Prepaid,Returning,DTDC,Low,Clear,15,15.7,0.7,No,Delivered,4
ORD003359,2025-12-29,Bangalore,KA,West,2.4,1.05,Standard,Prepaid,New,DTDC,High,Clear,19,21.5,2.5,No,Delivered,5
ORD003360,2025-12-17,Surat,GJ,North,10.8,1.25,Express,COD,Returning,Shadowfax,Severe,Clear,9,15.2,6.2,No,Delivered,4
ORD003361,2025-12-10,Noida,UP,West,7.1,1.26,Standard,Prepaid,New,BlueDart,Medium,Clear,27,27.9,0.9,No,Delivered,5
ORD003362,2026-01-02,Coimbatore,TN,North,4.3,2.62,Express,Prepaid,Returning,AmazonLogistics,Severe,Rain,19,22.5,3.5,No,Delivered,4
ORD003363,2026-02-18,Mumbai,MH,West,10.9,0.68,Express,Prepaid,Returning,EcomExpress,Medium,Clear,15,18.5,3.5,No,Delivered,5
ORD003364,2026-01-31,Bhopal,MP,West,5.9,1.97,Standard,COD,VIP,EcomExpress,Severe,Clear,48,54.2,6.2,No,Delivered,5
ORD003365,2026-01-11,Bangalore,KA,West,1.0,0.58,Standard,Prepaid,New,XpressBees,High,Clear,32,35.3,3.3,No,Delivered,4
ORD003366,2026-02-28,Coimbatore,TN,South,11.1,1.27,Express,Prepaid,Returning,EcomExpress,Low,Clear,17,17.7,0.7,No,Delivered,4
ORD003367,2026-03-04,Nagpur,MH,East,3.9,2.07,Standard,Prepaid,Returning,Delhivery,Medium,Clear,36,37.0,1.0,No,Delivered,5
ORD003368,2026-01-24,Chennai,TN,West,19.4,1.55,Express,Prepaid,VIP,Delhivery,Low,Clear,15,18.3,3.3,No,Delivered,3
ORD003369,2026-01-20,Jaipur,RJ,North,5.5,0.91,Standard,Prepaid,Returning,DTDC,Medium,Clear,17,19.1,2.1,No,Delivered,4
ORD003370,2026-01-11,Delhi,DL,North,0.5,1.31,Standard,Prepaid,Returning,Ekart,Severe,Storm,40,46.9,6.9,No,Delivered,3
ORD003371,2026-02-17,Noida,UP,West,14.3,2.98,SameDay,Prepaid,VIP,Shadowfax,Medium,Clear,5,9.3,4.3,No,Delivered,4
ORD003372,2026-02-24,Hyderabad,TG,South,7.1,0.77,Standard,Prepaid,Returning,Delhivery,Severe,Clear,28,32.0,4.0,No,Delivered,4
ORD003373,2026-02-13,Kolkata,WB,North,8.3,1.55,Standard,Prepaid,New,AmazonLogistics,Low,Clear,42,39.1,-2.9,Yes,Reattempted,5
ORD003374,2025-12-23,Surat,GJ,North,8.8,1.97,Express,Prepaid,New,EcomExpress,High,Clear,13,16.8,3.8,No,Delivered,3
ORD003375,2026-02-02,Kochi,KL,North,1.8,0.88,Standard,COD,Returning,Ekart,Severe,Clear,24,29.1,5.1,No,Delivered,4
ORD003376,2025-12-12,Surat,GJ,South,0.5,3.13,Standard,Prepaid,Returning,XpressBees,High,Clear,18,20.8,2.8,No,Delivered,4
ORD003377,2025-12-22,Surat,GJ,West,15.1,3.83,SameDay,COD,New,EcomExpress,Severe,Heatwave,7,15.0,8.0,No,Delivered,4
ORD003378,2026-01-03,Indore,MP,North,1.0,2.13,Standard,Prepaid,Returning,Shadowfax,Severe,Heatwave,18,22.3,4.3,No,RTO,3
ORD003379,2025-12-09,Chandigarh,CH,West,13.8,2.13,Standard,Prepaid,VIP,EcomExpress,High,Rain,32,39.4,7.4,No,Delivered,3
ORD003380,2025-12-12,Ahmedabad,GJ,South,9.4,0.39,Express,Prepaid,Returning,AmazonLogistics,High,Clear,18,19.3,1.3,No,Delivered,4
ORD003381,2025-12-27,Bhopal,MP,South,8.0,0.5,Express,Prepaid,Returning,Delhivery,Low,Clear,14,15.3,1.3,No,Delivered,4
ORD003382,2026-01-12,Patna,BR,North,5.4,1.05,Standard,COD,New,AmazonLogistics,Medium,Clear,24,24.9,0.9,No,RTO,2
ORD003383,2025-12-17,Noida,UP,East,16.5,0.74,Standard,Prepaid,New,AmazonLogistics,Medium,Rain,48,53.5,5.5,No,Delivered,4
ORD003384,2025-12-26,Gurgaon,HR,Central,4.5,1.61,Express,Prepaid,VIP,AmazonLogistics,High,Clear,10,11.4,1.4,No,Delivered,5
ORD003385,2026-01-10,Patna,BR,South,4.6,0.2,Express,Prepaid,Returning,Ekart,High,Rain,14,19.0,5.0,No,Delivered,4
ORD003386,2025-12-22,Hyderabad,TG,North,10.0,1.6,Standard,Prepaid,New,EcomExpress,High,Clear,14,18.0,4.0,No,Delivered,3
ORD003387,2026-03-01,Patna,BR,North,4.6,0.99,Standard,COD,Returning,Shadowfax,Severe,Clear,46,51.4,5.4,No,Delivered,4
ORD003388,2025-12-22,Coimbatore,TN,North,3.2,0.8,Standard,Prepaid,New,AmazonLogistics,Low,Clear,41,40.1,-0.9,Yes,Delivered,4
ORD003389,2026-01-01,Chennai,TN,East,7.1,3.47,Standard,COD,Returning,BlueDart,Severe,Clear,50,55.5,5.5,No,NDR_Pending,3
ORD003390,2025-12-27,Kochi,KL,North,10.0,0.92,Express,COD,New,Delhivery,Low,Rain,9,13.0,4.0,No,NDR_Pending,4
ORD003391,2026-01-07,Chennai,TN,Central,14.8,0.42,SameDay,COD,Returning,EcomExpress,Medium,Clear,6,10.1,4.1,No,Delivered,4
ORD003392,2026-01-23,Surat,GJ,West,15.6,1.45,Standard,Prepaid,Returning,EcomExpress,High,Clear,15,21.4,6.4,No,Delivered,4
ORD003393,2026-01-05,Patna,BR,South,0.5,1.39,SameDay,Prepaid,Returning,AmazonLogistics,Medium,Clear,7,7.6,0.6,No,Delivered,4
ORD003394,2025-12-05,Bangalore,KA,East,11.5,1.0,Express,Prepaid,Returning,Shadowfax,High,Fog,12,16.8,4.8,No,Delivered,3
ORD003395,2026-01-30,Kolkata,WB,North,3.4,4.53,Express,COD,Returning,DTDC,High,Clear,13,19.2,6.2,No,Delivered,4
ORD003396,2026-01-30,Patna,BR,East,3.6,1.25,SameDay,Prepaid,New,Ekart,High,Rain,5,11.0,6.0,No,Delivered,3
ORD003397,2026-02-28,Lucknow,UP,North,5.1,2.03,Standard,Prepaid,New,EcomExpress,Low,Clear,42,43.8,1.8,No,Delivered,3
ORD003398,2026-02-07,Noida,UP,East,4.9,1.34,Express,Prepaid,Returning,AmazonLogistics,Medium,Rain,7,9.6,2.6,No,Delivered,4
ORD003399,2026-02-28,Mumbai,MH,South,3.0,2.37,Standard,COD,Returning,Delhivery,Low,Rain,44,48.0,4.0,No,Delivered,4
ORD003400,2026-02-08,Coimbatore,TN,North,0.5,0.91,Standard,Prepaid,New,Delhivery,Medium,Clear,22,20.7,-1.3,Yes,Delivered,4
ORD003401,2026-02-14,Bhopal,MP,East,13.1,0.58,Standard,Prepaid,New,Delhivery,Low,Clear,19,22.8,3.8,No,Delivered,3
ORD003402,2026-01-20,Gurgaon,HR,North,10.9,1.75,Standard,COD,Returning,EcomExpress,Medium,Clear,22,26.2,4.2,No,Delivered,3
ORD003403,2026-02-05,Bangalore,KA,North,7.2,1.32,Express,COD,New,BlueDart,High,Clear,15,18.3,3.3,No,Delivered,4
ORD003404,2026-01-16,Noida,UP,East,3.4,1.78,Standard,COD,Returning,Shadowfax,Severe,Rain,18,25.9,7.9,No,Delivered,4
ORD003405,2026-01-04,Ahmedabad,GJ,South,12.2,0.76,Standard,Prepaid,Returning,EcomExpress,High,Clear,24,28.9,4.9,No,Delivered,4
ORD003406,2026-01-28,Ahmedabad,GJ,East,7.0,1.47,Standard,Prepaid,Returning,Delhivery,Low,Clear,16,16.0,0.0,Yes,Delivered,5
ORD003407,2026-01-16,Ahmedabad,GJ,West,5.0,0.42,Standard,Prepaid,Returning,DTDC,Medium,Rain,18,22.0,4.0,No,NDR_Pending,4
ORD003408,2026-01-01,Nagpur,MH,West,0.7,0.83,Standard,Prepaid,Returning,Delhivery,Low,Fog,20,23.0,3.0,No,Delivered,4
ORD003409,2026-03-02,Kochi,KL,South,9.4,0.72,Standard,Prepaid,VIP,AmazonLogistics,Medium,Clear,40,41.4,1.4,No,Delivered,4
ORD003410,2025-12-15,Lucknow,UP,North,6.0,1.49,SameDay,Prepaid,Returning,Ekart,Medium,Rain,5,8.4,3.4,No,Delivered,4
ORD003411,2025-12-15,Pune,MH,Central,8.3,0.83,Express,Prepaid,Returning,DTDC,Severe,Clear,15,21.5,6.5,No,Delivered,3
ORD003412,2026-01-20,Noida,UP,North,8.0,0.48,Standard,Prepaid,VIP,XpressBees,High,Rain,49,54.7,5.7,No,Delivered,4
ORD003413,2025-12-06,Hyderabad,TG,South,9.8,0.79,Express,COD,Returning,XpressBees,Medium,Clear,14,19.4,5.4,No,RTO,2
ORD003414,2026-02-21,Pune,MH,North,8.2,1.58,Express,Prepaid,New,XpressBees,High,Rain,10,14.7,4.7,No,Delivered,5
ORD003415,2026-01-03,Indore,MP,North,6.1,1.2,Standard,COD,New,Ekart,Severe,Clear,25,31.0,6.0,No,Delivered,3
ORD003416,2026-01-18,Jaipur,RJ,West,9.5,0.71,Standard,COD,New,Ekart,Low,Clear,17,18.0,1.0,No,Delivered,4
ORD003417,2026-01-25,Nagpur,MH,East,11.1,1.83,Standard,Prepaid,New,BlueDart,High,Fog,15,21.4,6.4,No,Delivered,3
ORD003418,2025-12-30,Chandigarh,CH,East,13.5,2.83,Standard,Prepaid,Returning,XpressBees,Medium,Clear,42,43.7,1.7,No,Delivered,4
ORD003419,2025-12-15,Pune,MH,East,2.8,1.91,Express,COD,New,AmazonLogistics,Low,Clear,13,13.9,0.9,No,Reattempted,5
ORD003420,2025-12-24,Chennai,TN,South,11.7,0.28,Standard,COD,Returning,Delhivery,Severe,Clear,42,49.6,7.6,No,Delivered,4
ORD003421,2025-12-13,Surat,GJ,South,0.9,1.27,Standard,Prepaid,Returning,Shadowfax,Low,Clear,36,36.4,0.4,No,Delivered,5
ORD003422,2025-12-11,Patna,BR,North,11.4,1.02,Standard,Prepaid,New,XpressBees,High,Clear,30,32.9,2.9,No,Delivered,4
ORD003423,2026-02-06,Nagpur,MH,West,4.9,0.33,Express,COD,Returning,DTDC,Low,Clear,8,10.9,2.9,No,Delivered,5
ORD003424,2026-02-27,Ahmedabad,GJ,South,10.7,0.51,SameDay,Prepaid,VIP,BlueDart,High,Clear,8,11.8,3.8,No,Delivered,5
ORD003425,2026-01-10,Nagpur,MH,West,13.3,1.79,Standard,Prepaid,New,EcomExpress,High,Rain,25,31.0,6.0,No,Delivered,4
ORD003426,2026-01-03,Noida,UP,North,8.2,1.24,Standard,Prepaid,New,EcomExpress,High,Heatwave,26,29.3,3.3,No,Delivered,4
ORD003427,2026-01-08,Lucknow,UP,East,7.3,1.16,Express,COD,New,XpressBees,High,Clear,16,18.3,2.3,No,Delivered,5
ORD003428,2026-02-24,Chandigarh,CH,East,7.1,0.75,Standard,Prepaid,Returning,Ekart,High,Clear,49,55.1,6.1,No,Delivered,4
ORD003429,2025-12-30,Patna,BR,East,5.6,2.12,Standard,Prepaid,Returning,Ekart,Medium,Clear,46,47.2,1.2,No,Delivered,4
ORD003430,2026-02-28,Kolkata,WB,North,12.0,0.53,Express,COD,VIP,BlueDart,Low,Clear,12,12.7,0.7,No,Delivered,4
ORD003431,2025-12-30,Hyderabad,TG,Central,7.1,0.65,Standard,Prepaid,Returning,EcomExpress,High,Rain,44,49.7,5.7,No,Delivered,4
ORD003432,2026-01-14,Patna,BR,North,0.5,0.91,Standard,Prepaid,Returning,AmazonLogistics,Medium,Heatwave,21,21.0,0.0,Yes,Delivered,4
ORD003433,2025-12-30,Hyderabad,TG,South,11.0,0.44,Standard,Prepaid,VIP,DTDC,Low,Rain,44,48.4,4.4,No,Delivered,4
ORD003434,2026-01-12,Kolkata,WB,North,10.8,0.65,Standard,Prepaid,New,Shadowfax,Severe,Heatwave,31,38.8,7.8,No,Delivered,4
ORD003435,2026-02-05,Hyderabad,TG,North,7.7,2.09,Express,COD,Returning,BlueDart,Medium,Clear,9,9.9,0.9,No,Delivered,5
ORD003436,2026-01-02,Nagpur,MH,West,4.3,0.67,Standard,Prepaid,Returning,Delhivery,Low,Rain,38,40.3,2.3,No,Reattempted,4
ORD003437,2025-12-08,Chennai,TN,North,2.9,1.77,Standard,Prepaid,Returning,AmazonLogistics,Severe,Clear,48,52.3,4.3,No,Delivered,5
ORD003438,2026-02-01,Kochi,KL,South,4.4,1.62,Express,Prepaid,Returning,XpressBees,Medium,Storm,14,17.9,3.9,No,Delivered,4
ORD003439,2026-02-07,Gurgaon,HR,West,8.3,1.0,Express,Prepaid,New,BlueDart,High,Clear,16,17.9,1.9,No,Delivered,5
ORD003440,2025-12-24,Bhopal,MP,East,0.5,0.47,Standard,Prepaid,Returning,Ekart,Low,Clear,16,16.3,0.3,No,Delivered,4
ORD003441,2026-02-05,Gurgaon,HR,West,9.2,1.15,Express,Prepaid,Returning,XpressBees,Medium,Rain,7,13.6,6.6,No,Delivered,4
ORD003442,2026-01-04,Mumbai,MH,West,7.8,0.31,Express,Prepaid,Returning,Ekart,High,Clear,9,11.5,2.5,No,Delivered,4
ORD003443,2026-02-06,Lucknow,UP,North,12.6,0.8,Standard,Prepaid,Returning,Shadowfax,Medium,Heatwave,32,35.0,3.0,No,Delivered,4
ORD003444,2025-12-31,Hyderabad,TG,East,10.3,1.28,Standard,Prepaid,Returning,Shadowfax,High,Rain,43,51.5,8.5,No,Reattempted,3
ORD003445,2025-12-11,Gurgaon,HR,North,4.6,1.86,Express,Prepaid,VIP,Ekart,Medium,Fog,10,14.9,4.9,No,Delivered,4
ORD003446,2026-01-08,Coimbatore,TN,North,0.7,1.01,Standard,Prepaid,New,Ekart,Medium,Clear,30,29.2,-0.8,Yes,Delivered,4
ORD003447,2025-12-13,Kolkata,WB,North,4.2,0.77,Standard,Prepaid,New,Ekart,Low,Clear,25,25.6,0.6,No,Delivered,3
ORD003448,2025-12-11,Indore,MP,West,13.0,0.73,Standard,Prepaid,New,AmazonLogistics,Medium,Rain,31,35.5,4.5,No,Delivered,4
ORD003449,2025-12-25,Nagpur,MH,South,8.7,0.83,Standard,COD,New,Shadowfax,Medium,Clear,37,41.4,4.4,No,Delivered,4
ORD003450,2026-01-22,Lucknow,UP,West,9.9,1.61,Standard,Prepaid,Returning,EcomExpress,High,Clear,32,37.5,5.5,No,Delivered,3
ORD003451,2025-12-19,Lucknow,UP,South,5.0,1.36,Standard,COD,New,BlueDart,Medium,Storm,14,20.0,6.0,No,Delivered,4
ORD003452,2025-12-13,Pune,MH,South,9.4,1.09,Express,COD,Returning,Ekart,Low,Heatwave,10,13.8,3.8,No,Delivered,4
ORD003453,2026-01-08,Lucknow,UP,South,1.4,1.61,Express,COD,VIP,BlueDart,Medium,Heatwave,17,17.6,0.6,No,Delivered,5
ORD003454,2026-02-14,Kolkata,WB,North,11.2,1.11,Standard,COD,Returning,AmazonLogistics,Medium,Clear,32,33.6,1.6,No,Delivered,5
ORD003455,2026-01-02,Bhopal,MP,South,2.9,0.5,Standard,Prepaid,Returning,Ekart,Medium,Clear,18,18.0,0.0,Yes,Delivered,4
ORD003456,2026-01-12,Chandigarh,CH,West,0.5,0.57,SameDay,Prepaid,VIP,Ekart,Severe,Heatwave,9,15.2,6.2,No,Delivered,3
ORD003457,2026-02-22,Patna,BR,South,16.5,1.59,Express,COD,Returning,Ekart,High,Clear,17,22.7,5.7,No,Delivered,4
ORD003458,2026-02-09,Mumbai,MH,North,8.0,0.48,Express,Prepaid,Returning,XpressBees,High,Clear,13,16.8,3.8,No,Delivered,4
ORD003459,2026-01-12,Bhopal,MP,West,7.9,0.88,Standard,Prepaid,New,Shadowfax,Medium,Clear,35,38.8,3.8,No,RTO,3
ORD003460,2025-12-16,Ahmedabad,GJ,South,0.5,1.03,Standard,Prepaid,Returning,Ekart,Low,Fog,37,40.3,3.3,No,Delivered,4
ORD003461,2026-02-02,Jaipur,RJ,North,10.0,0.59,Standard,Prepaid,New,EcomExpress,High,Clear,42,47.2,5.2,No,Delivered,4
ORD003462,2026-01-26,Gurgaon,HR,North,11.0,0.41,Express,Prepaid,New,EcomExpress,Medium,Clear,14,17.5,3.5,No,Delivered,5
ORD003463,2025-12-30,Chandigarh,CH,South,6.7,0.55,Express,Prepaid,New,Ekart,High,Clear,9,13.4,4.4,No,Delivered,4
ORD003464,2025-12-22,Pune,MH,South,11.1,0.37,Standard,Prepaid,Returning,DTDC,Severe,Clear,31,35.5,4.5,No,Delivered,4
ORD003465,2025-12-30,Ahmedabad,GJ,West,12.2,1.6,Express,COD,New,Shadowfax,Medium,Rain,8,14.1,6.1,No,Delivered,3
ORD003466,2026-01-26,Coimbatore,TN,North,9.6,1.4,Express,Prepaid,Returning,Delhivery,High,Rain,17,23.1,6.1,No,Delivered,2
ORD003467,2026-01-10,Surat,GJ,East,0.5,0.7,Express,Prepaid,Returning,Shadowfax,Medium,Rain,13,15.4,2.4,No,Delivered,3
ORD003468,2026-01-12,Chennai,TN,South,2.9,0.49,Standard,Prepaid,New,Ekart,Medium,Clear,13,15.3,2.3,No,Delivered,5
ORD003469,2026-02-13,Surat,GJ,West,14.2,2.23,Standard,Prepaid,Returning,XpressBees,Low,Clear,35,38.8,3.8,No,Delivered,5
ORD003470,2026-02-01,Chandigarh,CH,East,7.8,1.44,SameDay,Prepaid,Returning,BlueDart,High,Clear,8,10.9,2.9,No,Delivered,3
ORD003471,2026-02-17,Hyderabad,TG,South,7.8,0.76,Standard,COD,VIP,XpressBees,Medium,Heatwave,32,34.8,2.8,No,Delivered,5
ORD003472,2025-12-13,Coimbatore,TN,North,4.2,2.25,Standard,Prepaid,Returning,Ekart,High,Clear,31,33.2,2.2,No,Delivered,3
ORD003473,2026-02-06,Coimbatore,TN,South,5.0,1.2,Standard,COD,Returning,Ekart,High,Clear,48,50.1,2.1,No,Delivered,4
ORD003474,2026-02-25,Chandigarh,CH,Central,12.3,1.34,Standard,Prepaid,New,BlueDart,Medium,Clear,15,16.9,1.9,No,Delivered,4
ORD003475,2026-01-06,Chennai,TN,Central,13.5,0.59,Standard,Prepaid,New,XpressBees,Medium,Storm,38,45.2,7.2,No,Delivered,4
ORD003476,2026-01-17,Hyderabad,TG,North,10.7,0.44,Standard,Prepaid,Returning,EcomExpress,High,Rain,36,43.8,7.8,No,Delivered,5
ORD003477,2025-12-31,Surat,GJ,West,9.7,0.43,SameDay,Prepaid,VIP,Shadowfax,Medium,Clear,7,8.2,1.2,No,Delivered,4
ORD003478,2026-02-04,Surat,GJ,South,10.0,3.86,Standard,Prepaid,New,EcomExpress,High,Rain,20,26.1,6.1,No,Delivered,4
ORD003479,2026-01-22,Jaipur,RJ,North,7.2,0.67,SameDay,Prepaid,New,Shadowfax,Low,Clear,6,7.1,1.1,No,Delivered,5
ORD003480,2025-12-28,Patna,BR,West,2.7,1.15,Express,Prepaid,Returning,XpressBees,Severe,Rain,19,25.4,6.4,No,Delivered,5
ORD003481,2025-12-09,Patna,BR,South,1.8,1.46,Express,Prepaid,Returning,EcomExpress,Low,Storm,6,8.3,2.3,No,Delivered,5
ORD003482,2026-02-08,Hyderabad,TG,South,12.8,1.09,Standard,COD,Returning,EcomExpress,Medium,Rain,38,42.0,4.0,No,Delivered,3
ORD003483,2026-01-23,Patna,BR,East,7.4,1.01,Express,Prepaid,Returning,Delhivery,High,Fog,19,26.8,7.8,No,Delivered,4
ORD003484,2026-02-28,Hyderabad,TG,South,9.4,0.99,Standard,Prepaid,Returning,Delhivery,Low,Clear,13,15.7,2.7,No,Delivered,4
ORD003485,2025-12-26,Jaipur,RJ,West,8.3,1.47,Standard,COD,VIP,DTDC,Medium,Clear,47,50.4,3.4,No,Delivered,5
ORD003486,2026-03-02,Mumbai,MH,South,8.5,0.59,SameDay,Prepaid,Returning,EcomExpress,Low,Rain,6,9.8,3.8,No,Delivered,4
ORD003487,2026-01-17,Kolkata,WB,North,8.9,0.85,Standard,Prepaid,Returning,Delhivery,High,Rain,14,20.3,6.3,No,Delivered,3
ORD003488,2026-02-15,Noida,UP,South,10.3,0.28,Express,Prepaid,New,Ekart,Medium,Clear,15,16.9,1.9,No,Delivered,5
ORD003489,2026-01-08,Jaipur,RJ,Central,4.4,0.36,Standard,Prepaid,Returning,EcomExpress,Low,Clear,17,17.5,0.5,No,Reattempted,5
ORD003490,2026-01-10,Coimbatore,TN,South,12.2,0.51,Standard,COD,New,Ekart,Medium,Clear,13,15.5,2.5,No,Delivered,4
ORD003491,2026-02-02,Delhi,DL,North,4.5,1.84,Express,Prepaid,New,XpressBees,Medium,Clear,12,14.1,2.1,No,Delivered,4
ORD003492,2025-12-21,Nagpur,MH,West,8.5,0.94,Express,Prepaid,New,DTDC,Severe,Heatwave,16,20.9,4.9,No,Delivered,4
ORD003493,2026-02-19,Ahmedabad,GJ,Central,2.8,1.68,Standard,Prepaid,Returning,XpressBees,Low,Clear,35,35.1,0.1,No,NDR_Pending,4
ORD003494,2025-12-29,Coimbatore,TN,East,6.8,1.39,Express,Prepaid,New,EcomExpress,High,Rain,13,18.9,5.9,No,Delivered,5
ORD003495,2026-01-26,Gurgaon,HR,West,4.9,1.29,Standard,Prepaid,New,AmazonLogistics,Medium,Clear,43,43.6,0.6,No,Delivered,5
ORD003496,2026-02-11,Surat,GJ,South,7.6,0.63,Standard,Prepaid,Returning,AmazonLogistics,Medium,Rain,42,43.0,1.0,No,Delivered,4
ORD003497,2026-01-08,Delhi,DL,West,10.4,1.16,Express,Prepaid,New,BlueDart,Severe,Heatwave,12,17.2,5.2,No,Delivered,3
ORD003498,2025-12-30,Lucknow,UP,East,7.8,1.29,Standard,Prepaid,New,AmazonLogistics,Medium,Rain,47,50.8,3.8,No,Delivered,4
ORD003499,2026-02-02,Delhi,DL,East,15.3,4.14,Standard,Prepaid,VIP,XpressBees,High,Fog,21,28.0,7.0,No,Delivered,4
ORD003500,2025-12-30,Jaipur,RJ,East,10.7,0.9,Standard,COD,Returning,Ekart,Medium,Clear,41,42.1,1.1,No,Delivered,4
ORD003501,2026-01-17,Pune,MH,South,6.6,1.71,Standard,COD,Returning,AmazonLogistics,High,Clear,29,33.5,4.5,No,Delivered,4
ORD003502,2025-12-29,Nagpur,MH,North,7.2,1.03,SameDay,Prepaid,New,Delhivery,Medium,Rain,4,7.5,3.5,No,Delivered,4
ORD003503,2026-01-28,Kolkata,WB,West,9.0,0.73,Standard,COD,Returning,AmazonLogistics,Medium,Rain,37,41.3,4.3,No,Delivered,4
ORD003504,2026-01-03,Hyderabad,TG,North,10.3,1.86,Express,Prepaid,New,Ekart,Low,Rain,15,19.7,4.7,No,Delivered,4
ORD003505,2026-02-04,Mumbai,MH,North,2.6,3.44,Express,COD,Returning,AmazonLogistics,Low,Rain,6,8.2,2.2,No,RTO,3
ORD003506,2026-01-23,Chandigarh,CH,South,10.0,1.29,Standard,COD,Returning,Delhivery,Severe,Clear,27,30.7,3.7,No,RTO,2
ORD003507,2025-12-11,Bhopal,MP,West,2.7,0.73,SameDay,COD,Returning,AmazonLogistics,High,Clear,4,8.8,4.8,No,Delivered,4
ORD003508,2026-02-06,Bhopal,MP,East,9.7,1.46,Standard,COD,Returning,XpressBees,Medium,Heatwave,16,17.3,1.3,No,Delivered,5
ORD003509,2026-02-05,Pune,MH,East,11.9,1.31,Standard,COD,New,EcomExpress,Medium,Clear,43,45.9,2.9,No,Delivered,5
ORD003510,2026-01-09,Kolkata,WB,East,8.7,4.18,Express,Prepaid,Returning,Ekart,High,Rain,14,21.0,7.0,No,Delivered,2
ORD003511,2026-01-23,Noida,UP,West,0.5,1.73,Express,COD,Returning,XpressBees,Medium,Clear,14,15.1,1.1,No,Delivered,5
ORD003512,2026-01-09,Indore,MP,West,0.5,0.63,Standard,Prepaid,Returning,AmazonLogistics,Medium,Heatwave,20,20.5,0.5,No,Delivered,4
ORD003513,2026-01-24,Delhi,DL,North,9.8,2.37,Express,Prepaid,Returning,DTDC,High,Fog,12,18.0,6.0,No,Delivered,4
ORD003514,2026-02-18,Delhi,DL,West,0.5,1.76,SameDay,Prepaid,Returning,EcomExpress,Medium,Clear,6,7.0,1.0,No,Delivered,4
ORD003515,2025-12-10,Chennai,TN,North,9.9,1.94,Standard,Prepaid,New,Ekart,Medium,Heatwave,20,22.2,2.2,No,Delivered,5
ORD003516,2025-12-23,Noida,UP,North,11.4,1.44,Express,Prepaid,Returning,XpressBees,Medium,Clear,13,15.0,2.0,No,Delivered,4
ORD003517,2026-01-28,Bangalore,KA,North,12.0,2.02,Standard,Prepaid,New,Shadowfax,Low,Clear,24,27.0,3.0,No,Delivered,4
ORD003518,2026-01-29,Gurgaon,HR,East,6.5,1.44,Standard,Prepaid,Returning,BlueDart,High,Fog,36,40.4,4.4,No,Delivered,4
ORD003519,2026-02-06,Kochi,KL,West,9.3,0.95,Standard,Prepaid,Returning,Delhivery,High,Clear,22,26.3,4.3,No,Delivered,4
ORD003520,2026-01-24,Gurgaon,HR,Central,8.3,1.2,Standard,Prepaid,Returning,DTDC,Severe,Clear,49,53.3,4.3,No,Delivered,4
ORD003521,2026-02-02,Bhopal,MP,Central,1.6,1.03,Express,Prepaid,New,BlueDart,Medium,Rain,15,19.3,4.3,No,Delivered,4
ORD003522,2026-01-15,Kolkata,WB,East,10.5,1.36,Standard,Prepaid,Returning,Ekart,High,Storm,49,57.5,8.5,No,Delivered,3
ORD003523,2025-12-08,Bhopal,MP,North,13.1,1.16,Standard,COD,Returning,Ekart,Severe,Clear,42,48.3,6.3,No,NDR_Pending,3
ORD003524,2026-02-25,Bangalore,KA,East,10.3,0.92,Standard,Prepaid,New,AmazonLogistics,High,Rain,29,34.7,5.7,No,Delivered,4
ORD003525,2026-01-06,Chennai,TN,East,5.5,0.99,Standard,Prepaid,Returning,EcomExpress,Severe,Clear,39,45.7,6.7,No,Delivered,4
ORD003526,2025-12-06,Hyderabad,TG,East,10.5,1.1,Standard,COD,New,DTDC,Severe,Clear,48,53.1,5.1,No,Delivered,5
ORD003527,2026-01-31,Delhi,DL,North,12.7,0.38,Standard,COD,Returning,Delhivery,High,Rain,36,41.2,5.2,No,Delivered,3
ORD003528,2026-02-16,Pune,MH,North,12.2,2.04,Standard,Prepaid,Returning,AmazonLogistics,Severe,Clear,49,54.4,5.4,No,Delivered,4
ORD003529,2026-01-02,Bangalore,KA,Central,11.6,1.36,Standard,Prepaid,Returning,Shadowfax,High,Rain,47,51.1,4.1,No,Delivered,4
ORD003530,2026-01-11,Delhi,DL,North,1.1,0.77,Standard,Prepaid,New,Ekart,Medium,Rain,42,43.2,1.2,No,Delivered,5
ORD003531,2026-03-02,Ahmedabad,GJ,South,9.1,1.58,Standard,COD,New,BlueDart,Severe,Storm,48,54.9,6.9,No,Delivered,3
ORD003532,2026-02-18,Pune,MH,South,10.1,0.81,Standard,COD,Returning,EcomExpress,High,Rain,47,53.4,6.4,No,Delivered,3
ORD003533,2026-02-12,Pune,MH,North,11.7,0.81,Express,COD,New,Ekart,Low,Clear,18,18.0,0.0,Yes,Delivered,4
ORD003534,2026-01-15,Noida,UP,North,9.6,1.38,Express,COD,VIP,Shadowfax,Medium,Rain,17,21.1,4.1,No,Delivered,3
ORD003535,2025-12-17,Pune,MH,Central,13.7,2.61,Standard,COD,Returning,AmazonLogistics,Medium,Rain,37,37.4,0.4,No,Delivered,3
ORD003536,2025-12-21,Pune,MH,East,0.5,1.31,Standard,Prepaid,Returning,Ekart,High,Clear,17,20.1,3.1,No,Delivered,4
ORD003537,2026-02-19,Mumbai,MH,East,9.7,0.69,Standard,Prepaid,New,Shadowfax,Medium,Rain,36,40.6,4.6,No,Delivered,5
ORD003538,2026-01-25,Delhi,DL,South,9.4,0.89,Standard,Prepaid,VIP,Shadowfax,Medium,Rain,43,46.7,3.7,No,Delivered,4
ORD003539,2026-01-12,Surat,GJ,North,11.1,1.84,Standard,Prepaid,Returning,XpressBees,Medium,Clear,39,43.1,4.1,No,Delivered,4
ORD003540,2026-03-03,Bhopal,MP,South,13.7,1.41,SameDay,Prepaid,Returning,AmazonLogistics,Low,Clear,6,8.3,2.3,No,Delivered,4
ORD003541,2025-12-21,Coimbatore,TN,South,3.9,1.97,Standard,Prepaid,Returning,Ekart,Severe,Clear,31,34.7,3.7,No,Delivered,4
ORD003542,2025-12-14,Indore,MP,North,13.5,1.4,Standard,COD,New,EcomExpress,Medium,Clear,46,48.4,2.4,No,Delivered,4
ORD003543,2026-01-03,Pune,MH,East,10.8,1.76,Express,Prepaid,VIP,DTDC,Medium,Fog,15,21.0,6.0,No,Delivered,4
ORD003544,2026-02-23,Patna,BR,Central,6.8,3.7,SameDay,COD,New,EcomExpress,Medium,Clear,5,8.5,3.5,No,Delivered,3
ORD003545,2026-02-22,Mumbai,MH,South,3.9,0.49,Standard,COD,Returning,XpressBees,High,Rain,43,48.3,5.3,No,Reattempted,4
ORD003546,2026-01-30,Nagpur,MH,South,8.3,4.68,Standard,Prepaid,VIP,AmazonLogistics,High,Rain,31,33.5,2.5,No,NDR_Pending,3
ORD003547,2025-12-18,Jaipur,RJ,South,8.6,1.94,Standard,Prepaid,Returning,Ekart,Medium,Clear,16,19.3,3.3,No,Delivered,4
ORD003548,2026-02-17,Chandigarh,CH,North,8.9,5.34,Express,Prepaid,Returning,Shadowfax,Medium,Clear,15,17.2,2.2,No,Delivered,5
ORD003549,2026-02-21,Kolkata,WB,North,5.0,0.61,Standard,COD,New,BlueDart,Severe,Clear,26,30.8,4.8,No,Delivered,4
ORD003550,2026-02-18,Nagpur,MH,South,9.9,1.39,Standard,COD,Returning,EcomExpress,High,Clear,27,28.0,1.0,No,RTO,2
ORD003551,2026-02-15,Jaipur,RJ,South,5.9,1.22,Standard,Prepaid,Returning,Delhivery,High,Clear,44,47.9,3.9,No,Delivered,4
ORD003552,2025-12-16,Surat,GJ,South,12.4,1.88,Standard,Prepaid,Returning,BlueDart,Medium,Clear,16,18.1,2.1,No,Delivered,4
ORD003553,2026-02-28,Gurgaon,HR,East,14.3,1.46,Express,COD,Returning,AmazonLogistics,Severe,Rain,18,24.9,6.9,No,Delivered,4
ORD003554,2026-01-10,Coimbatore,TN,North,4.2,1.37,Standard,Prepaid,Returning,BlueDart,High,Rain,41,44.3,3.3,No,Delivered,4
ORD003555,2026-02-15,Jaipur,RJ,North,7.7,1.76,Standard,Prepaid,Returning,EcomExpress,Medium,Clear,45,47.3,2.3,No,Delivered,4
ORD003556,2026-01-26,Jaipur,RJ,North,11.4,1.04,Standard,Prepaid,New,DTDC,Severe,Clear,25,31.4,6.4,No,Delivered,4
ORD003557,2026-01-06,Coimbatore,TN,North,8.6,0.81,Express,Prepaid,Returning,EcomExpress,Severe,Fog,13,20.0,7.0,No,Delivered,4
ORD003558,2026-02-17,Kolkata,WB,West,2.1,1.45,Standard,COD,New,EcomExpress,High,Clear,43,47.1,4.1,No,Reattempted,4
ORD003559,2026-01-02,Bangalore,KA,East,11.0,0.81,Express,Prepaid,Returning,Ekart,High,Rain,8,12.3,4.3,No,Delivered,5
ORD003560,2026-01-01,Lucknow,UP,East,5.1,1.02,Standard,COD,New,Delhivery,Medium,Clear,45,46.6,1.6,No,Delivered,5
ORD003561,2025-12-23,Pune,MH,West,8.3,0.47,Standard,COD,Returning,BlueDart,Medium,Heatwave,38,41.9,3.9,No,Delivered,4
ORD003562,2026-03-02,Bangalore,KA,South,3.5,1.14,Standard,Prepaid,VIP,XpressBees,Medium,Clear,26,27.3,1.3,No,Delivered,4
ORD003563,2025-12-18,Jaipur,RJ,North,10.7,0.63,Standard,COD,VIP,EcomExpress,High,Clear,27,33.6,6.6,No,Delivered,4
ORD003564,2025-12-08,Patna,BR,South,5.8,1.08,Standard,Prepaid,Returning,EcomExpress,Medium,Clear,37,39.3,2.3,No,Delivered,4
ORD003565,2025-12-09,Patna,BR,South,11.1,0.58,Standard,Prepaid,New,EcomExpress,Medium,Clear,43,44.2,1.2,No,Delivered,4
ORD003566,2026-01-26,Chennai,TN,East,6.6,1.09,Standard,Prepaid,Returning,BlueDart,Severe,Rain,15,19.3,4.3,No,Delivered,3
ORD003567,2025-12-14,Jaipur,RJ,South,5.6,1.9,Standard,COD,Returning,Ekart,Low,Clear,13,15.6,2.6,No,Delivered,4
ORD003568,2026-02-02,Bangalore,KA,North,9.1,0.77,Express,COD,New,BlueDart,High,Clear,16,19.0,3.0,No,RTO,2
ORD003569,2026-01-03,Patna,BR,South,3.2,0.63,Standard,Prepaid,VIP,BlueDart,Medium,Clear,26,28.1,2.1,No,Delivered,5
ORD003570,2026-01-26,Hyderabad,TG,North,14.7,1.77,Express,Prepaid,New,BlueDart,Low,Rain,18,20.8,2.8,No,Delivered,4
ORD003571,2026-03-02,Patna,BR,East,8.2,1.91,Express,COD,Returning,Ekart,Low,Heatwave,10,13.1,3.1,No,Reattempted,3
ORD003572,2025-12-10,Bhopal,MP,North,5.2,1.43,Express,Prepaid,Returning,Delhivery,Medium,Clear,16,17.3,1.3,No,Delivered,5
ORD003573,2026-01-21,Kochi,KL,North,5.9,0.84,Standard,Prepaid,Returning,AmazonLogistics,Medium,Fog,34,37.6,3.6,No,Delivered,5
ORD003574,2026-01-15,Kolkata,WB,North,7.6,0.76,Standard,Prepaid,Returning,EcomExpress,Medium,Rain,44,48.8,4.8,No,Delivered,4
ORD003575,2025-12-06,Noida,UP,East,11.5,0.91,Express,Prepaid,New,Ekart,High,Clear,18,22.0,4.0,No,Delivered,4
ORD003576,2025-12-22,Kochi,KL,South,3.9,1.07,Standard,Prepaid,Returning,EcomExpress,Medium,Clear,26,28.5,2.5,No,Delivered,4
ORD003577,2026-01-28,Nagpur,MH,West,6.0,0.39,Standard,Prepaid,Returning,Delhivery,Low,Clear,39,38.0,-1.0,Yes,Delivered,5
ORD003578,2026-01-23,Chandigarh,CH,South,7.3,0.61,Standard,COD,Returning,Shadowfax,Medium,Clear,42,45.0,3.0,No,Delivered,5
ORD003579,2026-02-04,Chandigarh,CH,North,13.7,2.34,Standard,Prepaid,New,EcomExpress,Low,Rain,30,33.9,3.9,No,Delivered,4
ORD003580,2026-01-07,Pune,MH,East,11.5,1.25,Standard,Prepaid,Returning,AmazonLogistics,Low,Clear,28,28.7,0.7,No,Delivered,4
ORD003581,2025-12-09,Chandigarh,CH,North,13.9,2.31,Standard,COD,Returning,XpressBees,Medium,Clear,43,43.8,0.8,No,Delivered,5
ORD003582,2026-02-18,Patna,BR,North,7.6,2.03,Express,Prepaid,New,DTDC,High,Rain,15,18.5,3.5,No,Delivered,4
ORD003583,2025-12-23,Hyderabad,TG,West,13.2,0.92,Standard,COD,Returning,EcomExpress,High,Clear,41,46.1,5.1,No,Delivered,4
ORD003584,2025-12-10,Kolkata,WB,North,12.6,0.92,Standard,Prepaid,Returning,DTDC,High,Fog,38,45.0,7.0,No,Delivered,4
ORD003585,2025-12-24,Patna,BR,North,10.3,1.97,SameDay,Prepaid,Returning,EcomExpress,High,Rain,9,15.2,6.2,No,Delivered,4
ORD003586,2026-01-12,Hyderabad,TG,East,10.6,1.74,Standard,Prepaid,New,Ekart,Medium,Clear,37,39.5,2.5,No,Delivered,4
ORD003587,2025-12-27,Lucknow,UP,South,5.1,2.0,Standard,Prepaid,New,DTDC,Medium,Clear,31,31.6,0.6,No,Delivered,4
ORD003588,2026-02-21,Kochi,KL,North,14.8,1.1,Standard,Prepaid,Returning,XpressBees,Low,Clear,17,18.1,1.1,No,Delivered,4
ORD003589,2026-01-27,Kochi,KL,South,6.5,1.2,Standard,Prepaid,New,AmazonLogistics,High,Storm,46,49.6,3.6,No,Delivered,4
ORD003590,2026-02-02,Gurgaon,HR,West,9.7,0.95,Standard,Prepaid,New,XpressBees,Medium,Clear,39,41.7,2.7,No,Delivered,5
ORD003591,2025-12-10,Delhi,DL,North,10.2,1.07,Standard,Prepaid,Returning,XpressBees,Medium,Heatwave,25,30.7,5.7,No,Delivered,4
ORD003592,2025-12-21,Chennai,TN,North,2.0,0.73,Express,COD,New,EcomExpress,Severe,Storm,10,18.4,8.4,No,Delivered,3
ORD003593,2026-01-25,Noida,UP,West,7.3,1.06,Express,Prepaid,Returning,DTDC,Low,Clear,17,17.6,0.6,No,Delivered,5
ORD003594,2026-02-16,Indore,MP,West,8.3,1.0,Standard,COD,VIP,BlueDart,Low,Rain,38,41.3,3.3,No,Delivered,4
ORD003595,2026-02-25,Hyderabad,TG,Central,7.0,0.84,Express,COD,Returning,Delhivery,Severe,Clear,12,17.4,5.4,No,Delivered,4
ORD003596,2026-01-04,Chennai,TN,South,7.3,1.78,Standard,COD,New,AmazonLogistics,Medium,Clear,44,43.8,-0.2,Yes,Delivered,4
ORD003597,2026-02-24,Kolkata,WB,North,13.5,0.47,Express,Prepaid,New,Delhivery,Medium,Heatwave,8,11.9,3.9,No,Delivered,4
ORD003598,2026-01-21,Indore,MP,South,4.2,1.35,Standard,COD,Returning,DTDC,Low,Clear,37,38.6,1.6,No,Delivered,4
ORD003599,2026-02-07,Chennai,TN,West,2.4,0.64,Standard,Prepaid,Returning,Delhivery,Medium,Heatwave,24,26.0,2.0,No,Delivered,4
ORD003600,2026-01-27,Nagpur,MH,North,5.2,0.66,Standard,Prepaid,Returning,BlueDart,Severe,Rain,32,40.4,8.4,No,NDR_Pending,2
ORD003601,2026-03-04,Jaipur,RJ,West,10.5,0.7,Standard,COD,Returning,AmazonLogistics,High,Clear,25,28.6,3.6,No,Delivered,4
ORD003602,2025-12-15,Nagpur,MH,North,10.9,1.47,Express,Prepaid,Returning,Delhivery,Medium,Clear,14,18.6,4.6,No,Delivered,4
ORD003603,2026-01-24,Bangalore,KA,East,9.9,0.29,Standard,Prepaid,Returning,DTDC,Medium,Clear,20,21.6,1.6,No,Delivered,5
ORD003604,2026-02-03,Nagpur,MH,East,11.1,1.22,Standard,Prepaid,Returning,XpressBees,Medium,Clear,39,39.9,0.9,No,Delivered,4
ORD003605,2026-01-22,Gurgaon,HR,South,8.5,1.14,Standard,COD,New,AmazonLogistics,High,Rain,14,18.3,4.3,No,RTO,2
ORD003606,2026-02-05,Delhi,DL,Central,5.4,0.62,Express,Prepaid,Returning,Delhivery,Medium,Clear,9,12.2,3.2,No,Delivered,5
ORD003607,2025-12-05,Kolkata,WB,Central,3.7,1.23,Standard,COD,New,AmazonLogistics,Low,Storm,29,32.3,3.3,No,Delivered,4
ORD003608,2026-01-31,Kochi,KL,North,2.5,0.53,Standard,Prepaid,Returning,Shadowfax,High,Clear,45,46.0,1.0,No,Delivered,4
ORD003609,2026-01-28,Nagpur,MH,South,6.6,1.08,Standard,Prepaid,Returning,BlueDart,High,Clear,28,31.2,3.2,No,Delivered,4
ORD003610,2026-02-04,Kochi,KL,West,10.7,0.52,Standard,Prepaid,Returning,BlueDart,Severe,Clear,19,23.5,4.5,No,Delivered,3
ORD003611,2026-01-28,Indore,MP,North,8.4,3.78,Standard,COD,New,BlueDart,High,Clear,38,42.3,4.3,No,Delivered,4
ORD003612,2025-12-26,Kochi,KL,South,7.6,1.85,Express,Prepaid,VIP,Shadowfax,Medium,Clear,12,13.1,1.1,No,Delivered,4
ORD003613,2026-02-20,Nagpur,MH,North,3.3,1.28,SameDay,COD,Returning,Delhivery,High,Clear,4,6.4,2.4,No,Delivered,4
ORD003614,2025-12-25,Pune,MH,Central,17.8,0.62,Express,Prepaid,Returning,BlueDart,Severe,Rain,15,24.6,9.6,No,Delivered,3
ORD003615,2026-02-12,Patna,BR,South,4.2,0.94,Standard,COD,Returning,XpressBees,Low,Clear,29,29.6,0.6,No,Delivered,4
ORD003616,2025-12-27,Jaipur,RJ,West,8.0,0.96,Standard,Prepaid,Returning,Shadowfax,Medium,Clear,39,40.0,1.0,No,Delivered,5
ORD003617,2026-02-06,Pune,MH,South,11.5,1.28,Express,Prepaid,Returning,Delhivery,Medium,Clear,18,21.1,3.1,No,Delivered,3
ORD003618,2025-12-28,Jaipur,RJ,North,7.7,1.4,Standard,Prepaid,New,BlueDart,Severe,Clear,30,31.2,1.2,No,Delivered,4
ORD003619,2026-02-19,Jaipur,RJ,East,4.3,1.26,Express,Prepaid,Returning,Shadowfax,Severe,Clear,14,19.4,5.4,No,Delivered,4
ORD003620,2026-01-06,Pune,MH,North,10.7,1.36,Standard,Prepaid,VIP,DTDC,High,Rain,39,47.1,8.1,No,Delivered,4
ORD003621,2026-01-11,Noida,UP,North,2.1,1.0,Express,Prepaid,Returning,Ekart,Medium,Clear,16,18.5,2.5,No,Delivered,4
ORD003622,2025-12-27,Hyderabad,TG,South,14.5,1.36,Standard,COD,Returning,XpressBees,Severe,Clear,19,24.5,5.5,No,Delivered,4
ORD003623,2026-01-03,Kolkata,WB,West,8.6,0.75,SameDay,Prepaid,Returning,DTDC,Low,Clear,5,5.8,0.8,No,Delivered,4
ORD003624,2026-03-03,Jaipur,RJ,South,6.5,0.58,Standard,Prepaid,New,Delhivery,Medium,Clear,35,37.0,2.0,No,Delivered,5
ORD003625,2026-02-27,Bhopal,MP,North,1.8,3.35,Express,Prepaid,Returning,Ekart,High,Heatwave,14,18.0,4.0,No,Reattempted,3
ORD003626,2025-12-12,Coimbatore,TN,South,2.9,1.42,Standard,Prepaid,Returning,EcomExpress,High,Fog,17,24.1,7.1,No,Delivered,5
ORD003627,2026-01-30,Patna,BR,North,7.3,3.27,Standard,Prepaid,New,BlueDart,Severe,Rain,48,56.2,8.2,No,Delivered,4
ORD003628,2026-02-20,Hyderabad,TG,North,15.1,0.94,Standard,COD,Returning,EcomExpress,Medium,Clear,26,29.4,3.4,No,Delivered,5
ORD003629,2026-01-27,Bhopal,MP,South,8.4,4.69,Standard,Prepaid,Returning,Delhivery,Medium,Clear,27,28.5,1.5,No,Delivered,4
ORD003630,2026-01-06,Bhopal,MP,North,8.9,1.16,Standard,Prepaid,Returning,AmazonLogistics,Medium,Clear,32,32.6,0.6,No,Delivered,4
ORD003631,2026-02-15,Lucknow,UP,South,9.0,2.2,Standard,Prepaid,New,EcomExpress,Low,Fog,14,18.5,4.5,No,Delivered,4
ORD003632,2026-01-29,Surat,GJ,West,17.0,1.13,SameDay,Prepaid,Returning,EcomExpress,High,Clear,6,12.0,6.0,No,Delivered,4
ORD003633,2025-12-22,Mumbai,MH,West,5.7,1.22,Express,Prepaid,Returning,EcomExpress,Medium,Clear,18,20.0,2.0,No,Delivered,4
ORD003634,2026-01-02,Patna,BR,North,13.8,1.03,Express,COD,Returning,Ekart,Medium,Rain,16,21.3,5.3,No,Delivered,4
ORD003635,2025-12-11,Noida,UP,South,5.9,0.82,Standard,Prepaid,Returning,AmazonLogistics,Medium,Rain,31,36.5,5.5,No,Delivered,3
ORD003636,2026-02-25,Lucknow,UP,North,4.7,1.99,Standard,Prepaid,Returning,Ekart,High,Clear,39,43.0,4.0,No,Delivered,4
ORD003637,2025-12-22,Surat,GJ,Central,7.2,1.1,Standard,Prepaid,Returning,AmazonLogistics,High,Clear,42,42.2,0.2,No,Delivered,5
ORD003638,2025-12-11,Lucknow,UP,North,7.2,1.82,Standard,COD,New,Ekart,Medium,Heatwave,19,22.4,3.4,No,Delivered,4
ORD003639,2026-02-27,Pune,MH,North,9.7,1.9,Standard,Prepaid,Returning,Shadowfax,Low,Clear,42,43.7,1.7,No,Delivered,4
ORD003640,2025-12-29,Nagpur,MH,South,0.5,2.58,Express,Prepaid,New,Delhivery,Severe,Storm,17,24.3,7.3,No,NDR_Pending,3
ORD003641,2026-02-01,Coimbatore,TN,North,8.1,1.42,Standard,Prepaid,Returning,EcomExpress,Medium,Clear,45,48.7,3.7,No,Delivered,4
ORD003642,2026-03-02,Gurgaon,HR,North,5.1,0.45,Standard,Prepaid,Returning,EcomExpress,Medium,Heatwave,26,28.2,2.2,No,Delivered,4
ORD003643,2025-12-16,Gurgaon,HR,North,4.6,0.91,Standard,Prepaid,Returning,DTDC,Medium,Heatwave,32,33.6,1.6,No,Delivered,4
ORD003644,2026-01-06,Lucknow,UP,West,2.3,1.09,Standard,Prepaid,Returning,Delhivery,Severe,Clear,19,22.5,3.5,No,Delivered,5
ORD003645,2025-12-24,Noida,UP,West,6.0,1.11,Standard,Prepaid,New,Delhivery,High,Rain,26,31.9,5.9,No,Delivered,3
ORD003646,2025-12-27,Surat,GJ,West,5.4,2.44,Standard,Prepaid,Returning,DTDC,Medium,Clear,43,43.4,0.4,No,Delivered,4
ORD003647,2026-02-24,Nagpur,MH,East,5.8,2.19,Standard,COD,Returning,Delhivery,Low,Clear,41,42.0,1.0,No,Delivered,4
ORD003648,2026-01-01,Nagpur,MH,South,0.9,1.01,Standard,Prepaid,Returning,Delhivery,Medium,Clear,47,49.2,2.2,No,Delivered,3
ORD003649,2025-12-26,Noida,UP,East,7.9,4.75,Express,Prepaid,Returning,Delhivery,Medium,Rain,7,9.3,2.3,No,Delivered,4
ORD003650,2025-12-15,Coimbatore,TN,West,4.3,0.9,SameDay,Prepaid,New,DTDC,Low,Clear,5,4.9,-0.1,Yes,Delivered,4
ORD003651,2026-02-11,Delhi,DL,East,1.0,0.94,Standard,Prepaid,New,Delhivery,Medium,Clear,23,22.2,-0.8,Yes,Delivered,5
ORD003652,2026-01-04,Pune,MH,West,5.3,0.57,Standard,Prepaid,Returning,Delhivery,Low,Storm,18,21.4,3.4,No,Delivered,5
ORD003653,2025-12-11,Jaipur,RJ,South,4.4,0.43,Standard,Prepaid,Returning,EcomExpress,Medium,Fog,30,33.3,3.3,No,Delivered,4
ORD003654,2026-01-02,Surat,GJ,South,7.7,0.54,Express,Prepaid,New,AmazonLogistics,Medium,Clear,18,19.1,1.1,No,Delivered,5
ORD003655,2026-02-22,Kochi,KL,South,5.3,2.03,Standard,Prepaid,Returning,EcomExpress,Medium,Clear,42,42.8,0.8,No,Delivered,4
ORD003656,2025-12-30,Lucknow,UP,North,1.7,1.72,Standard,Prepaid,New,Delhivery,High,Clear,48,50.3,2.3,No,Delivered,4
ORD003657,2026-02-16,Surat,GJ,South,3.9,0.65,Standard,Prepaid,New,Ekart,Medium,Clear,24,26.8,2.8,No,Delivered,5
ORD003658,2025-12-12,Gurgaon,HR,North,0.6,1.17,SameDay,Prepaid,VIP,AmazonLogistics,Severe,Heatwave,5,9.7,4.7,No,Delivered,4
ORD003659,2026-01-04,Kolkata,WB,North,12.0,1.79,Standard,Prepaid,Returning,EcomExpress,Severe,Storm,35,46.8,11.8,No,Delivered,3
ORD003660,2026-01-28,Lucknow,UP,Central,12.7,0.33,Standard,Prepaid,New,EcomExpress,Severe,Clear,43,48.0,5.0,No,Delivered,4
ORD003661,2025-12-05,Indore,MP,West,13.2,3.2,Standard,Prepaid,Returning,EcomExpress,Medium,Clear,47,49.3,2.3,No,Delivered,4
ORD003662,2026-02-05,Lucknow,UP,West,5.1,2.08,Standard,Prepaid,VIP,DTDC,Medium,Clear,18,20.2,2.2,No,Delivered,4
ORD003663,2026-03-05,Noida,UP,South,12.7,1.8,Standard,COD,Returning,EcomExpress,High,Clear,26,30.2,4.2,No,Reattempted,4
ORD003664,2026-02-06,Noida,UP,West,9.1,2.27,Express,Prepaid,Returning,Ekart,Low,Clear,11,12.5,1.5,No,Delivered,5
ORD003665,2026-02-17,Surat,GJ,East,4.2,0.32,Express,Prepaid,VIP,AmazonLogistics,Low,Clear,15,12.8,-2.2,Yes,Delivered,4
ORD003666,2025-12-19,Lucknow,UP,West,5.0,0.97,SameDay,COD,New,XpressBees,Low,Clear,4,5.3,1.3,No,Reattempted,4
ORD003667,2026-01-19,Indore,MP,West,6.8,2.35,SameDay,Prepaid,Returning,Delhivery,High,Clear,5,9.4,4.4,No,Delivered,4
ORD003668,2026-02-01,Bangalore,KA,South,7.9,1.1,Standard,Prepaid,Returning,Ekart,High,Fog,37,45.0,8.0,No,Delivered,4
ORD003669,2026-01-14,Jaipur,RJ,South,9.0,1.73,Express,COD,New,DTDC,Medium,Rain,8,14.7,6.7,No,RTO,3
ORD003670,2026-02-23,Hyderabad,TG,West,7.5,2.64,Express,Prepaid,New,AmazonLogistics,Severe,Clear,17,21.5,4.5,No,Delivered,3
ORD003671,2026-02-13,Delhi,DL,Central,6.1,1.69,Standard,Prepaid,New,Delhivery,High,Clear,38,41.8,3.8,No,Delivered,5
ORD003672,2026-03-04,Pune,MH,South,12.9,0.95,Express,Prepaid,Returning,DTDC,Low,Fog,15,19.8,4.8,No,RTO,4
ORD003673,2026-02-09,Indore,MP,South,7.0,1.56,SameDay,Prepaid,Returning,AmazonLogistics,Medium,Clear,6,6.6,0.6,No,Delivered,5
ORD003674,2026-02-24,Mumbai,MH,South,6.8,0.41,Express,Prepaid,New,Ekart,Low,Heatwave,13,13.8,0.8,No,Delivered,4
ORD003675,2026-02-14,Nagpur,MH,South,6.6,1.48,Express,COD,Returning,XpressBees,Severe,Clear,20,26.0,6.0,No,Delivered,4
ORD003676,2025-12-17,Jaipur,RJ,Central,7.0,1.73,Standard,Prepaid,Returning,Shadowfax,High,Heatwave,16,19.9,3.9,No,NDR_Pending,4
ORD003677,2026-02-22,Ahmedabad,GJ,West,2.1,1.21,Express,Prepaid,New,BlueDart,High,Clear,15,18.3,3.3,No,Delivered,4
ORD003678,2026-03-01,Patna,BR,South,3.5,2.22,Standard,COD,Returning,DTDC,High,Rain,32,34.8,2.8,No,Delivered,4
ORD003679,2026-02-01,Surat,GJ,South,17.3,1.31,Express,COD,New,Ekart,Medium,Clear,16,19.7,3.7,No,Delivered,4
ORD003680,2026-01-03,Coimbatore,TN,South,0.9,1.21,Express,Prepaid,New,XpressBees,Severe,Rain,13,20.7,7.7,No,Delivered,4
ORD003681,2026-01-12,Coimbatore,TN,North,8.6,3.32,Standard,Prepaid,Returning,EcomExpress,Severe,Clear,50,56.0,6.0,No,Delivered,3
ORD003682,2025-12-07,Mumbai,MH,South,8.9,0.62,Standard,Prepaid,VIP,Delhivery,High,Clear,29,31.4,2.4,No,Delivered,4
ORD003683,2025-12-05,Hyderabad,TG,East,11.6,2.55,Express,COD,New,XpressBees,Medium,Rain,17,20.6,3.6,No,Delivered,3
ORD003684,2026-01-07,Indore,MP,West,9.0,2.43,Standard,COD,New,AmazonLogistics,Low,Clear,37,38.3,1.3,No,Delivered,5
ORD003685,2026-01-02,Noida,UP,North,15.1,1.84,Standard,COD,Returning,Delhivery,Low,Clear,16,19.7,3.7,No,Delivered,4
ORD003686,2026-01-01,Bangalore,KA,West,8.5,0.87,Standard,Prepaid,Returning,BlueDart,Low,Clear,28,29.5,1.5,No,Delivered,4
ORD003687,2025-12-25,Delhi,DL,West,12.9,1.36,Standard,Prepaid,VIP,Ekart,High,Rain,18,24.1,6.1,No,Delivered,4
ORD003688,2026-02-04,Gurgaon,HR,North,11.7,0.68,Standard,Prepaid,Returning,Shadowfax,High,Fog,44,50.8,6.8,No,NDR_Pending,4
ORD003689,2026-01-08,Noida,UP,West,13.7,0.79,Standard,Prepaid,Returning,EcomExpress,Severe,Clear,28,34.2,6.2,No,Delivered,4
ORD003690,2026-03-04,Bangalore,KA,West,7.6,1.2,Express,Prepaid,Returning,BlueDart,Low,Rain,13,16.3,3.3,No,Delivered,4
ORD003691,2026-02-24,Jaipur,RJ,East,9.1,0.65,Standard,Prepaid,New,BlueDart,Medium,Heatwave,15,18.7,3.7,No,Delivered,3
ORD003692,2026-02-09,Nagpur,MH,North,6.0,0.96,Express,Prepaid,Returning,Delhivery,Low,Rain,11,13.3,2.3,No,Delivered,4
ORD003693,2026-02-18,Bangalore,KA,North,8.1,0.57,Standard,Prepaid,New,DTDC,Severe,Clear,43,47.3,4.3,No,NDR_Pending,3
ORD003694,2026-02-04,Kolkata,WB,South,8.4,1.64,Standard,COD,Returning,XpressBees,High,Clear,46,51.2,5.2,No,Delivered,3
ORD003695,2025-12-24,Ahmedabad,GJ,North,0.5,2.95,Express,Prepaid,New,XpressBees,Medium,Clear,10,10.7,0.7,No,Delivered,4
ORD003696,2025-12-20,Nagpur,MH,South,6.9,4.13,Standard,COD,New,XpressBees,Medium,Clear,30,30.4,0.4,No,Delivered,5
ORD003697,2026-01-19,Kolkata,WB,East,11.1,0.59,SameDay,Prepaid,VIP,Delhivery,Medium,Clear,5,9.2,4.2,No,Delivered,5
ORD003698,2026-02-08,Jaipur,RJ,North,2.1,0.66,Standard,Prepaid,VIP,Delhivery,Medium,Rain,28,31.5,3.5,No,Delivered,3
ORD003699,2026-01-22,Chennai,TN,South,3.6,1.07,Express,Prepaid,Returning,Delhivery,Medium,Rain,12,15.6,3.6,No,Delivered,4
ORD003700,2025-12-29,Patna,BR,Central,12.1,1.81,Standard,Prepaid,Returning,Delhivery,Medium,Rain,38,42.2,4.2,No,Delivered,4
ORD003701,2025-12-11,Bangalore,KA,South,12.9,1.05,Express,COD,VIP,DTDC,Medium,Clear,7,11.6,4.6,No,Delivered,3
ORD003702,2025-12-30,Hyderabad,TG,South,5.0,2.11,Standard,Prepaid,New,Delhivery,Medium,Clear,46,46.2,0.2,No,NDR_Pending,4
ORD003703,2026-02-24,Hyderabad,TG,West,8.2,1.63,Express,COD,Returning,DTDC,Medium,Rain,14,18.8,4.8,No,Delivered,4
ORD003704,2026-01-13,Gurgaon,HR,North,7.2,0.41,Standard,COD,New,Delhivery,High,Clear,15,19.3,4.3,No,Delivered,4
ORD003705,2026-02-25,Gurgaon,HR,North,12.2,1.22,Express,Prepaid,Returning,Delhivery,Medium,Heatwave,13,17.1,4.1,No,Delivered,4
ORD003706,2026-02-24,Surat,GJ,West,5.4,0.56,Standard,Prepaid,New,Delhivery,Medium,Clear,19,18.7,-0.3,Yes,NDR_Pending,4
ORD003707,2025-12-18,Bangalore,KA,South,6.0,0.84,Standard,Prepaid,Returning,Shadowfax,Severe,Clear,45,50.5,5.5,No,Delivered,4
ORD003708,2025-12-24,Patna,BR,South,12.9,0.92,Express,Prepaid,New,XpressBees,Medium,Rain,17,21.2,4.2,No,Delivered,4
ORD003709,2026-01-22,Lucknow,UP,North,3.5,1.85,Standard,Prepaid,Returning,AmazonLogistics,High,Rain,21,24.3,3.3,No,Delivered,4
ORD003710,2026-02-24,Bhopal,MP,East,5.5,1.16,Express,Prepaid,Returning,Delhivery,Low,Clear,12,11.1,-0.9,Yes,Delivered,4
ORD003711,2025-12-28,Ahmedabad,GJ,North,8.0,0.89,Express,COD,New,XpressBees,High,Rain,15,23.8,8.8,No,RTO,3
ORD003712,2026-01-19,Noida,UP,West,13.6,4.16,Standard,Prepaid,VIP,AmazonLogistics,Medium,Clear,43,44.9,1.9,No,Delivered,5
ORD003713,2026-01-11,Bhopal,MP,South,2.7,0.69,Express,COD,New,EcomExpress,Medium,Clear,8,10.4,2.4,No,Delivered,4
ORD003714,2025-12-11,Hyderabad,TG,West,4.7,1.41,Standard,Prepaid,Returning,Delhivery,Low,Clear,24,23.6,-0.4,Yes,Delivered,4
ORD003715,2026-01-22,Coimbatore,TN,North,9.9,1.76,Standard,Prepaid,Returning,Delhivery,High,Rain,16,19.7,3.7,No,Delivered,3
ORD003716,2026-02-04,Chennai,TN,North,10.5,1.31,Standard,COD,New,Delhivery,High,Rain,49,56.2,7.2,No,Delivered,3
ORD003717,2026-02-01,Kolkata,WB,South,8.3,0.69,Standard,Prepaid,Returning,Ekart,High,Clear,45,47.0,2.0,No,Delivered,5
ORD003718,2026-02-04,Chennai,TN,West,7.0,0.67,Express,Prepaid,Returning,BlueDart,Medium,Rain,16,20.8,4.8,No,Delivered,4
ORD003719,2026-02-16,Kochi,KL,North,8.0,1.71,SameDay,COD,Returning,Shadowfax,High,Rain,5,13.0,8.0,No,Delivered,4
ORD003720,2026-03-02,Chennai,TN,South,1.5,2.21,SameDay,COD,Returning,AmazonLogistics,Medium,Clear,5,5.3,0.3,No,Delivered,4
ORD003721,2026-03-02,Nagpur,MH,South,7.9,1.14,Express,Prepaid,Returning,BlueDart,Medium,Clear,9,10.0,1.0,No,NDR_Pending,4
ORD003722,2026-01-03,Indore,MP,North,13.4,0.54,Standard,COD,New,XpressBees,Medium,Clear,41,41.5,0.5,No,Delivered,4
ORD003723,2025-12-17,Patna,BR,West,2.2,1.19,Standard,Prepaid,New,Delhivery,Medium,Clear,29,28.3,-0.7,Yes,Delivered,5
ORD003724,2025-12-13,Noida,UP,North,4.4,2.93,Standard,Prepaid,VIP,Shadowfax,High,Heatwave,48,52.5,4.5,No,Delivered,4
ORD003725,2026-02-14,Mumbai,MH,South,5.9,0.65,Express,Prepaid,Returning,Delhivery,Medium,Rain,7,12.1,5.1,No,Delivered,4
ORD003726,2026-01-14,Noida,UP,North,6.2,0.98,Standard,Prepaid,New,EcomExpress,Medium,Clear,18,19.0,1.0,No,Delivered,5
ORD003727,2026-01-18,Delhi,DL,South,14.9,1.22,SameDay,Prepaid,New,EcomExpress,Severe,Clear,7,12.3,5.3,No,Delivered,4
ORD003728,2025-12-30,Surat,GJ,South,3.8,2.27,Standard,Prepaid,Returning,DTDC,Severe,Clear,26,29.0,3.0,No,Delivered,4
ORD003729,2025-12-28,Kolkata,WB,South,3.0,0.86,Standard,Prepaid,Returning,DTDC,Medium,Clear,21,21.4,0.4,No,Delivered,4
ORD003730,2026-01-23,Nagpur,MH,South,10.6,1.58,Express,COD,New,AmazonLogistics,Severe,Clear,18,24.9,6.9,No,Delivered,3
ORD003731,2025-12-27,Coimbatore,TN,East,4.9,2.72,Standard,COD,Returning,Delhivery,Low,Clear,26,27.9,1.9,No,Delivered,4
ORD003732,2026-01-25,Chandigarh,CH,South,10.7,0.49,Standard,COD,VIP,Ekart,High,Clear,43,45.3,2.3,No,Delivered,4
ORD003733,2026-02-11,Jaipur,RJ,East,6.7,0.54,Standard,Prepaid,Returning,Delhivery,Medium,Clear,25,27.6,2.6,No,Delivered,4
ORD003734,2026-01-05,Gurgaon,HR,North,9.3,1.12,SameDay,COD,Returning,AmazonLogistics,Medium,Clear,6,11.0,5.0,No,NDR_Pending,4
ORD003735,2026-01-25,Kolkata,WB,South,1.2,2.13,Standard,Prepaid,Returning,AmazonLogistics,Severe,Clear,29,32.1,3.1,No,Delivered,4
ORD003736,2026-03-01,Hyderabad,TG,North,9.3,1.44,Standard,Prepaid,New,XpressBees,Low,Clear,31,31.9,0.9,No,Delivered,3
ORD003737,2026-02-13,Ahmedabad,GJ,South,8.4,2.24,Standard,Prepaid,Returning,BlueDart,High,Clear,43,46.7,3.7,No,Delivered,4
ORD003738,2025-12-20,Surat,GJ,West,6.5,0.43,Standard,Prepaid,Returning,AmazonLogistics,Medium,Clear,19,21.4,2.4,No,Delivered,4
ORD003739,2026-01-03,Kochi,KL,East,2.6,1.45,Standard,Prepaid,New,DTDC,Low,Clear,23,24.9,1.9,No,Delivered,4
ORD003740,2025-12-24,Bhopal,MP,West,8.4,0.21,Standard,Prepaid,Returning,Delhivery,Severe,Storm,40,48.3,8.3,No,Delivered,4
ORD003741,2026-01-22,Hyderabad,TG,West,10.4,2.62,Standard,COD,Returning,AmazonLogistics,Medium,Clear,28,29.8,1.8,No,Delivered,3
ORD003742,2026-01-09,Kolkata,WB,North,5.4,2.41,SameDay,Prepaid,Returning,Delhivery,Severe,Clear,7,9.7,2.7,No,Delivered,4
ORD003743,2025-12-30,Gurgaon,HR,North,5.5,0.97,Express,Prepaid,New,Shadowfax,High,Clear,12,13.6,1.6,No,Delivered,5
ORD003744,2026-01-23,Jaipur,RJ,East,10.7,0.3,Express,Prepaid,Returning,XpressBees,Low,Clear,7,9.3,2.3,No,Delivered,4
ORD003745,2026-01-25,Hyderabad,TG,North,14.3,1.04,Standard,Prepaid,Returning,AmazonLogistics,Medium,Clear,44,45.5,1.5,No,Delivered,4
ORD003746,2026-01-22,Noida,UP,North,11.3,2.31,Standard,COD,Returning,Shadowfax,Medium,Rain,37,42.1,5.1,No,Delivered,4
ORD003747,2026-01-11,Jaipur,RJ,Central,8.4,1.51,Standard,Prepaid,VIP,EcomExpress,Medium,Storm,17,22.5,5.5,No,Delivered,5
ORD003748,2026-02-07,Noida,UP,Central,6.5,3.58,Standard,Prepaid,New,Shadowfax,Low,Clear,18,19.1,1.1,No,Delivered,5
ORD003749,2025-12-26,Gurgaon,HR,West,7.4,0.99,Standard,Prepaid,Returning,EcomExpress,Medium,Clear,25,27.1,2.1,No,Delivered,4
ORD003750,2025-12-12,Gurgaon,HR,South,2.2,3.99,Standard,Prepaid,Returning,Shadowfax,High,Rain,47,52.4,5.4,No,Delivered,5
ORD003751,2025-12-10,Indore,MP,East,6.9,0.35,Standard,Prepaid,VIP,Shadowfax,Low,Clear,23,25.1,2.1,No,Delivered,5
ORD003752,2026-02-28,Patna,BR,North,12.0,0.75,Standard,Prepaid,Returning,AmazonLogistics,High,Clear,45,48.3,3.3,No,Delivered,3
ORD003753,2025-12-29,Noida,UP,South,7.7,0.54,Standard,Prepaid,New,EcomExpress,Medium,Fog,30,34.1,4.1,No,Delivered,4
ORD003754,2025-12-10,Chennai,TN,South,5.0,1.84,Standard,Prepaid,New,EcomExpress,Low,Clear,20,21.0,1.0,No,Delivered,5
ORD003755,2025-12-17,Mumbai,MH,East,4.6,0.57,Express,COD,Returning,Shadowfax,Low,Clear,11,11.4,0.4,No,Delivered,4
ORD003756,2026-01-31,Kolkata,WB,East,7.4,2.16,Standard,Prepaid,New,Delhivery,Low,Clear,25,27.5,2.5,No,Delivered,5
ORD003757,2026-01-02,Nagpur,MH,West,2.6,1.78,Express,Prepaid,New,EcomExpress,High,Clear,12,14.3,2.3,No,Delivered,3
ORD003758,2026-01-21,Surat,GJ,North,3.9,1.31,Standard,COD,VIP,BlueDart,Low,Storm,33,37.2,4.2,No,Delivered,3
ORD003759,2026-02-12,Pune,MH,South,13.6,1.1,SameDay,Prepaid,Returning,Shadowfax,High,Clear,6,10.3,4.3,No,Delivered,5
ORD003760,2025-12-27,Indore,MP,North,3.4,0.63,Standard,Prepaid,New,EcomExpress,High,Clear,42,45.4,3.4,No,Delivered,4
ORD003761,2025-12-23,Bangalore,KA,East,4.3,1.69,Standard,Prepaid,Returning,XpressBees,Low,Clear,23,24.4,1.4,No,Delivered,4
ORD003762,2026-01-08,Surat,GJ,North,8.7,0.87,Express,Prepaid,New,AmazonLogistics,Severe,Clear,17,21.3,4.3,No,RTO,3
ORD003763,2026-01-13,Indore,MP,North,5.7,1.86,Standard,Prepaid,Returning,XpressBees,Severe,Clear,49,56.0,7.0,No,Delivered,3
ORD003764,2026-01-18,Nagpur,MH,West,7.9,2.89,Standard,Prepaid,New,EcomExpress,Low,Clear,28,29.5,1.5,No,Delivered,4
ORD003765,2026-02-22,Jaipur,RJ,South,11.0,0.98,Standard,Prepaid,Returning,Delhivery,Severe,Clear,32,37.2,5.2,No,Delivered,4
ORD003766,2025-12-09,Jaipur,RJ,East,1.3,2.59,SameDay,COD,New,Delhivery,Medium,Clear,4,8.0,4.0,No,Delivered,4
ORD003767,2026-02-17,Kochi,KL,North,10.5,1.32,Express,Prepaid,Returning,XpressBees,High,Rain,14,18.9,4.9,No,Delivered,4
ORD003768,2026-01-06,Coimbatore,TN,East,5.2,1.68,Standard,COD,Returning,DTDC,Low,Clear,18,22.0,4.0,No,Delivered,4
ORD003769,2026-02-22,Bhopal,MP,North,6.4,0.53,Express,Prepaid,New,Delhivery,High,Heatwave,8,9.7,1.7,No,Delivered,4
ORD003770,2026-01-11,Kolkata,WB,North,15.2,0.78,Standard,Prepaid,VIP,EcomExpress,High,Clear,27,31.0,4.0,No,Delivered,5
ORD003771,2025-12-16,Jaipur,RJ,South,1.9,0.77,Standard,Prepaid,Returning,EcomExpress,Severe,Clear,17,19.4,2.4,No,Delivered,4
ORD003772,2026-01-18,Kolkata,WB,North,9.9,2.63,Standard,Prepaid,Returning,EcomExpress,Severe,Heatwave,50,54.6,4.6,No,Delivered,4
ORD003773,2026-02-14,Surat,GJ,West,12.0,0.95,Standard,COD,VIP,Ekart,Low,Fog,17,22.2,5.2,No,Delivered,4
ORD003774,2026-01-17,Delhi,DL,North,4.8,1.71,Express,Prepaid,New,EcomExpress,High,Clear,7,10.5,3.5,No,Delivered,4
ORD003775,2025-12-09,Jaipur,RJ,North,4.8,1.12,Express,Prepaid,Returning,Delhivery,Medium,Clear,8,9.0,1.0,No,Delivered,4
ORD003776,2026-03-03,Bangalore,KA,West,6.0,0.95,Express,Prepaid,VIP,BlueDart,Low,Fog,8,12.7,4.7,No,Delivered,5
ORD003777,2026-02-11,Surat,GJ,North,4.7,0.49,Express,Prepaid,Returning,Delhivery,Low,Clear,11,13.2,2.2,No,Delivered,4
ORD003778,2026-02-23,Chandigarh,CH,West,7.8,0.37,Standard,COD,New,Delhivery,Severe,Clear,23,28.6,5.6,No,Delivered,4
ORD003779,2026-02-27,Noida,UP,West,11.1,0.96,Express,COD,Returning,BlueDart,High,Clear,8,9.8,1.8,No,Delivered,4
ORD003780,2026-02-06,Jaipur,RJ,North,6.0,0.99,Standard,Prepaid,New,EcomExpress,Low,Fog,33,37.5,4.5,No,Delivered,4
ORD003781,2026-01-18,Pune,MH,West,11.2,0.69,Express,COD,New,Delhivery,Severe,Clear,15,20.5,5.5,No,Delivered,3
ORD003782,2026-03-03,Hyderabad,TG,North,13.1,1.28,Standard,COD,Returning,XpressBees,High,Clear,29,34.3,5.3,No,Reattempted,4
ORD003783,2025-12-05,Delhi,DL,South,9.2,3.82,Express,Prepaid,New,Shadowfax,Medium,Storm,14,20.6,6.6,No,Delivered,4
ORD003784,2026-01-03,Patna,BR,North,9.6,2.88,Express,Prepaid,New,Delhivery,Medium,Clear,17,18.8,1.8,No,Delivered,4
ORD003785,2026-01-08,Noida,UP,East,5.1,1.16,Standard,COD,Returning,AmazonLogistics,High,Rain,43,49.4,6.4,No,Delivered,3
ORD003786,2026-01-01,Indore,MP,West,0.5,1.19,Standard,COD,Returning,EcomExpress,High,Clear,35,37.8,2.8,No,Delivered,4
ORD003787,2025-12-18,Bangalore,KA,South,9.8,1.68,Standard,Prepaid,Returning,Ekart,Medium,Rain,19,23.8,4.8,No,Delivered,4
ORD003788,2026-01-16,Mumbai,MH,Central,10.7,1.33,Standard,Prepaid,Returning,Ekart,Medium,Clear,36,39.4,3.4,No,Delivered,5
ORD003789,2025-12-25,Noida,UP,South,8.5,1.69,Express,COD,Returning,BlueDart,Low,Clear,13,15.6,2.6,No,Delivered,3
ORD003790,2026-02-04,Kolkata,WB,East,11.1,1.35,Standard,COD,Returning,EcomExpress,Medium,Clear,26,31.3,5.3,No,Delivered,5
ORD003791,2026-02-17,Delhi,DL,West,5.3,1.21,Standard,Prepaid,New,AmazonLogistics,Medium,Fog,35,37.3,2.3,No,Delivered,5
ORD003792,2026-02-07,Bangalore,KA,Central,9.6,0.77,Standard,COD,New,BlueDart,Medium,Clear,35,36.0,1.0,No,Delivered,5
ORD003793,2026-01-29,Chennai,TN,East,13.4,1.41,Standard,Prepaid,VIP,Delhivery,Medium,Clear,36,38.4,2.4,No,Delivered,5
ORD003794,2026-02-02,Kochi,KL,Central,10.2,0.29,Standard,Prepaid,Returning,XpressBees,High,Clear,38,45.6,7.6,No,Delivered,3
ORD003795,2026-01-05,Chandigarh,CH,North,12.9,1.33,Express,Prepaid,New,Shadowfax,Medium,Rain,8,14.0,6.0,No,Delivered,3
ORD003796,2025-12-22,Chennai,TN,East,12.9,0.33,Express,Prepaid,VIP,AmazonLogistics,Medium,Rain,9,12.2,3.2,No,Delivered,4
ORD003797,2026-01-01,Kochi,KL,East,2.6,1.33,Express,Prepaid,Returning,DTDC,Low,Clear,8,8.5,0.5,No,Delivered,5
ORD003798,2025-12-24,Pune,MH,West,10.4,0.63,Standard,COD,Returning,AmazonLogistics,Severe,Clear,40,45.3,5.3,No,Delivered,4
ORD003799,2026-01-24,Mumbai,MH,North,5.0,2.45,Standard,Prepaid,New,DTDC,Medium,Rain,18,22.2,4.2,No,Delivered,4
ORD003800,2026-01-02,Pune,MH,Central,3.1,1.2,Standard,Prepaid,Returning,XpressBees,Medium,Clear,44,46.5,2.5,No,Delivered,5
ORD003801,2026-01-17,Gurgaon,HR,North,6.4,1.14,Standard,Prepaid,New,Shadowfax,Medium,Clear,41,43.6,2.6,No,Delivered,5
ORD003802,2026-01-13,Indore,MP,South,14.5,1.45,Standard,Prepaid,Returning,Ekart,High,Clear,23,28.8,5.8,No,Delivered,4
ORD003803,2026-02-01,Bhopal,MP,South,5.3,0.68,Standard,Prepaid,Returning,Ekart,Medium,Clear,15,19.2,4.2,No,Delivered,3
ORD003804,2026-01-07,Mumbai,MH,North,0.5,2.23,Standard,Prepaid,Returning,AmazonLogistics,Medium,Storm,17,20.8,3.8,No,Delivered,3
ORD003805,2026-02-02,Mumbai,MH,West,1.7,1.72,Standard,COD,New,AmazonLogistics,High,Clear,37,39.4,2.4,No,Delivered,4
ORD003806,2026-02-03,Bhopal,MP,North,9.4,0.82,Standard,Prepaid,New,XpressBees,High,Clear,15,18.4,3.4,No,Delivered,4
ORD003807,2026-01-21,Delhi,DL,West,4.5,0.6,Standard,Prepaid,Returning,EcomExpress,Medium,Fog,15,18.6,3.6,No,Delivered,3
ORD003808,2026-02-03,Bangalore,KA,East,0.5,0.88,Express,Prepaid,VIP,AmazonLogistics,Medium,Clear,9,9.9,0.9,No,Delivered,4
ORD003809,2025-12-29,Surat,GJ,South,1.9,1.04,Standard,Prepaid,New,Delhivery,Severe,Heatwave,31,36.9,5.9,No,Delivered,4
ORD003810,2026-01-03,Nagpur,MH,West,8.2,0.58,Express,COD,Returning,EcomExpress,Severe,Clear,10,17.9,7.9,No,Delivered,4
ORD003811,2026-02-06,Hyderabad,TG,North,10.6,0.84,Standard,Prepaid,Returning,BlueDart,High,Heatwave,23,26.3,3.3,No,Delivered,4
ORD003812,2026-02-10,Jaipur,RJ,East,5.7,0.77,Standard,COD,Returning,XpressBees,High,Fog,32,38.6,6.6,No,Delivered,3
ORD003813,2026-01-20,Kochi,KL,Central,10.1,0.98,Standard,Prepaid,VIP,XpressBees,Severe,Fog,25,31.8,6.8,No,Delivered,4
ORD003814,2026-01-07,Jaipur,RJ,North,11.2,0.98,Standard,Prepaid,Returning,Delhivery,Severe,Clear,17,23.0,6.0,No,Delivered,3
ORD003815,2025-12-09,Ahmedabad,GJ,West,4.4,1.48,Standard,Prepaid,New,Delhivery,Low,Fog,28,34.3,6.3,No,Delivered,5
ORD003816,2025-12-08,Pune,MH,South,7.0,1.13,Express,Prepaid,Returning,EcomExpress,Severe,Rain,17,23.7,6.7,No,Delivered,4
ORD003817,2026-02-11,Lucknow,UP,South,5.1,1.41,Express,COD,Returning,BlueDart,High,Clear,19,25.2,6.2,No,Delivered,4
ORD003818,2026-02-02,Bhopal,MP,West,9.7,1.28,Standard,Prepaid,Returning,Delhivery,High,Clear,35,37.7,2.7,No,Delivered,5
ORD003819,2026-01-12,Nagpur,MH,South,5.1,0.98,Standard,Prepaid,Returning,DTDC,Medium,Rain,24,27.3,3.3,No,Delivered,4
ORD003820,2026-02-14,Chandigarh,CH,West,2.6,1.67,Standard,Prepaid,New,EcomExpress,Medium,Heatwave,16,17.9,1.9,No,Delivered,4
ORD003821,2026-01-25,Delhi,DL,North,7.7,0.21,SameDay,Prepaid,New,BlueDart,High,Rain,7,12.0,5.0,No,Delivered,4
ORD003822,2026-02-04,Mumbai,MH,South,11.9,0.89,Standard,COD,Returning,EcomExpress,High,Clear,28,32.5,4.5,No,Delivered,4
ORD003823,2026-01-14,Surat,GJ,East,9.5,0.78,Standard,Prepaid,New,Shadowfax,Medium,Rain,15,19.9,4.9,No,Reattempted,3
ORD003824,2025-12-22,Bangalore,KA,North,11.5,1.19,Standard,COD,Returning,AmazonLogistics,High,Clear,25,25.5,0.5,No,Delivered,4
ORD003825,2026-02-12,Indore,MP,West,11.2,0.76,Express,Prepaid,New,Delhivery,Low,Clear,17,17.5,0.5,No,Delivered,5
ORD003826,2026-01-13,Gurgaon,HR,North,7.7,1.54,Standard,COD,New,BlueDart,Medium,Rain,44,50.2,6.2,No,Delivered,3
ORD003827,2026-02-12,Kolkata,WB,East,5.1,1.71,Standard,COD,Returning,DTDC,High,Rain,49,53.1,4.1,No,Delivered,4
ORD003828,2026-02-15,Surat,GJ,West,4.0,0.48,Standard,COD,New,Delhivery,High,Rain,44,49.0,5.0,No,Delivered,4
ORD003829,2026-01-11,Kochi,KL,South,1.2,1.26,Express,COD,Returning,AmazonLogistics,Low,Clear,6,7.1,1.1,No,Delivered,4
ORD003830,2025-12-11,Bangalore,KA,North,12.3,0.51,Standard,Prepaid,New,Ekart,Low,Clear,41,42.8,1.8,No,Delivered,5
ORD003831,2026-03-04,Chandigarh,CH,South,6.2,1.47,SameDay,Prepaid,Returning,XpressBees,Medium,Rain,8,10.9,2.9,No,Delivered,4
ORD003832,2026-02-28,Hyderabad,TG,Central,0.7,0.84,Express,COD,VIP,Ekart,High,Clear,13,16.8,3.8,No,Delivered,4
ORD003833,2026-02-25,Bhopal,MP,South,12.4,0.68,Standard,COD,Returning,BlueDart,Severe,Storm,17,27.3,10.3,No,Delivered,4
ORD003834,2025-12-08,Kochi,KL,South,7.9,0.4,SameDay,Prepaid,New,BlueDart,High,Heatwave,9,12.1,3.1,No,Delivered,4
ORD003835,2026-01-10,Delhi,DL,West,11.4,1.05,Express,COD,Returning,Delhivery,High,Heatwave,18,23.8,5.8,No,Delivered,4
ORD003836,2025-12-22,Coimbatore,TN,South,6.5,0.55,Standard,Prepaid,New,Delhivery,Medium,Heatwave,22,25.7,3.7,No,NDR_Pending,3
ORD003837,2026-02-03,Bangalore,KA,South,4.3,0.45,Express,Prepaid,New,EcomExpress,Low,Clear,7,9.2,2.2,No,Delivered,4
ORD003838,2026-01-29,Indore,MP,South,9.3,1.24,Standard,Prepaid,Returning,Shadowfax,Severe,Clear,38,43.6,5.6,No,Delivered,3
ORD003839,2026-02-15,Noida,UP,North,9.6,1.98,Standard,Prepaid,New,Shadowfax,Medium,Fog,48,54.5,6.5,No,Delivered,4
ORD003840,2026-01-17,Noida,UP,West,6.4,1.4,Standard,Prepaid,Returning,EcomExpress,Low,Clear,31,32.3,1.3,No,Delivered,4
ORD003841,2026-01-30,Chandigarh,CH,East,12.8,0.47,Express,Prepaid,New,XpressBees,Medium,Fog,7,10.9,3.9,No,Delivered,4
ORD003842,2026-01-28,Lucknow,UP,East,11.3,1.02,Express,Prepaid,Returning,EcomExpress,High,Clear,19,22.8,3.8,No,Delivered,4
ORD003843,2026-02-21,Indore,MP,East,9.8,1.66,Standard,Prepaid,Returning,EcomExpress,Medium,Fog,48,54.1,6.1,No,Delivered,4
ORD003844,2026-01-15,Kolkata,WB,South,3.1,1.02,Express,Prepaid,Returning,EcomExpress,Low,Clear,13,12.7,-0.3,Yes,RTO,3
ORD003845,2025-12-09,Gurgaon,HR,South,2.5,1.34,Express,Prepaid,Returning,DTDC,High,Fog,17,19.6,2.6,No,Delivered,5
ORD003846,2026-02-18,Lucknow,UP,West,12.3,0.85,Express,Prepaid,New,Shadowfax,Low,Clear,9,11.3,2.3,No,Delivered,4
ORD003847,2025-12-25,Patna,BR,Central,0.5,0.88,Standard,Prepaid,New,DTDC,Medium,Rain,21,23.7,2.7,No,Delivered,4
ORD003848,2026-03-02,Ahmedabad,GJ,West,7.1,0.74,Standard,COD,Returning,Delhivery,High,Heatwave,43,50.5,7.5,No,Delivered,5
ORD003849,2026-03-02,Coimbatore,TN,South,8.1,1.6,Standard,COD,Returning,BlueDart,Severe,Clear,40,45.5,5.5,No,Delivered,4
ORD003850,2026-02-13,Hyderabad,TG,West,5.5,1.66,Standard,Prepaid,Returning,Ekart,Medium,Clear,37,40.3,3.3,No,Delivered,5
ORD003851,2026-01-04,Coimbatore,TN,East,7.4,0.79,Standard,COD,Returning,Delhivery,Low,Clear,16,17.2,1.2,No,Delivered,5
ORD003852,2026-01-28,Mumbai,MH,East,9.2,1.74,Standard,Prepaid,Returning,BlueDart,Medium,Clear,46,48.5,2.5,No,Delivered,4
ORD003853,2026-02-28,Delhi,DL,West,5.2,0.47,Standard,Prepaid,Returning,Delhivery,Medium,Rain,47,51.0,4.0,No,Delivered,5
ORD003854,2026-01-08,Ahmedabad,GJ,South,11.0,1.0,Express,COD,Returning,Delhivery,Severe,Rain,9,18.5,9.5,No,Delivered,3
ORD003855,2025-12-26,Lucknow,UP,North,9.8,0.49,Standard,COD,New,Shadowfax,High,Clear,28,32.5,4.5,No,Delivered,4
ORD003856,2026-01-31,Coimbatore,TN,South,6.8,0.56,Standard,Prepaid,Returning,Delhivery,Medium,Clear,15,16.3,1.3,No,Delivered,3
ORD003857,2026-02-27,Ahmedabad,GJ,South,4.2,0.49,Express,Prepaid,New,Shadowfax,High,Heatwave,8,13.0,5.0,No,Delivered,5
ORD003858,2026-02-15,Mumbai,MH,Central,7.1,0.75,Standard,Prepaid,Returning,Ekart,Medium,Rain,17,20.0,3.0,No,Delivered,4
ORD003859,2026-01-07,Kolkata,WB,South,15.9,1.6,Express,Prepaid,Returning,EcomExpress,Medium,Clear,11,13.2,2.2,No,Delivered,4
ORD003860,2026-02-14,Jaipur,RJ,South,4.5,1.05,Express,Prepaid,Returning,Delhivery,Severe,Clear,11,15.6,4.6,No,Delivered,3
ORD003861,2026-02-23,Surat,GJ,South,13.6,0.78,Standard,Prepaid,Returning,AmazonLogistics,Medium,Clear,15,16.7,1.7,No,Delivered,5
ORD003862,2025-12-05,Nagpur,MH,West,0.5,1.0,Standard,COD,VIP,Shadowfax,Medium,Rain,21,24.5,3.5,No,Delivered,4
ORD003863,2026-02-08,Hyderabad,TG,South,4.1,0.32,Standard,Prepaid,VIP,Ekart,Severe,Rain,37,42.7,5.7,No,Delivered,5
ORD003864,2026-02-06,Nagpur,MH,North,5.3,1.56,Standard,Prepaid,Returning,EcomExpress,Medium,Rain,21,26.0,5.0,No,Delivered,4
ORD003865,2026-01-21,Nagpur,MH,East,11.3,0.29,Standard,COD,Returning,XpressBees,Medium,Rain,43,49.4,6.4,No,Delivered,3
ORD003866,2025-12-23,Patna,BR,South,7.7,0.72,Standard,COD,Returning,Ekart,Low,Fog,27,32.1,5.1,No,Delivered,4
ORD003867,2026-02-18,Surat,GJ,South,12.7,1.05,Standard,Prepaid,Returning,Delhivery,Medium,Clear,37,40.6,3.6,No,Delivered,5
ORD003868,2026-01-22,Bhopal,MP,North,6.2,1.44,Standard,Prepaid,Returning,AmazonLogistics,Medium,Clear,39,38.0,-1.0,Yes,Delivered,5
ORD003869,2026-02-25,Hyderabad,TG,West,7.3,1.28,Standard,Prepaid,VIP,XpressBees,Medium,Clear,34,36.4,2.4,No,Delivered,5
ORD003870,2026-02-10,Coimbatore,TN,West,6.2,1.07,Standard,Prepaid,Returning,AmazonLogistics,Medium,Storm,35,40.7,5.7,No,Delivered,4
ORD003871,2025-12-31,Mumbai,MH,East,15.6,2.65,Standard,Prepaid,Returning,Delhivery,Medium,Clear,34,38.7,4.7,No,Delivered,3
ORD003872,2026-03-02,Delhi,DL,North,3.0,3.7,Standard,Prepaid,Returning,BlueDart,High,Clear,19,21.1,2.1,No,Delivered,5
ORD003873,2026-01-07,Chandigarh,CH,Central,5.5,1.11,Express,Prepaid,Returning,Delhivery,Severe,Rain,18,26.2,8.2,No,Delivered,3
ORD003874,2025-12-08,Lucknow,UP,West,3.6,1.04,Express,Prepaid,New,Ekart,High,Clear,16,19.4,3.4,No,Delivered,4
ORD003875,2025-12-09,Nagpur,MH,South,9.8,1.0,Express,Prepaid,Returning,Delhivery,High,Clear,8,8.6,0.6,No,Delivered,4
ORD003876,2026-01-03,Nagpur,MH,North,2.9,0.77,Standard,COD,Returning,Delhivery,High,Rain,48,53.1,5.1,No,Delivered,4
ORD003877,2025-12-26,Kochi,KL,South,14.8,1.38,Standard,COD,Returning,Ekart,Low,Storm,33,38.3,5.3,No,Delivered,3
ORD003878,2025-12-10,Hyderabad,TG,East,7.8,2.37,Express,Prepaid,VIP,EcomExpress,Medium,Clear,11,12.4,1.4,No,Delivered,5
ORD003879,2026-02-20,Bangalore,KA,South,9.1,0.25,Express,Prepaid,Returning,XpressBees,Low,Clear,12,14.9,2.9,No,Reattempted,5
ORD003880,2026-02-13,Mumbai,MH,South,9.4,1.0,SameDay,Prepaid,Returning,EcomExpress,Medium,Heatwave,6,9.5,3.5,No,Delivered,5
ORD003881,2025-12-08,Chandigarh,CH,West,7.4,2.7,Standard,Prepaid,Returning,XpressBees,Severe,Rain,28,34.4,6.4,No,Delivered,3
ORD003882,2025-12-20,Hyderabad,TG,East,8.0,1.4,Standard,COD,New,EcomExpress,Medium,Rain,41,44.8,3.8,No,Delivered,4
ORD003883,2026-02-19,Indore,MP,West,7.8,1.42,Standard,Prepaid,Returning,Shadowfax,High,Clear,38,41.9,3.9,No,Delivered,4
ORD003884,2025-12-16,Lucknow,UP,West,9.6,0.42,SameDay,Prepaid,Returning,Shadowfax,Low,Clear,8,9.2,1.2,No,Delivered,4
ORD003885,2025-12-11,Bangalore,KA,North,4.2,1.68,Express,Prepaid,Returning,EcomExpress,Medium,Clear,16,18.6,2.6,No,Delivered,5
ORD003886,2025-12-13,Jaipur,RJ,East,3.5,2.02,Express,COD,Returning,EcomExpress,Medium,Clear,16,17.2,1.2,No,Delivered,4
ORD003887,2026-02-15,Pune,MH,North,10.8,1.25,Express,COD,Returning,Delhivery,Medium,Rain,10,14.4,4.4,No,Delivered,4
ORD003888,2026-02-07,Bangalore,KA,North,7.5,0.75,SameDay,COD,Returning,DTDC,Medium,Rain,7,10.4,3.4,No,Delivered,3
ORD003889,2026-01-21,Delhi,DL,Central,0.5,1.44,Standard,Prepaid,VIP,Delhivery,High,Fog,47,51.1,4.1,No,Delivered,4
ORD003890,2025-12-13,Bhopal,MP,North,5.6,0.59,SameDay,Prepaid,New,EcomExpress,Medium,Clear,6,10.5,4.5,No,Delivered,4
ORD003891,2026-01-27,Indore,MP,North,13.6,0.55,Express,Prepaid,New,EcomExpress,High,Clear,11,14.4,3.4,No,Delivered,4
ORD003892,2026-01-14,Gurgaon,HR,West,6.9,1.79,Express,COD,Returning,Shadowfax,Severe,Rain,12,18.7,6.7,No,RTO,3
ORD003893,2025-12-29,Jaipur,RJ,South,5.4,2.13,SameDay,Prepaid,Returning,DTDC,Medium,Clear,8,9.1,1.1,No,Delivered,4
ORD003894,2025-12-19,Hyderabad,TG,North,1.5,0.71,Standard,Prepaid,Returning,BlueDart,Severe,Clear,16,19.6,3.6,No,Delivered,4
ORD003895,2025-12-08,Nagpur,MH,West,5.2,0.55,Express,Prepaid,New,AmazonLogistics,Low,Clear,17,17.2,0.2,No,Delivered,4
ORD003896,2026-01-31,Gurgaon,HR,West,2.8,0.65,Standard,Prepaid,Returning,DTDC,Medium,Clear,20,23.2,3.2,No,Delivered,4
ORD003897,2026-02-04,Surat,GJ,East,9.2,1.24,Express,Prepaid,New,AmazonLogistics,Medium,Clear,11,12.1,1.1,No,RTO,4
ORD003898,2025-12-18,Mumbai,MH,North,7.7,0.55,Express,Prepaid,New,DTDC,High,Clear,17,20.9,3.9,No,Delivered,5
ORD003899,2025-12-30,Kolkata,WB,West,6.0,2.39,Express,COD,New,Delhivery,Medium,Fog,7,9.4,2.4,No,Delivered,4
ORD003900,2025-12-26,Gurgaon,HR,East,4.5,0.84,Standard,Prepaid,New,Ekart,Medium,Clear,40,40.7,0.7,No,Delivered,3
ORD003901,2026-03-03,Surat,GJ,North,13.6,1.38,Express,COD,Returning,AmazonLogistics,Severe,Clear,17,24.0,7.0,No,Delivered,4
ORD003902,2026-02-20,Noida,UP,North,4.7,0.71,Express,Prepaid,Returning,XpressBees,Medium,Clear,10,10.9,0.9,No,Delivered,5
ORD003903,2025-12-13,Surat,GJ,North,4.7,1.57,Express,Prepaid,New,Delhivery,High,Clear,18,22.0,4.0,No,Delivered,4
ORD003904,2025-12-06,Mumbai,MH,South,6.5,1.65,Standard,Prepaid,Returning,Delhivery,Medium,Clear,20,20.8,0.8,No,Delivered,4
ORD003905,2026-02-26,Chandigarh,CH,North,7.1,0.4,Express,COD,Returning,XpressBees,Medium,Clear,11,13.6,2.6,No,Delivered,5
ORD003906,2025-12-08,Patna,BR,West,9.4,0.74,Express,Prepaid,New,BlueDart,Medium,Clear,11,14.8,3.8,No,Delivered,5
ORD003907,2025-12-25,Coimbatore,TN,Central,11.2,1.01,Standard,Prepaid,Returning,DTDC,Medium,Clear,38,41.7,3.7,No,Delivered,4
ORD003908,2026-02-09,Noida,UP,North,10.9,0.81,Standard,Prepaid,New,BlueDart,Medium,Storm,44,47.1,3.1,No,Delivered,3
ORD003909,2025-12-20,Bangalore,KA,West,17.2,1.86,Express,COD,VIP,Shadowfax,High,Clear,14,23.0,9.0,No,Delivered,3
ORD003910,2025-12-24,Gurgaon,HR,North,0.7,0.77,Express,Prepaid,Returning,EcomExpress,Medium,Clear,17,17.0,0.0,Yes,Delivered,5
ORD003911,2026-02-06,Hyderabad,TG,North,8.4,1.7,Standard,Prepaid,New,Delhivery,Low,Storm,16,23.1,7.1,No,Delivered,3
ORD003912,2025-12-26,Noida,UP,West,5.4,1.48,Standard,Prepaid,VIP,Delhivery,High,Rain,20,24.4,4.4,No,Delivered,5
ORD003913,2026-01-31,Bangalore,KA,South,15.5,1.04,Express,Prepaid,Returning,AmazonLogistics,High,Rain,17,21.1,4.1,No,Delivered,4
ORD003914,2025-12-05,Indore,MP,Central,8.2,1.74,SameDay,Prepaid,New,XpressBees,Severe,Clear,8,12.8,4.8,No,Delivered,4
ORD003915,2026-03-02,Patna,BR,South,0.5,0.44,Standard,Prepaid,Returning,Ekart,Medium,Heatwave,17,18.2,1.2,No,Delivered,4
ORD003916,2026-01-20,Pune,MH,North,9.2,1.07,Express,Prepaid,Returning,AmazonLogistics,High,Clear,11,13.3,2.3,No,Delivered,5
ORD003917,2026-01-24,Pune,MH,South,8.6,0.69,Standard,COD,Returning,AmazonLogistics,Medium,Rain,42,45.9,3.9,No,Delivered,3
ORD003918,2026-01-10,Bhopal,MP,North,10.5,1.04,Standard,Prepaid,Returning,Shadowfax,High,Rain,32,38.1,6.1,No,Delivered,3
ORD003919,2026-01-22,Pune,MH,East,4.6,0.83,Express,Prepaid,VIP,AmazonLogistics,Medium,Clear,15,17.7,2.7,No,Delivered,4
ORD003920,2026-02-18,Nagpur,MH,West,8.8,1.15,Standard,Prepaid,VIP,Ekart,Low,Heatwave,29,31.5,2.5,No,Delivered,4
ORD003921,2026-03-04,Gurgaon,HR,South,6.4,1.11,Standard,Prepaid,New,DTDC,Severe,Storm,25,33.8,8.8,No,Delivered,4
ORD003922,2025-12-14,Nagpur,MH,South,4.8,1.2,SameDay,COD,VIP,Delhivery,High,Clear,6,8.8,2.8,No,Delivered,5
ORD003923,2026-01-17,Lucknow,UP,West,8.9,1.23,Standard,COD,New,XpressBees,High,Clear,32,36.1,4.1,No,Delivered,4
ORD003924,2026-03-05,Jaipur,RJ,East,8.1,1.56,Standard,Prepaid,VIP,Delhivery,Medium,Rain,22,25.3,3.3,No,Delivered,4
ORD003925,2026-02-13,Nagpur,MH,North,11.7,0.52,Standard,COD,New,Delhivery,High,Clear,46,48.9,2.9,No,Delivered,4
ORD003926,2025-12-10,Indore,MP,North,7.6,1.5,Standard,Prepaid,New,DTDC,Low,Clear,47,51.6,4.6,No,Delivered,4
ORD003927,2026-02-26,Surat,GJ,North,9.9,0.45,Express,COD,Returning,AmazonLogistics,Medium,Clear,15,17.5,2.5,No,Delivered,3
ORD003928,2025-12-25,Bangalore,KA,South,2.7,0.21,Standard,Prepaid,New,Delhivery,Low,Rain,46,48.7,2.7,No,NDR_Pending,3
ORD003929,2025-12-18,Kochi,KL,South,13.1,3.61,Standard,COD,Returning,Delhivery,Low,Heatwave,47,51.8,4.8,No,Delivered,4
ORD003930,2025-12-17,Coimbatore,TN,North,4.4,0.63,Standard,COD,New,Ekart,Low,Clear,45,43.4,-1.6,Yes,Delivered,5
ORD003931,2025-12-25,Coimbatore,TN,South,11.1,0.84,Express,Prepaid,Returning,Delhivery,High,Rain,16,24.4,8.4,No,Delivered,4
ORD003932,2026-02-13,Pune,MH,South,8.6,0.36,SameDay,Prepaid,VIP,Delhivery,Medium,Fog,7,10.3,3.3,No,Delivered,5
ORD003933,2025-12-27,Coimbatore,TN,North,8.0,0.84,Standard,COD,Returning,DTDC,High,Clear,45,48.3,3.3,No,Delivered,5
ORD003934,2025-12-30,Coimbatore,TN,East,10.5,1.25,Express,Prepaid,Returning,AmazonLogistics,Severe,Clear,19,23.1,4.1,No,Delivered,4
ORD003935,2026-01-24,Bangalore,KA,West,0.5,1.28,SameDay,Prepaid,VIP,Shadowfax,Low,Clear,3,4.4,1.4,No,Delivered,4
ORD003936,2025-12-07,Bhopal,MP,South,5.2,0.54,Standard,Prepaid,New,Shadowfax,High,Fog,21,28.8,7.8,No,Delivered,4
ORD003937,2026-01-05,Surat,GJ,South,10.5,0.85,Standard,Prepaid,New,EcomExpress,Medium,Clear,28,32.5,4.5,No,Delivered,5
ORD003938,2026-01-22,Lucknow,UP,South,15.2,1.38,Standard,Prepaid,New,EcomExpress,Severe,Clear,33,38.5,5.5,No,Delivered,4
ORD003939,2026-02-02,Coimbatore,TN,East,7.4,1.28,Express,COD,New,AmazonLogistics,Medium,Clear,12,11.8,-0.2,Yes,Delivered,5
ORD003940,2025-12-26,Surat,GJ,West,0.5,1.19,Standard,COD,New,AmazonLogistics,Medium,Clear,20,20.6,0.6,No,NDR_Pending,4
ORD003941,2025-12-22,Surat,GJ,South,6.2,1.74,Standard,Prepaid,Returning,EcomExpress,Medium,Clear,16,17.2,1.2,No,Delivered,4
ORD003942,2026-01-30,Kolkata,WB,East,7.3,1.04,Express,COD,New,EcomExpress,Severe,Rain,9,14.5,5.5,No,Delivered,4
ORD003943,2025-12-28,Gurgaon,HR,East,11.9,2.55,Express,Prepaid,Returning,EcomExpress,Medium,Clear,12,15.4,3.4,No,Delivered,4
ORD003944,2026-01-14,Noida,UP,East,7.7,0.93,Standard,Prepaid,Returning,Delhivery,High,Rain,45,50.3,5.3,No,Delivered,4
ORD003945,2026-03-01,Delhi,DL,North,2.4,1.68,Standard,Prepaid,Returning,EcomExpress,Medium,Rain,14,17.9,3.9,No,Delivered,4
ORD003946,2025-12-12,Coimbatore,TN,North,11.4,1.71,Standard,Prepaid,Returning,Delhivery,High,Fog,48,55.0,7.0,No,Delivered,3
ORD003947,2026-02-24,Mumbai,MH,West,9.8,0.41,SameDay,Prepaid,New,AmazonLogistics,Medium,Clear,5,7.4,2.4,No,Delivered,4
ORD003948,2026-02-24,Ahmedabad,GJ,South,4.7,1.44,Express,Prepaid,Returning,EcomExpress,Low,Rain,10,12.7,2.7,No,Delivered,4
ORD003949,2026-03-04,Noida,UP,West,10.4,0.75,Standard,Prepaid,Returning,DTDC,Low,Rain,43,48.7,5.7,No,Delivered,5
ORD003950,2025-12-25,Bangalore,KA,West,5.3,0.6,Express,Prepaid,Returning,XpressBees,Medium,Clear,17,18.4,1.4,No,Delivered,4
ORD003951,2026-01-14,Ahmedabad,GJ,South,6.3,0.86,Standard,Prepaid,Returning,AmazonLogistics,High,Clear,18,19.8,1.8,No,Delivered,5
ORD003952,2025-12-05,Hyderabad,TG,South,5.4,1.22,Express,Prepaid,Returning,Ekart,High,Clear,17,19.9,2.9,No,Delivered,4
ORD003953,2026-01-10,Coimbatore,TN,South,6.3,0.43,Standard,Prepaid,Returning,BlueDart,Medium,Rain,30,33.8,3.8,No,Delivered,4
ORD003954,2026-01-27,Lucknow,UP,North,11.1,1.12,Standard,COD,Returning,Delhivery,Medium,Clear,45,48.9,3.9,No,Delivered,4
ORD003955,2026-02-15,Indore,MP,West,0.5,0.97,Standard,COD,Returning,AmazonLogistics,Low,Heatwave,30,30.7,0.7,No,Delivered,5
ORD003956,2026-02-18,Gurgaon,HR,West,11.9,2.06,Standard,COD,Returning,Delhivery,High,Fog,16,22.4,6.4,No,Delivered,4
ORD003957,2025-12-20,Surat,GJ,South,8.2,0.76,Express,COD,Returning,EcomExpress,High,Rain,11,18.6,7.6,No,Delivered,3
ORD003958,2026-01-18,Coimbatore,TN,West,5.9,2.26,Standard,COD,Returning,Delhivery,Severe,Storm,26,33.4,7.4,No,Delivered,4
ORD003959,2025-12-06,Pune,MH,South,7.6,1.39,Standard,Prepaid,New,Ekart,Severe,Rain,23,33.2,10.2,No,Delivered,4
ORD003960,2026-02-20,Hyderabad,TG,West,3.9,1.08,Express,Prepaid,VIP,Delhivery,Medium,Clear,8,9.2,1.2,No,Delivered,5
ORD003961,2026-02-13,Gurgaon,HR,North,1.0,2.37,Standard,Prepaid,VIP,Shadowfax,Medium,Clear,14,14.9,0.9,No,Delivered,4
ORD003962,2025-12-11,Chandigarh,CH,West,4.0,3.5,Standard,Prepaid,New,BlueDart,Severe,Rain,41,47.3,6.3,No,Delivered,2
ORD003963,2026-02-24,Kochi,KL,West,0.5,0.97,Standard,Prepaid,New,XpressBees,Low,Clear,26,27.2,1.2,No,Delivered,4
ORD003964,2025-12-30,Ahmedabad,GJ,North,2.1,0.71,SameDay,Prepaid,Returning,EcomExpress,Low,Heatwave,5,5.7,0.7,No,Delivered,4
ORD003965,2026-02-19,Bangalore,KA,West,1.0,1.43,Express,Prepaid,New,AmazonLogistics,Medium,Clear,10,10.9,0.9,No,Delivered,4
ORD003966,2026-02-01,Chandigarh,CH,East,12.4,0.47,Express,COD,New,DTDC,High,Clear,9,12.8,3.8,No,Delivered,4
ORD003967,2026-02-02,Patna,BR,North,2.4,0.51,Express,Prepaid,Returning,BlueDart,High,Rain,12,15.4,3.4,No,Reattempted,4
ORD003968,2026-02-13,Hyderabad,TG,West,7.3,2.42,Standard,COD,Returning,BlueDart,Severe,Fog,50,55.4,5.4,No,Delivered,4
ORD003969,2025-12-26,Indore,MP,Central,12.0,1.56,Standard,COD,New,AmazonLogistics,Medium,Fog,34,38.9,4.9,No,Delivered,4
ORD003970,2025-12-12,Nagpur,MH,East,10.9,0.66,Express,COD,VIP,AmazonLogistics,Medium,Clear,10,12.2,2.2,No,Reattempted,4
ORD003971,2026-02-12,Lucknow,UP,South,6.3,7.25,Standard,Prepaid,New,BlueDart,Medium,Clear,46,45.0,-1.0,Yes,Delivered,5
ORD003972,2026-01-29,Gurgaon,HR,West,6.3,0.48,SameDay,COD,New,BlueDart,High,Rain,9,13.4,4.4,No,Delivered,3
ORD003973,2026-01-30,Delhi,DL,Central,8.2,1.6,Standard,Prepaid,New,Delhivery,Medium,Heatwave,30,32.9,2.9,No,Delivered,4
ORD003974,2026-02-13,Chennai,TN,West,15.9,0.69,Standard,COD,VIP,Delhivery,Severe,Clear,49,56.7,7.7,No,Delivered,3
ORD003975,2026-02-10,Pune,MH,North,9.2,3.22,Standard,Prepaid,Returning,Delhivery,Medium,Rain,38,40.5,2.5,No,Delivered,4
ORD003976,2025-12-16,Kochi,KL,North,10.2,0.8,Standard,Prepaid,New,Delhivery,High,Clear,27,30.4,3.4,No,Delivered,4
ORD003977,2025-12-18,Nagpur,MH,East,16.6,0.93,Express,Prepaid,Returning,Delhivery,High,Rain,13,18.1,5.1,No,Delivered,5
ORD003978,2025-12-18,Noida,UP,South,8.6,0.37,Express,COD,New,AmazonLogistics,Medium,Clear,10,12.9,2.9,No,Delivered,3
ORD003979,2026-01-06,Surat,GJ,North,12.1,3.86,Express,COD,New,AmazonLogistics,High,Storm,11,17.6,6.6,No,Delivered,4
ORD003980,2026-01-20,Bangalore,KA,South,9.4,0.76,Express,Prepaid,New,AmazonLogistics,Medium,Clear,18,20.2,2.2,No,Delivered,3
ORD003981,2026-02-05,Lucknow,UP,West,9.4,1.47,Standard,COD,Returning,XpressBees,High,Rain,38,43.8,5.8,No,Delivered,3
ORD003982,2026-01-13,Pune,MH,South,3.6,1.11,Standard,Prepaid,Returning,XpressBees,High,Rain,38,40.9,2.9,No,Delivered,3
ORD003983,2025-12-09,Kochi,KL,East,3.0,0.79,Express,COD,Returning,Delhivery,Medium,Clear,14,16.0,2.0,No,Delivered,4
ORD003984,2026-01-12,Kochi,KL,West,5.5,0.29,Standard,Prepaid,New,DTDC,Medium,Clear,15,15.7,0.7,No,Delivered,4
ORD003985,2026-01-22,Chandigarh,CH,Central,11.0,0.96,Standard,COD,VIP,EcomExpress,Severe,Clear,37,44.5,7.5,No,Reattempted,4
ORD003986,2026-02-21,Kolkata,WB,East,10.8,0.94,Standard,COD,VIP,Shadowfax,Severe,Rain,34,43.9,9.9,No,Delivered,2
ORD003987,2025-12-29,Kolkata,WB,North,12.8,1.34,Express,Prepaid,New,Ekart,High,Rain,13,19.7,6.7,No,Delivered,3
ORD003988,2025-12-10,Pune,MH,West,7.5,4.0,Express,Prepaid,Returning,AmazonLogistics,Severe,Clear,13,16.6,3.6,No,Delivered,4
ORD003989,2026-01-23,Jaipur,RJ,North,9.7,1.63,Standard,Prepaid,Returning,EcomExpress,Medium,Clear,48,50.4,2.4,No,Delivered,4
ORD003990,2026-02-09,Lucknow,UP,Central,9.7,1.85,Standard,COD,VIP,DTDC,Medium,Heatwave,15,19.4,4.4,No,Reattempted,4
ORD003991,2026-01-18,Patna,BR,North,7.1,0.92,Standard,Prepaid,Returning,Delhivery,Medium,Clear,13,16.3,3.3,No,Delivered,5
ORD003992,2026-02-17,Patna,BR,West,6.2,0.5,Standard,COD,New,Delhivery,Low,Clear,16,17.4,1.4,No,Delivered,4
ORD003993,2025-12-30,Delhi,DL,East,1.6,0.93,Standard,COD,Returning,Delhivery,Medium,Heatwave,35,38.2,3.2,No,Delivered,4
ORD003994,2026-01-08,Chennai,TN,North,6.9,0.71,Express,Prepaid,Returning,Delhivery,High,Heatwave,17,19.1,2.1,No,Delivered,4
ORD003995,2026-03-03,Surat,GJ,East,7.1,1.07,SameDay,Prepaid,Returning,DTDC,Low,Clear,5,6.8,1.8,No,Delivered,5
ORD003996,2026-02-06,Kolkata,WB,North,12.0,0.82,Express,Prepaid,New,BlueDart,Medium,Clear,18,19.1,1.1,No,Delivered,5
ORD003997,2026-02-21,Mumbai,MH,South,12.4,0.4,Express,Prepaid,Returning,Delhivery,High,Rain,13,18.9,5.9,No,RTO,2
ORD003998,2026-01-27,Bhopal,MP,South,8.1,2.36,SameDay,COD,Returning,Ekart,High,Clear,6,8.9,2.9,No,Delivered,5
ORD003999,2025-12-27,Coimbatore,TN,South,15.8,1.02,Express,Prepaid,Returning,Shadowfax,Severe,Rain,17,25.3,8.3,No,Delivered,3
ORD004000,2025-12-29,Surat,GJ,West,8.3,0.91,Standard,COD,Returning,BlueDart,Medium,Clear,29,32.0,3.0,No,Delivered,4
ORD004001,2025-12-25,Kolkata,WB,East,11.6,0.57,Express,Prepaid,Returning,Shadowfax,High,Clear,8,11.6,3.6,No,Delivered,3
ORD004002,2026-01-20,Bhopal,MP,South,7.1,0.83,Standard,COD,Returning,Shadowfax,Low,Clear,24,24.6,0.6,No,Delivered,4
ORD004003,2026-01-06,Mumbai,MH,West,2.9,0.66,Standard,Prepaid,New,Shadowfax,Low,Rain,27,30.1,3.1,No,Delivered,3
ORD004004,2025-12-10,Jaipur,RJ,East,5.8,0.54,Standard,Prepaid,Returning,XpressBees,High,Rain,20,27.1,7.1,No,Delivered,3
ORD004005,2026-01-06,Bhopal,MP,East,13.4,1.22,Express,Prepaid,Returning,Ekart,Medium,Clear,15,20.1,5.1,No,Delivered,4
ORD004006,2026-02-16,Noida,UP,North,6.4,0.83,Express,COD,VIP,EcomExpress,High,Clear,8,12.5,4.5,No,Delivered,4
ORD004007,2026-01-25,Chennai,TN,Central,5.6,1.73,Express,Prepaid,New,Shadowfax,Medium,Clear,16,18.0,2.0,No,Delivered,4
ORD004008,2025-12-10,Kochi,KL,North,7.5,0.89,Standard,Prepaid,New,Delhivery,Medium,Rain,21,23.3,2.3,No,Delivered,4
ORD004009,2026-01-09,Bangalore,KA,West,5.9,1.18,Standard,COD,Returning,AmazonLogistics,Medium,Rain,26,31.1,5.1,No,Delivered,4
ORD004010,2025-12-31,Delhi,DL,West,12.3,1.16,Express,Prepaid,Returning,EcomExpress,Low,Fog,12,13.4,1.4,No,Delivered,4
ORD004011,2025-12-09,Ahmedabad,GJ,East,15.0,1.39,Express,Prepaid,Returning,EcomExpress,Medium,Storm,10,18.0,8.0,No,Delivered,4
ORD004012,2026-01-11,Chandigarh,CH,North,7.5,0.67,Standard,Prepaid,New,Ekart,Low,Clear,23,24.3,1.3,No,Delivered,4
ORD004013,2026-01-10,Kochi,KL,North,9.7,1.9,Standard,Prepaid,Returning,XpressBees,Medium,Heatwave,44,44.4,0.4,No,Delivered,4
ORD004014,2026-01-19,Lucknow,UP,West,11.4,0.54,Standard,Prepaid,New,Delhivery,High,Clear,25,29.3,4.3,No,Delivered,5
ORD004015,2026-02-10,Chennai,TN,North,7.9,1.13,Express,Prepaid,Returning,EcomExpress,Low,Clear,13,14.2,1.2,No,Delivered,4
ORD004016,2026-01-22,Delhi,DL,South,4.0,0.54,Standard,Prepaid,Returning,BlueDart,High,Clear,22,24.0,2.0,No,Delivered,4
ORD004017,2025-12-27,Chennai,TN,West,5.9,1.03,Express,Prepaid,Returning,Ekart,High,Rain,9,13.8,4.8,No,Delivered,4
ORD004018,2026-01-28,Bangalore,KA,West,9.1,1.89,Standard,Prepaid,Returning,BlueDart,Medium,Rain,16,19.5,3.5,No,Delivered,4
ORD004019,2025-12-22,Bangalore,KA,North,9.1,1.54,SameDay,Prepaid,New,EcomExpress,Medium,Clear,6,8.3,2.3,No,Delivered,4
ORD004020,2026-02-26,Kochi,KL,South,0.5,2.09,Standard,Prepaid,Returning,XpressBees,High,Heatwave,34,35.8,1.8,No,Delivered,3
ORD004021,2026-01-28,Delhi,DL,Central,5.8,0.92,Express,Prepaid,VIP,BlueDart,High,Heatwave,18,22.0,4.0,No,Delivered,4
ORD004022,2026-01-17,Mumbai,MH,South,4.6,1.91,Express,Prepaid,Returning,Delhivery,Low,Heatwave,15,16.2,1.2,No,Delivered,4
ORD004023,2025-12-28,Surat,GJ,North,11.0,0.73,Express,COD,Returning,AmazonLogistics,High,Clear,19,24.7,5.7,No,Delivered,3
ORD004024,2026-02-02,Chennai,TN,North,4.7,0.84,Express,Prepaid,Returning,Delhivery,Low,Storm,8,13.4,5.4,No,Delivered,4
ORD004025,2025-12-16,Lucknow,UP,South,5.7,1.19,Standard,COD,Returning,Ekart,Medium,Rain,25,30.4,5.4,No,Delivered,4
ORD004026,2025-12-13,Delhi,DL,Central,5.5,1.84,Standard,Prepaid,New,AmazonLogistics,Medium,Rain,21,26.1,5.1,No,Delivered,4
ORD004027,2026-01-29,Hyderabad,TG,South,10.7,0.8,Standard,Prepaid,VIP,Delhivery,Medium,Clear,39,42.3,3.3,No,NDR_Pending,3
ORD004028,2026-02-19,Jaipur,RJ,North,11.4,1.68,Express,COD,New,DTDC,Low,Fog,13,17.6,4.6,No,Delivered,4
ORD004029,2026-02-22,Kochi,KL,South,9.5,1.27,Express,Prepaid,New,AmazonLogistics,Low,Rain,14,13.5,-0.5,Yes,Delivered,5
ORD004030,2026-01-04,Jaipur,RJ,North,11.9,1.35,Standard,COD,New,XpressBees,Low,Clear,38,40.9,2.9,No,Delivered,5
ORD004031,2026-01-29,Surat,GJ,North,12.4,0.66,Express,Prepaid,Returning,XpressBees,Medium,Storm,11,19.4,8.4,No,Delivered,4
ORD004032,2026-01-27,Surat,GJ,Central,0.5,0.88,Standard,Prepaid,Returning,Delhivery,Low,Clear,23,24.4,1.4,No,Delivered,5
ORD004033,2026-01-03,Chennai,TN,West,9.9,1.04,Standard,Prepaid,Returning,Delhivery,High,Rain,48,52.9,4.9,No,Delivered,4
ORD004034,2026-03-04,Chennai,TN,North,6.0,1.35,Standard,COD,New,DTDC,Severe,Clear,33,38.8,5.8,No,Delivered,4
ORD004035,2025-12-19,Jaipur,RJ,South,2.5,0.68,Express,Prepaid,Returning,Delhivery,Medium,Clear,7,7.7,0.7,No,Delivered,5
ORD004036,2026-02-11,Mumbai,MH,North,6.2,0.51,Standard,Prepaid,New,EcomExpress,Low,Clear,38,39.5,1.5,No,Delivered,4
ORD004037,2026-02-23,Kochi,KL,North,10.4,0.31,Express,COD,Returning,Shadowfax,Medium,Clear,7,9.3,2.3,No,Delivered,5
ORD004038,2026-01-10,Nagpur,MH,West,13.3,1.73,Express,Prepaid,New,Delhivery,Severe,Clear,9,16.5,7.5,No,Delivered,4
ORD004039,2026-01-25,Kolkata,WB,South,2.1,1.95,Standard,Prepaid,Returning,AmazonLogistics,Medium,Clear,27,27.8,0.8,No,Delivered,4
ORD004040,2026-01-15,Ahmedabad,GJ,West,10.0,0.33,Standard,Prepaid,Returning,AmazonLogistics,Low,Clear,26,27.2,1.2,No,Delivered,3
ORD004041,2025-12-10,Kolkata,WB,East,15.4,1.16,Express,Prepaid,Returning,AmazonLogistics,Severe,Rain,21,27.1,6.1,No,Delivered,4
ORD004042,2025-12-18,Kochi,KL,North,14.8,0.88,Express,Prepaid,Returning,Delhivery,Medium,Clear,11,13.4,2.4,No,Delivered,4
ORD004043,2025-12-31,Patna,BR,Central,0.5,2.29,Standard,Prepaid,VIP,BlueDart,Medium,Clear,40,39.3,-0.7,Yes,Delivered,4
ORD004044,2026-01-31,Delhi,DL,South,16.2,0.97,Standard,COD,Returning,AmazonLogistics,Severe,Clear,32,39.7,7.7,No,Delivered,3
ORD004045,2026-02-14,Jaipur,RJ,North,11.3,1.53,Standard,Prepaid,Returning,BlueDart,Severe,Clear,18,22.4,4.4,No,Delivered,4
ORD004046,2026-01-24,Mumbai,MH,East,0.5,0.86,Standard,Prepaid,New,DTDC,Medium,Clear,12,13.7,1.7,No,Delivered,4
ORD004047,2026-02-04,Lucknow,UP,North,4.4,0.73,Standard,Prepaid,Returning,XpressBees,Medium,Heatwave,12,12.8,0.8,No,Delivered,4
ORD004048,2026-01-27,Hyderabad,TG,West,12.5,1.75,Express,Prepaid,Returning,BlueDart,Medium,Clear,9,9.7,0.7,No,Delivered,4
ORD004049,2026-02-04,Kolkata,WB,West,8.9,2.11,Standard,Prepaid,Returning,EcomExpress,Medium,Clear,40,42.0,2.0,No,Delivered,4
ORD004050,2025-12-29,Lucknow,UP,North,5.2,0.52,Express,Prepaid,Returning,XpressBees,Medium,Clear,16,17.6,1.6,No,Reattempted,5
ORD004051,2025-12-20,Kolkata,WB,East,7.8,2.19,Standard,COD,Returning,Delhivery,Medium,Clear,25,28.0,3.0,No,Delivered,4
ORD004052,2026-02-07,Ahmedabad,GJ,North,9.7,0.62,Express,Prepaid,VIP,AmazonLogistics,High,Rain,16,23.2,7.2,No,Reattempted,4
ORD004053,2026-01-26,Patna,BR,East,5.2,0.27,SameDay,COD,New,XpressBees,High,Storm,6,11.0,5.0,No,Delivered,4
ORD004054,2026-01-01,Bhopal,MP,North,7.0,1.11,Standard,COD,Returning,Delhivery,Severe,Clear,24,30.7,6.7,No,Delivered,4
ORD004055,2025-12-18,Mumbai,MH,North,11.1,1.5,Standard,Prepaid,Returning,DTDC,High,Clear,31,35.8,4.8,No,Delivered,5
ORD004056,2026-01-14,Ahmedabad,GJ,South,4.7,0.45,Standard,COD,New,BlueDart,Low,Rain,27,29.0,2.0,No,Delivered,4
ORD004057,2026-01-23,Bhopal,MP,East,2.1,0.34,Standard,COD,New,EcomExpress,Medium,Clear,18,19.5,1.5,No,Delivered,3
ORD004058,2025-12-18,Surat,GJ,North,5.0,0.82,Express,Prepaid,Returning,Ekart,Medium,Clear,6,9.1,3.1,No,Delivered,5
ORD004059,2026-03-02,Hyderabad,TG,East,3.9,0.76,Express,Prepaid,New,DTDC,Medium,Rain,13,16.6,3.6,No,Delivered,4
ORD004060,2026-02-08,Indore,MP,North,5.1,2.51,Express,Prepaid,Returning,XpressBees,Low,Rain,14,16.6,2.6,No,Delivered,4
ORD004061,2026-02-07,Delhi,DL,South,0.6,1.11,SameDay,Prepaid,New,AmazonLogistics,High,Clear,8,8.6,0.6,No,Delivered,4
ORD004062,2025-12-20,Mumbai,MH,South,8.4,1.72,Standard,COD,New,XpressBees,Medium,Fog,44,48.1,4.1,No,Delivered,4
ORD004063,2026-02-12,Nagpur,MH,North,11.0,1.25,Standard,Prepaid,Returning,Shadowfax,Low,Clear,48,48.1,0.1,No,Delivered,5
ORD004064,2026-01-27,Surat,GJ,Central,4.3,2.83,Standard,Prepaid,New,EcomExpress,Medium,Clear,15,17.8,2.8,No,Delivered,4
ORD004065,2026-02-04,Patna,BR,South,4.9,0.65,Express,Prepaid,New,Delhivery,Severe,Rain,11,16.6,5.6,No,RTO,3
ORD004066,2026-02-18,Kolkata,WB,West,6.8,1.05,Standard,COD,Returning,BlueDart,High,Rain,45,48.8,3.8,No,Delivered,5
ORD004067,2026-01-21,Chandigarh,CH,West,3.9,0.43,Standard,Prepaid,Returning,Shadowfax,Low,Rain,26,28.7,2.7,No,Delivered,4
ORD004068,2026-01-27,Jaipur,RJ,South,11.4,1.8,SameDay,Prepaid,Returning,DTDC,Medium,Rain,4,7.6,3.6,No,Delivered,4
ORD004069,2025-12-15,Coimbatore,TN,West,3.9,2.16,Standard,Prepaid,Returning,Shadowfax,Severe,Rain,48,56.1,8.1,No,Delivered,4
ORD004070,2026-01-29,Delhi,DL,East,5.4,1.87,Standard,COD,Returning,XpressBees,Low,Fog,19,23.0,4.0,No,Delivered,4
ORD004071,2026-02-24,Pune,MH,West,4.4,1.03,Standard,Prepaid,Returning,AmazonLogistics,High,Clear,44,46.6,2.6,No,Delivered,5
ORD004072,2026-02-23,Patna,BR,South,11.5,0.45,Standard,Prepaid,Returning,Ekart,High,Clear,16,20.2,4.2,No,Delivered,5
ORD004073,2025-12-20,Bhopal,MP,West,6.6,1.05,Standard,Prepaid,Returning,EcomExpress,High,Rain,19,24.9,5.9,No,Delivered,4
ORD004074,2026-03-05,Gurgaon,HR,West,15.5,0.74,Standard,Prepaid,New,Ekart,Low,Clear,18,21.1,3.1,No,Delivered,4
ORD004075,2026-01-11,Kolkata,WB,South,8.9,1.92,Standard,Prepaid,Returning,AmazonLogistics,Severe,Rain,50,56.3,6.3,No,Delivered,4
ORD004076,2025-12-22,Mumbai,MH,West,12.1,0.86,Express,COD,Returning,Delhivery,Medium,Clear,12,14.0,2.0,No,Delivered,4
ORD004077,2026-01-24,Noida,UP,South,6.2,0.84,Standard,COD,Returning,EcomExpress,Low,Clear,23,24.6,1.6,No,Delivered,5
ORD004078,2026-01-17,Nagpur,MH,West,3.7,4.07,Express,Prepaid,New,EcomExpress,Low,Rain,16,18.7,2.7,No,Delivered,5
ORD004079,2026-01-13,Hyderabad,TG,Central,7.4,1.79,Express,COD,New,DTDC,Medium,Rain,18,20.8,2.8,No,Delivered,4
ORD004080,2026-01-06,Patna,BR,Central,4.8,2.11,Express,Prepaid,New,XpressBees,Low,Clear,10,8.6,-1.4,Yes,Delivered,4
ORD004081,2026-02-12,Gurgaon,HR,East,0.5,0.81,Express,Prepaid,New,Shadowfax,High,Clear,11,12.0,1.0,No,Delivered,4
ORD004082,2025-12-11,Chennai,TN,West,11.6,0.57,Standard,Prepaid,Returning,AmazonLogistics,High,Rain,48,50.7,2.7,No,Delivered,3
ORD004083,2026-01-16,Patna,BR,West,7.6,2.1,Standard,Prepaid,Returning,EcomExpress,Low,Storm,20,24.3,4.3,No,Delivered,4
ORD004084,2026-01-07,Patna,BR,North,4.7,2.71,Standard,Prepaid,New,BlueDart,High,Clear,40,41.7,1.7,No,Delivered,5
ORD004085,2026-02-05,Surat,GJ,South,9.0,0.51,Standard,Prepaid,Returning,AmazonLogistics,Severe,Clear,39,43.6,4.6,No,Delivered,4
ORD004086,2026-02-06,Nagpur,MH,North,7.7,0.81,Express,Prepaid,Returning,Ekart,Low,Clear,14,16.2,2.2,No,Delivered,5
ORD004087,2026-02-28,Chennai,TN,North,13.1,0.64,Standard,COD,New,AmazonLogistics,High,Clear,42,46.4,4.4,No,Delivered,4
ORD004088,2026-02-20,Gurgaon,HR,Central,9.2,1.48,Standard,Prepaid,New,EcomExpress,Severe,Clear,47,52.9,5.9,No,Delivered,3
ORD004089,2026-02-26,Noida,UP,East,6.9,2.12,Standard,Prepaid,Returning,Delhivery,High,Fog,19,25.7,6.7,No,Delivered,4
ORD004090,2026-02-17,Noida,UP,South,10.3,0.89,Express,Prepaid,Returning,EcomExpress,Medium,Clear,8,10.1,2.1,No,Delivered,4
ORD004091,2026-02-02,Coimbatore,TN,North,7.4,0.88,Standard,COD,Returning,BlueDart,Severe,Clear,22,24.0,2.0,No,Delivered,5
ORD004092,2025-12-06,Mumbai,MH,West,8.2,0.34,Standard,Prepaid,New,EcomExpress,High,Clear,28,29.5,1.5,No,Delivered,4
ORD004093,2026-02-20,Ahmedabad,GJ,South,12.4,0.62,Express,Prepaid,Returning,Ekart,Medium,Clear,17,20.3,3.3,No,Delivered,4
ORD004094,2026-01-09,Jaipur,RJ,East,2.8,2.73,Express,COD,Returning,DTDC,Medium,Clear,12,14.6,2.6,No,Delivered,4
ORD004095,2026-01-07,Noida,UP,Central,4.0,1.49,Standard,Prepaid,Returning,BlueDart,Medium,Clear,34,35.9,1.9,No,Delivered,5
ORD004096,2026-03-01,Surat,GJ,South,5.8,1.93,Standard,COD,Returning,EcomExpress,Medium,Clear,39,44.9,5.9,No,Delivered,5
ORD004097,2026-01-20,Surat,GJ,North,6.4,0.89,Express,Prepaid,New,BlueDart,Medium,Rain,7,10.5,3.5,No,Delivered,4
ORD004098,2026-01-24,Delhi,DL,North,12.1,0.94,Standard,COD,VIP,Shadowfax,Low,Clear,25,27.2,2.2,No,Delivered,4
ORD004099,2026-01-03,Patna,BR,North,1.8,1.12,SameDay,Prepaid,Returning,DTDC,High,Clear,6,9.4,3.4,No,Delivered,5
ORD004100,2026-03-04,Kolkata,WB,South,7.4,1.34,Express,COD,VIP,Delhivery,High,Heatwave,13,16.4,3.4,No,Delivered,5
ORD004101,2026-01-08,Pune,MH,North,5.3,2.52,Express,Prepaid,New,AmazonLogistics,Medium,Clear,16,18.0,2.0,No,Delivered,4
ORD004102,2026-01-05,Noida,UP,North,14.3,0.74,Express,Prepaid,Returning,Delhivery,Medium,Clear,14,16.7,2.7,No,Delivered,4
ORD004103,2026-02-12,Bangalore,KA,North,11.0,1.02,SameDay,COD,Returning,EcomExpress,Low,Fog,5,11.6,6.6,No,Delivered,3
ORD004104,2026-01-10,Mumbai,MH,North,8.5,0.69,Standard,Prepaid,New,Ekart,Low,Clear,17,16.5,-0.5,Yes,Delivered,5
ORD004105,2026-02-28,Pune,MH,West,11.4,0.34,Standard,Prepaid,Returning,EcomExpress,High,Clear,19,23.0,4.0,No,Delivered,3
ORD004106,2026-01-15,Lucknow,UP,North,2.2,1.92,Express,Prepaid,New,Delhivery,Low,Rain,8,9.6,1.6,No,Delivered,4
ORD004107,2026-02-04,Delhi,DL,East,15.6,3.15,Standard,Prepaid,New,XpressBees,Severe,Clear,22,27.0,5.0,No,Delivered,4
ORD004108,2026-02-20,Bhopal,MP,North,4.1,1.75,Express,Prepaid,New,BlueDart,Medium,Heatwave,17,19.7,2.7,No,Delivered,4
ORD004109,2026-03-03,Surat,GJ,North,12.5,1.27,Standard,Prepaid,VIP,Delhivery,Low,Clear,38,39.5,1.5,No,Delivered,4
ORD004110,2025-12-31,Kolkata,WB,North,9.7,3.36,Standard,Prepaid,VIP,Delhivery,High,Clear,19,24.3,5.3,No,Delivered,4
ORD004111,2026-01-06,Mumbai,MH,West,8.6,1.46,Standard,Prepaid,Returning,Delhivery,Medium,Clear,20,21.5,1.5,No,Delivered,5
ORD004112,2026-01-13,Lucknow,UP,North,12.4,1.79,Express,COD,Returning,Shadowfax,Medium,Clear,10,12.7,2.7,No,Delivered,5
ORD004113,2026-01-17,Bangalore,KA,South,11.5,1.2,Standard,Prepaid,New,EcomExpress,Low,Clear,42,46.3,4.3,No,Delivered,4
ORD004114,2026-02-14,Noida,UP,North,7.9,1.32,Standard,Prepaid,Returning,AmazonLogistics,High,Clear,18,19.2,1.2,No,Delivered,3
ORD004115,2026-03-04,Chennai,TN,Central,5.8,1.02,Standard,Prepaid,VIP,AmazonLogistics,Medium,Clear,46,46.2,0.2,No,Delivered,5
ORD004116,2026-01-04,Lucknow,UP,North,8.0,1.82,Standard,Prepaid,Returning,Delhivery,High,Clear,45,44.8,-0.2,Yes,Delivered,4
ORD004117,2025-12-05,Mumbai,MH,South,7.1,0.57,Express,Prepaid,Returning,EcomExpress,High,Clear,18,21.0,3.0,No,Delivered,4
ORD004118,2026-01-11,Delhi,DL,East,8.9,1.42,SameDay,Prepaid,New,Delhivery,High,Clear,9,13.4,4.4,No,Delivered,3
ORD004119,2025-12-13,Hyderabad,TG,North,11.6,0.66,Express,Prepaid,Returning,EcomExpress,High,Rain,12,18.3,6.3,No,Delivered,4
ORD004120,2026-02-23,Pune,MH,North,9.4,1.5,Standard,COD,VIP,EcomExpress,High,Clear,19,23.5,4.5,No,NDR_Pending,2
ORD004121,2026-02-13,Coimbatore,TN,East,8.2,4.65,Standard,Prepaid,VIP,AmazonLogistics,High,Rain,37,40.6,3.6,No,Delivered,4
ORD004122,2026-01-06,Gurgaon,HR,North,4.9,1.68,SameDay,Prepaid,Returning,BlueDart,Medium,Clear,6,7.0,1.0,No,Delivered,5
ORD004123,2026-01-13,Noida,UP,North,8.8,2.24,Express,Prepaid,New,Shadowfax,High,Clear,16,19.0,3.0,No,Delivered,4
ORD004124,2026-01-23,Chennai,TN,South,0.7,1.9,Express,Prepaid,VIP,DTDC,High,Heatwave,9,12.7,3.7,No,Delivered,4
ORD004125,2026-02-09,Patna,BR,North,4.3,0.27,Standard,Prepaid,Returning,AmazonLogistics,Low,Heatwave,30,31.1,1.1,No,Delivered,3
ORD004126,2025-12-11,Surat,GJ,East,9.9,1.02,Standard,Prepaid,New,EcomExpress,High,Clear,34,37.4,3.4,No,Delivered,3
ORD004127,2026-01-08,Mumbai,MH,West,11.0,1.45,Standard,COD,New,EcomExpress,Medium,Clear,23,26.2,3.2,No,Delivered,4
ORD004128,2026-03-01,Pune,MH,West,7.4,0.32,Standard,Prepaid,Returning,Ekart,Medium,Fog,42,46.2,4.2,No,Delivered,5
ORD004129,2026-01-10,Surat,GJ,North,8.3,0.93,Standard,Prepaid,Returning,EcomExpress,Low,Clear,34,34.6,0.6,No,Delivered,5
ORD004130,2026-02-03,Jaipur,RJ,West,9.0,1.05,Express,COD,VIP,DTDC,Low,Clear,9,11.4,2.4,No,Delivered,4
ORD004131,2025-12-28,Mumbai,MH,West,10.2,0.53,Standard,COD,VIP,DTDC,Low,Clear,31,31.9,0.9,No,Reattempted,4
ORD004132,2026-03-02,Gurgaon,HR,North,6.7,0.62,Standard,Prepaid,Returning,Shadowfax,Low,Clear,23,24.3,1.3,No,NDR_Pending,4
ORD004133,2026-01-31,Coimbatore,TN,East,3.6,2.47,Express,Prepaid,VIP,EcomExpress,Low,Rain,6,7.3,1.3,No,Delivered,5
ORD004134,2026-02-16,Surat,GJ,West,9.0,0.13,SameDay,Prepaid,New,Delhivery,Low,Rain,5,8.2,3.2,No,Delivered,4
ORD004135,2026-03-05,Noida,UP,East,15.3,1.3,Standard,Prepaid,New,Shadowfax,Medium,Clear,18,21.5,3.5,No,Delivered,3
ORD004136,2026-02-12,Noida,UP,North,3.8,2.22,Standard,Prepaid,New,Shadowfax,Medium,Clear,17,17.4,0.4,No,Delivered,5
ORD004137,2025-12-22,Noida,UP,North,7.0,1.09,Express,Prepaid,Returning,AmazonLogistics,Severe,Clear,16,21.5,5.5,No,Delivered,4
ORD004138,2025-12-17,Chennai,TN,West,6.0,2.57,SameDay,COD,VIP,DTDC,High,Rain,9,17.1,8.1,No,RTO,2
ORD004139,2026-01-01,Chandigarh,CH,East,17.2,0.86,Express,Prepaid,Returning,Ekart,Low,Heatwave,15,17.5,2.5,No,Delivered,4
ORD004140,2026-01-18,Surat,GJ,South,3.7,0.64,Standard,COD,VIP,Ekart,Medium,Clear,45,47.0,2.0,No,Delivered,5
ORD004141,2026-01-03,Coimbatore,TN,North,6.9,1.1,Express,Prepaid,Returning,DTDC,Medium,Rain,16,21.5,5.5,No,Delivered,4
ORD004142,2025-12-06,Chandigarh,CH,East,6.0,0.88,Express,Prepaid,Returning,Delhivery,Medium,Clear,8,7.7,-0.3,Yes,Delivered,5
ORD004143,2025-12-15,Bangalore,KA,North,2.5,0.78,Standard,COD,New,BlueDart,Medium,Clear,22,23.6,1.6,No,Delivered,5
ORD004144,2026-01-25,Jaipur,RJ,South,2.3,0.99,Standard,Prepaid,Returning,XpressBees,High,Clear,40,42.6,2.6,No,Delivered,4
ORD004145,2025-12-06,Delhi,DL,West,9.8,0.69,Express,Prepaid,Returning,XpressBees,High,Clear,19,24.0,5.0,No,Delivered,3
ORD004146,2026-03-02,Chennai,TN,North,10.3,0.67,Express,Prepaid,Returning,EcomExpress,Medium,Clear,10,12.2,2.2,No,Delivered,4
ORD004147,2025-12-29,Jaipur,RJ,North,5.3,0.56,Standard,Prepaid,New,XpressBees,High,Fog,24,30.1,6.1,No,Delivered,4
ORD004148,2026-01-09,Chandigarh,CH,North,13.1,1.42,Express,COD,New,BlueDart,Medium,Clear,10,11.8,1.8,No,Delivered,5
ORD004149,2025-12-31,Chandigarh,CH,East,0.5,0.61,Express,Prepaid,Returning,EcomExpress,High,Clear,12,15.8,3.8,No,Delivered,4
ORD004150,2026-01-05,Ahmedabad,GJ,South,2.5,0.52,Standard,COD,Returning,AmazonLogistics,Severe,Fog,18,23.2,5.2,No,Delivered,3
ORD004151,2026-02-01,Kolkata,WB,West,4.2,0.58,Standard,Prepaid,Returning,BlueDart,Medium,Rain,24,28.0,4.0,No,Delivered,5
ORD004152,2025-12-31,Surat,GJ,Central,7.5,1.25,Standard,COD,VIP,Shadowfax,High,Clear,20,24.0,4.0,No,Delivered,4
ORD004153,2026-01-19,Gurgaon,HR,West,5.7,1.65,SameDay,Prepaid,Returning,XpressBees,High,Clear,9,9.6,0.6,No,Delivered,4
ORD004154,2026-01-26,Noida,UP,South,6.7,1.73,Standard,Prepaid,New,XpressBees,Medium,Fog,30,34.4,4.4,No,RTO,2
ORD004155,2026-02-18,Hyderabad,TG,South,9.4,1.26,Express,COD,Returning,EcomExpress,Low,Clear,7,9.9,2.9,No,NDR_Pending,4
ORD004156,2026-02-25,Bangalore,KA,South,13.3,1.52,Standard,Prepaid,Returning,XpressBees,High,Clear,33,35.9,2.9,No,Delivered,4
ORD004157,2025-12-26,Coimbatore,TN,West,10.7,1.07,Express,Prepaid,Returning,EcomExpress,Medium,Clear,8,9.5,1.5,No,RTO,4
ORD004158,2026-01-27,Kolkata,WB,Central,7.7,1.45,SameDay,COD,Returning,XpressBees,Medium,Clear,4,7.0,3.0,No,Delivered,5
ORD004159,2025-12-12,Bangalore,KA,East,7.2,1.44,SameDay,Prepaid,Returning,Delhivery,High,Rain,8,12.6,4.6,No,NDR_Pending,3
ORD004160,2026-02-11,Mumbai,MH,South,11.9,0.71,Express,Prepaid,New,Ekart,Medium,Fog,17,22.2,5.2,No,Delivered,4
ORD004161,2026-01-11,Jaipur,RJ,South,15.0,0.58,Standard,Prepaid,New,AmazonLogistics,Low,Clear,46,47.2,1.2,No,Delivered,4
ORD004162,2026-01-07,Ahmedabad,GJ,East,10.1,2.49,Standard,COD,Returning,BlueDart,Severe,Storm,30,37.4,7.4,No,Reattempted,4
ORD004163,2026-02-19,Indore,MP,North,5.5,1.19,Standard,Prepaid,Returning,EcomExpress,Medium,Clear,36,40.7,4.7,No,Delivered,4
ORD004164,2026-01-07,Hyderabad,TG,East,8.5,2.08,Express,Prepaid,Returning,BlueDart,Medium,Rain,15,18.1,3.1,No,Delivered,3
ORD004165,2025-12-31,Coimbatore,TN,North,9.8,0.57,Standard,Prepaid,Returning,DTDC,High,Clear,41,45.2,4.2,No,Delivered,4
ORD004166,2025-12-26,Kochi,KL,West,5.3,0.87,Standard,Prepaid,New,XpressBees,Low,Clear,29,32.3,3.3,No,Delivered,4
ORD004167,2026-02-04,Lucknow,UP,East,11.0,0.48,Standard,Prepaid,Returning,DTDC,High,Clear,32,37.2,5.2,No,Delivered,3
ORD004168,2025-12-13,Bangalore,KA,South,8.6,1.63,Express,COD,Returning,Ekart,High,Rain,14,20.7,6.7,No,Delivered,3
ORD004169,2026-02-26,Surat,GJ,North,12.2,0.76,Standard,COD,Returning,Shadowfax,Medium,Clear,19,23.4,4.4,No,RTO,3
ORD004170,2026-02-19,Kochi,KL,East,3.6,0.79,Standard,COD,Returning,DTDC,Medium,Clear,27,30.1,3.1,No,Delivered,3
ORD004171,2025-12-14,Ahmedabad,GJ,South,0.5,3.57,Standard,COD,Returning,Shadowfax,Severe,Clear,25,30.3,5.3,No,Delivered,4
ORD004172,2026-02-09,Chennai,TN,South,5.9,1.65,Standard,Prepaid,Returning,XpressBees,Severe,Clear,36,41.7,5.7,No,Delivered,4
ORD004173,2025-12-05,Surat,GJ,South,7.6,1.64,Express,Prepaid,New,Shadowfax,Low,Clear,16,16.9,0.9,No,Delivered,4
ORD004174,2025-12-16,Ahmedabad,GJ,South,0.5,0.54,Express,Prepaid,Returning,AmazonLogistics,Medium,Clear,15,16.8,1.8,No,Delivered,4
ORD004175,2026-01-30,Jaipur,RJ,West,5.1,0.36,Express,Prepaid,Returning,Delhivery,Medium,Clear,16,18.5,2.5,No,NDR_Pending,3
ORD004176,2026-01-22,Kolkata,WB,North,12.6,1.98,Standard,Prepaid,Returning,EcomExpress,Severe,Fog,22,27.2,5.2,No,Delivered,3
ORD004177,2026-02-17,Kolkata,WB,South,9.6,0.29,Standard,Prepaid,New,EcomExpress,High,Rain,23,29.6,6.6,No,Delivered,3
ORD004178,2026-01-30,Coimbatore,TN,East,8.1,0.82,Express,COD,New,Ekart,Medium,Clear,10,11.8,1.8,No,Delivered,4
ORD004179,2025-12-10,Lucknow,UP,North,3.3,0.68,Standard,Prepaid,Returning,Shadowfax,Severe,Clear,41,45.7,4.7,No,Delivered,4
ORD004180,2026-02-21,Lucknow,UP,South,12.5,0.63,Express,Prepaid,Returning,BlueDart,Medium,Clear,10,10.2,0.2,No,Delivered,4
ORD004181,2026-01-03,Kochi,KL,West,5.8,0.85,SameDay,COD,Returning,BlueDart,Medium,Clear,5,6.2,1.2,No,Delivered,4
ORD004182,2025-12-17,Ahmedabad,GJ,East,7.9,0.59,Standard,Prepaid,Returning,Shadowfax,High,Fog,16,21.2,5.2,No,Delivered,4
ORD004183,2026-01-10,Delhi,DL,West,9.1,0.53,Express,Prepaid,Returning,AmazonLogistics,Medium,Clear,16,18.2,2.2,No,Delivered,3
ORD004184,2025-12-15,Chandigarh,CH,East,8.2,1.29,Standard,Prepaid,Returning,Ekart,High,Fog,36,41.1,5.1,No,Delivered,4
ORD004185,2025-12-27,Pune,MH,North,13.5,2.1,Standard,Prepaid,VIP,AmazonLogistics,Medium,Clear,41,40.5,-0.5,Yes,Delivered,5
ORD004186,2025-12-28,Indore,MP,South,9.8,0.39,Standard,Prepaid,VIP,AmazonLogistics,High,Storm,36,41.9,5.9,No,Delivered,4
ORD004187,2026-02-26,Chennai,TN,Central,8.9,1.24,Express,COD,New,EcomExpress,Severe,Rain,12,19.3,7.3,No,Delivered,4
ORD004188,2025-12-26,Hyderabad,TG,East,7.2,1.53,SameDay,COD,Returning,EcomExpress,Medium,Rain,7,12.3,5.3,No,Delivered,3
ORD004189,2026-01-25,Mumbai,MH,West,9.2,1.44,Standard,COD,VIP,XpressBees,Medium,Heatwave,42,46.0,4.0,No,Delivered,4
ORD004190,2025-12-18,Gurgaon,HR,South,6.7,0.97,Express,COD,New,XpressBees,High,Clear,12,15.2,3.2,No,Delivered,4
ORD004191,2025-12-16,Jaipur,RJ,South,8.3,0.77,Standard,Prepaid,New,EcomExpress,Low,Clear,31,32.8,1.8,No,Delivered,4
ORD004192,2026-02-22,Kolkata,WB,North,6.1,1.74,Standard,COD,VIP,AmazonLogistics,High,Clear,42,47.4,5.4,No,Delivered,4
ORD004193,2026-01-09,Coimbatore,TN,East,5.5,1.35,Express,Prepaid,Returning,EcomExpress,High,Rain,8,14.5,6.5,No,Delivered,3
ORD004194,2026-03-05,Mumbai,MH,East,3.8,0.35,Express,Prepaid,VIP,EcomExpress,Low,Fog,14,14.8,0.8,No,Delivered,5
ORD004195,2025-12-25,Indore,MP,South,6.4,0.97,Express,COD,Returning,EcomExpress,High,Clear,15,22.0,7.0,No,Delivered,3
ORD004196,2026-02-02,Lucknow,UP,North,6.2,1.14,SameDay,Prepaid,Returning,AmazonLogistics,Medium,Rain,5,9.4,4.4,No,Delivered,3
ORD004197,2025-12-06,Indore,MP,South,14.8,0.57,Standard,Prepaid,Returning,DTDC,Low,Clear,34,38.4,4.4,No,Delivered,4
ORD004198,2026-02-11,Delhi,DL,North,11.5,0.95,Standard,COD,Returning,Shadowfax,Medium,Clear,31,32.2,1.2,No,Delivered,5
ORD004199,2026-02-21,Noida,UP,West,7.0,1.48,Standard,Prepaid,VIP,AmazonLogistics,High,Clear,35,37.2,2.2,No,NDR_Pending,4
ORD004200,2026-01-21,Hyderabad,TG,West,5.8,0.67,Express,Prepaid,Returning,AmazonLogistics,Severe,Clear,16,20.8,4.8,No,Delivered,5
ORD004201,2026-02-07,Kochi,KL,North,10.0,1.27,Standard,Prepaid,VIP,BlueDart,Medium,Clear,21,21.5,0.5,No,Delivered,4
ORD004202,2026-01-30,Coimbatore,TN,West,15.3,0.61,Standard,Prepaid,New,AmazonLogistics,Low,Rain,35,38.9,3.9,No,Delivered,4
ORD004203,2026-01-19,Kolkata,WB,Central,10.7,0.53,Express,Prepaid,VIP,EcomExpress,Low,Clear,13,16.7,3.7,No,Delivered,5
ORD004204,2026-02-20,Delhi,DL,North,0.6,1.6,Standard,Prepaid,Returning,Shadowfax,High,Clear,37,39.1,2.1,No,Delivered,4
ORD004205,2026-02-13,Chennai,TN,South,11.0,2.24,Express,Prepaid,New,Delhivery,Medium,Clear,18,22.5,4.5,No,Delivered,5
ORD004206,2026-02-23,Bhopal,MP,South,11.7,0.54,SameDay,Prepaid,Returning,BlueDart,Medium,Clear,6,8.9,2.9,No,Delivered,4
ORD004207,2025-12-27,Gurgaon,HR,North,16.3,1.96,Standard,Prepaid,New,Shadowfax,Medium,Rain,26,28.6,2.6,No,Delivered,4
ORD004208,2026-01-03,Gurgaon,HR,South,6.5,1.1,Standard,Prepaid,New,Delhivery,Medium,Fog,17,20.1,3.1,No,Delivered,3
ORD004209,2025-12-13,Hyderabad,TG,West,8.1,0.29,SameDay,Prepaid,VIP,Shadowfax,High,Clear,8,12.7,4.7,No,Delivered,4
ORD004210,2026-02-15,Nagpur,MH,North,9.3,0.47,Express,Prepaid,VIP,XpressBees,Medium,Rain,18,21.0,3.0,No,Delivered,5
ORD004211,2026-01-10,Bangalore,KA,North,4.4,1.59,Standard,Prepaid,New,XpressBees,Low,Rain,47,51.1,4.1,No,Reattempted,4
ORD004212,2025-12-06,Coimbatore,TN,East,4.1,0.42,Express,Prepaid,New,Delhivery,Medium,Rain,14,18.1,4.1,No,Delivered,4
ORD004213,2026-03-04,Jaipur,RJ,South,9.1,0.76,Standard,COD,New,Delhivery,Medium,Clear,20,23.2,3.2,No,Reattempted,4
ORD004214,2025-12-16,Coimbatore,TN,West,1.3,1.05,Express,Prepaid,Returning,BlueDart,Medium,Clear,12,12.1,0.1,No,Delivered,5
ORD004215,2026-02-28,Kochi,KL,West,2.2,1.45,Standard,Prepaid,Returning,AmazonLogistics,Low,Rain,33,35.0,2.0,No,Delivered,5
ORD004216,2025-12-31,Noida,UP,East,10.8,1.23,Standard,Prepaid,Returning,AmazonLogistics,Low,Clear,26,29.0,3.0,No,Delivered,3
ORD004217,2026-01-30,Lucknow,UP,West,9.5,2.83,Express,Prepaid,Returning,EcomExpress,Medium,Clear,17,18.9,1.9,No,Delivered,4
ORD004218,2026-01-18,Kolkata,WB,East,12.5,0.68,Standard,Prepaid,VIP,DTDC,Medium,Clear,30,33.7,3.7,No,Delivered,4
ORD004219,2026-01-18,Surat,GJ,West,9.4,1.17,Express,Prepaid,New,XpressBees,High,Clear,11,17.3,6.3,No,Delivered,4
ORD004220,2025-12-26,Bangalore,KA,South,7.5,1.45,Express,Prepaid,New,Ekart,Medium,Clear,11,13.4,2.4,No,Delivered,4
ORD004221,2026-01-13,Delhi,DL,South,12.7,1.69,SameDay,Prepaid,Returning,Delhivery,Medium,Heatwave,8,10.9,2.9,No,Delivered,4
ORD004222,2026-02-22,Surat,GJ,South,5.8,2.08,Standard,Prepaid,VIP,XpressBees,High,Clear,34,36.8,2.8,No,Delivered,4
ORD004223,2026-01-03,Bhopal,MP,South,6.2,0.85,Standard,COD,Returning,XpressBees,Medium,Clear,37,37.2,0.2,No,Delivered,3
ORD004224,2026-01-23,Surat,GJ,North,7.2,1.63,Standard,Prepaid,Returning,EcomExpress,Low,Storm,18,21.3,3.3,No,Delivered,3
ORD004225,2026-02-25,Patna,BR,South,9.3,0.63,Standard,Prepaid,Returning,Delhivery,High,Clear,25,29.1,4.1,No,Delivered,4
ORD004226,2026-01-11,Bangalore,KA,South,7.2,1.05,Standard,Prepaid,New,Delhivery,Medium,Clear,21,24.2,3.2,No,Delivered,4
ORD004227,2026-03-04,Jaipur,RJ,North,1.6,1.49,Standard,Prepaid,Returning,Shadowfax,Severe,Fog,42,47.9,5.9,No,Delivered,5
ORD004228,2026-02-15,Nagpur,MH,North,6.4,1.98,Standard,COD,Returning,DTDC,Medium,Heatwave,19,23.7,4.7,No,Delivered,4
ORD004229,2026-01-28,Kolkata,WB,West,7.4,1.56,SameDay,Prepaid,New,DTDC,High,Rain,9,15.6,6.6,No,Delivered,3
ORD004230,2026-02-07,Mumbai,MH,West,8.0,1.17,Standard,Prepaid,Returning,EcomExpress,High,Clear,34,36.7,2.7,No,Delivered,4
ORD004231,2026-02-12,Pune,MH,East,5.7,1.05,Standard,Prepaid,New,AmazonLogistics,Low,Clear,19,18.6,-0.4,Yes,Delivered,5
ORD004232,2026-02-11,Gurgaon,HR,South,9.5,1.54,Express,COD,Returning,BlueDart,Medium,Fog,14,17.0,3.0,No,Delivered,4
ORD004233,2025-12-28,Nagpur,MH,East,1.1,4.11,Standard,Prepaid,New,Ekart,High,Heatwave,14,18.4,4.4,No,Delivered,4
ORD004234,2026-01-03,Chennai,TN,East,9.2,1.85,Express,Prepaid,Returning,Delhivery,Medium,Clear,18,20.3,2.3,No,Delivered,4
ORD004235,2026-02-27,Chennai,TN,North,14.7,1.39,Express,Prepaid,Returning,AmazonLogistics,Medium,Fog,13,18.5,5.5,No,Delivered,4
ORD004236,2026-01-02,Mumbai,MH,Central,5.1,0.49,Express,Prepaid,Returning,Ekart,Severe,Rain,12,18.5,6.5,No,Delivered,4
ORD004237,2026-02-08,Gurgaon,HR,North,7.7,0.67,Express,Prepaid,New,AmazonLogistics,High,Clear,12,13.6,1.6,No,Delivered,5
ORD004238,2026-01-01,Delhi,DL,West,6.5,0.91,Express,Prepaid,New,AmazonLogistics,Severe,Clear,18,23.1,5.1,No,Delivered,4
ORD004239,2026-01-06,Patna,BR,East,6.6,1.91,SameDay,COD,Returning,BlueDart,High,Clear,6,7.0,1.0,No,Delivered,4
ORD004240,2026-02-14,Hyderabad,TG,South,3.4,0.63,Standard,Prepaid,VIP,DTDC,High,Heatwave,14,17.6,3.6,No,Delivered,4
ORD004241,2026-02-01,Kolkata,WB,West,15.5,1.62,Standard,Prepaid,Returning,XpressBees,High,Clear,37,40.7,3.7,No,Delivered,4
ORD004242,2026-01-08,Chennai,TN,South,9.0,1.19,Express,COD,New,BlueDart,High,Rain,16,23.4,7.4,No,Delivered,4
ORD004243,2026-01-30,Bhopal,MP,North,4.8,1.37,Standard,Prepaid,Returning,Ekart,Severe,Clear,28,34.8,6.8,No,Delivered,4
ORD004244,2025-12-16,Mumbai,MH,North,4.4,0.97,Standard,Prepaid,Returning,EcomExpress,High,Rain,29,34.5,5.5,No,Delivered,3
ORD004245,2026-01-01,Ahmedabad,GJ,North,7.7,0.77,Express,Prepaid,Returning,BlueDart,Low,Clear,9,9.1,0.1,No,Delivered,5
ORD004246,2026-01-19,Chennai,TN,North,0.5,0.62,Standard,COD,New,Ekart,High,Heatwave,29,35.1,6.1,No,Delivered,3
ORD004247,2026-02-19,Chennai,TN,West,11.7,1.6,Standard,Prepaid,New,EcomExpress,Low,Clear,23,24.0,1.0,No,Delivered,5
ORD004248,2025-12-24,Bangalore,KA,South,5.4,1.06,Express,Prepaid,New,Delhivery,Severe,Rain,12,16.9,4.9,No,Delivered,3
ORD004249,2026-01-11,Gurgaon,HR,South,9.1,0.58,Standard,Prepaid,Returning,EcomExpress,High,Rain,49,52.2,3.2,No,Delivered,4
ORD004250,2026-01-26,Ahmedabad,GJ,West,9.2,1.26,Standard,Prepaid,New,AmazonLogistics,Medium,Clear,38,39.7,1.7,No,Delivered,5
ORD004251,2025-12-27,Jaipur,RJ,North,11.4,8.62,Express,COD,Returning,AmazonLogistics,Medium,Heatwave,17,18.2,1.2,No,Delivered,4
ORD004252,2026-01-21,Ahmedabad,GJ,North,9.5,0.98,Express,Prepaid,Returning,Delhivery,Medium,Clear,11,15.0,4.0,No,Delivered,4
ORD004253,2026-02-06,Noida,UP,East,10.5,2.98,Standard,Prepaid,Returning,XpressBees,Medium,Heatwave,13,15.7,2.7,No,Delivered,4
ORD004254,2025-12-29,Kolkata,WB,East,11.6,0.23,Standard,Prepaid,Returning,XpressBees,High,Clear,36,38.6,2.6,No,Delivered,3
ORD004255,2025-12-25,Kolkata,WB,South,6.2,0.94,Standard,Prepaid,Returning,DTDC,High,Rain,46,52.7,6.7,No,Delivered,4
ORD004256,2026-02-27,Kolkata,WB,North,16.1,1.96,Express,COD,New,DTDC,Medium,Heatwave,15,20.9,5.9,No,Delivered,3
ORD004257,2026-02-07,Kolkata,WB,East,8.9,1.12,Standard,Prepaid,New,Ekart,Medium,Heatwave,17,22.1,5.1,No,Delivered,4
ORD004258,2026-01-14,Pune,MH,East,7.4,0.75,Express,Prepaid,Returning,BlueDart,Medium,Clear,17,16.5,-0.5,Yes,Delivered,4
ORD004259,2026-01-03,Nagpur,MH,South,4.1,1.09,Express,Prepaid,Returning,EcomExpress,Medium,Clear,16,15.4,-0.6,Yes,Delivered,5
ORD004260,2026-01-22,Mumbai,MH,North,6.7,2.0,Standard,COD,Returning,XpressBees,High,Rain,30,37.8,7.8,No,Delivered,3
ORD004261,2026-02-20,Hyderabad,TG,North,9.1,4.0,Express,Prepaid,Returning,BlueDart,Severe,Clear,18,19.4,1.4,No,Delivered,5
ORD004262,2026-02-07,Hyderabad,TG,West,7.9,2.09,SameDay,Prepaid,New,Shadowfax,High,Heatwave,9,11.7,2.7,No,Delivered,4
ORD004263,2026-01-21,Chennai,TN,East,14.8,0.82,Express,Prepaid,New,Delhivery,Medium,Clear,13,16.0,3.0,No,Delivered,3
ORD004264,2026-02-01,Patna,BR,West,5.9,0.96,Standard,COD,Returning,Delhivery,Low,Clear,25,25.0,0.0,Yes,Delivered,4
ORD004265,2025-12-18,Indore,MP,South,10.2,0.97,Standard,COD,Returning,Ekart,Severe,Rain,23,31.1,8.1,No,Delivered,4
ORD004266,2025-12-08,Noida,UP,West,3.0,0.66,Express,Prepaid,Returning,Delhivery,Severe,Clear,12,15.1,3.1,No,Delivered,4
ORD004267,2026-02-08,Ahmedabad,GJ,East,16.2,1.01,Express,Prepaid,New,XpressBees,Low,Clear,8,12.1,4.1,No,Delivered,4
ORD004268,2026-01-18,Gurgaon,HR,South,2.7,0.94,Standard,Prepaid,Returning,AmazonLogistics,High,Clear,25,28.0,3.0,No,Delivered,4
ORD004269,2026-02-24,Mumbai,MH,East,15.8,0.54,Standard,Prepaid,Returning,Delhivery,Medium,Storm,42,48.9,6.9,No,Delivered,4
ORD004270,2026-02-25,Surat,GJ,South,7.0,1.83,Express,Prepaid,Returning,EcomExpress,Low,Clear,10,10.8,0.8,No,Delivered,5
ORD004271,2026-03-03,Patna,BR,South,0.5,1.42,Standard,Prepaid,Returning,BlueDart,Severe,Storm,40,45.9,5.9,No,Delivered,3
ORD004272,2026-02-23,Surat,GJ,West,12.9,0.75,Standard,Prepaid,Returning,Shadowfax,Severe,Clear,17,22.5,5.5,No,Delivered,4
ORD004273,2026-01-28,Gurgaon,HR,South,7.8,1.21,Standard,Prepaid,Returning,BlueDart,Severe,Clear,35,38.1,3.1,No,Delivered,5
ORD004274,2025-12-16,Kolkata,WB,Central,5.7,0.62,Standard,Prepaid,New,XpressBees,Low,Clear,46,49.5,3.5,No,Delivered,4
ORD004275,2026-02-01,Mumbai,MH,South,10.1,0.79,Standard,Prepaid,New,EcomExpress,Medium,Clear,48,50.8,2.8,No,Delivered,4
ORD004276,2026-01-01,Patna,BR,South,10.2,1.67,Standard,COD,New,Delhivery,Severe,Clear,22,26.9,4.9,No,Reattempted,3
ORD004277,2026-02-20,Pune,MH,South,9.2,1.47,Standard,Prepaid,VIP,Delhivery,High,Clear,41,46.5,5.5,No,Delivered,4
ORD004278,2025-12-30,Patna,BR,South,12.0,0.81,Standard,COD,VIP,BlueDart,Medium,Clear,46,48.6,2.6,No,Delivered,4
ORD004279,2026-02-23,Coimbatore,TN,South,8.5,1.33,Standard,COD,Returning,BlueDart,Medium,Rain,39,44.7,5.7,No,Delivered,4
ORD004280,2026-02-26,Bhopal,MP,West,10.1,1.06,Standard,COD,Returning,Ekart,Low,Clear,27,30.9,3.9,No,Delivered,4
ORD004281,2026-01-17,Lucknow,UP,South,5.4,0.61,Standard,COD,New,Delhivery,High,Clear,18,22.3,4.3,No,Delivered,4
ORD004282,2026-03-03,Chandigarh,CH,South,10.6,1.0,Standard,COD,Returning,Shadowfax,High,Clear,33,35.8,2.8,No,Delivered,4
ORD004283,2026-01-09,Bangalore,KA,West,5.4,1.43,Standard,Prepaid,New,XpressBees,Low,Clear,13,13.5,0.5,No,Delivered,3
ORD004284,2026-01-13,Jaipur,RJ,North,3.0,1.33,Express,Prepaid,New,DTDC,Low,Rain,17,24.1,7.1,No,Delivered,4
ORD004285,2026-02-26,Delhi,DL,West,6.7,0.4,Standard,COD,Returning,XpressBees,Medium,Rain,27,30.9,3.9,No,Delivered,4
ORD004286,2026-02-06,Patna,BR,South,6.4,1.22,Express,Prepaid,New,Delhivery,Medium,Fog,13,16.8,3.8,No,Delivered,3
ORD004287,2025-12-21,Coimbatore,TN,South,11.2,1.12,Standard,Prepaid,Returning,XpressBees,Medium,Clear,38,40.1,2.1,No,Delivered,4
ORD004288,2025-12-20,Bhopal,MP,West,1.7,0.35,Standard,Prepaid,Returning,EcomExpress,Low,Clear,26,25.5,-0.5,Yes,Delivered,5
ORD004289,2026-01-21,Patna,BR,West,11.9,0.68,Standard,Prepaid,Returning,AmazonLogistics,High,Fog,32,38.3,6.3,No,Delivered,2
ORD004290,2026-02-03,Kolkata,WB,East,5.0,1.48,Standard,Prepaid,Returning,EcomExpress,Medium,Heatwave,22,23.0,1.0,No,Delivered,4
ORD004291,2026-01-25,Pune,MH,South,0.5,2.54,Standard,Prepaid,Returning,DTDC,High,Clear,28,29.9,1.9,No,Delivered,5
ORD004292,2025-12-09,Gurgaon,HR,South,2.7,0.41,Express,Prepaid,Returning,XpressBees,Medium,Clear,15,17.0,2.0,No,Delivered,4
ORD004293,2025-12-19,Lucknow,UP,West,6.3,1.99,Standard,Prepaid,Returning,XpressBees,Medium,Rain,19,22.6,3.6,No,NDR_Pending,5
ORD004294,2025-12-12,Pune,MH,West,9.3,0.36,Standard,Prepaid,Returning,Delhivery,High,Storm,38,45.4,7.4,No,Delivered,4
ORD004295,2026-02-14,Gurgaon,HR,West,7.0,2.56,Standard,COD,Returning,DTDC,High,Clear,43,47.2,4.2,No,Delivered,5
ORD004296,2026-01-09,Noida,UP,West,2.7,0.96,SameDay,COD,VIP,DTDC,Medium,Clear,4,4.9,0.9,No,Delivered,4
ORD004297,2026-01-08,Jaipur,RJ,East,4.4,0.72,Standard,Prepaid,Returning,Shadowfax,Medium,Fog,17,22.5,5.5,No,Delivered,4
ORD004298,2026-02-20,Patna,BR,North,2.7,1.37,Standard,Prepaid,VIP,BlueDart,Medium,Rain,32,36.1,4.1,No,Delivered,3
ORD004299,2026-03-03,Mumbai,MH,West,8.5,0.62,Standard,COD,New,Delhivery,Medium,Clear,33,34.6,1.6,No,Delivered,4
ORD004300,2025-12-06,Pune,MH,North,7.1,1.51,SameDay,Prepaid,VIP,EcomExpress,Medium,Clear,5,7.7,2.7,No,Delivered,4
ORD004301,2026-02-23,Chennai,TN,South,10.0,1.03,Express,Prepaid,VIP,AmazonLogistics,Medium,Clear,16,17.1,1.1,No,Reattempted,4
ORD004302,2026-01-04,Kochi,KL,West,0.5,0.11,Standard,Prepaid,New,BlueDart,Medium,Rain,47,50.8,3.8,No,Delivered,3
ORD004303,2026-02-12,Delhi,DL,South,5.4,0.68,Standard,COD,Returning,DTDC,Medium,Rain,36,41.5,5.5,No,Delivered,4
ORD004304,2026-01-31,Mumbai,MH,South,15.6,1.24,Express,Prepaid,Returning,AmazonLogistics,High,Clear,17,22.3,5.3,No,Delivered,4
ORD004305,2025-12-17,Kochi,KL,East,10.1,2.1,Standard,Prepaid,Returning,DTDC,Low,Clear,29,29.7,0.7,No,Delivered,4
ORD004306,2026-01-01,Patna,BR,East,6.3,1.35,Standard,Prepaid,New,DTDC,Severe,Rain,15,20.4,5.4,No,Delivered,4
ORD004307,2026-01-09,Coimbatore,TN,South,3.6,2.08,Standard,COD,Returning,XpressBees,High,Clear,16,17.5,1.5,No,Delivered,5
ORD004308,2025-12-05,Patna,BR,Central,11.9,0.65,Standard,COD,Returning,Shadowfax,Low,Clear,42,47.5,5.5,No,Delivered,3
ORD004309,2026-01-08,Bhopal,MP,South,13.6,1.71,Standard,Prepaid,Returning,EcomExpress,High,Clear,18,23.4,5.4,No,Delivered,5
ORD004310,2026-01-22,Nagpur,MH,East,2.9,1.73,Express,COD,VIP,AmazonLogistics,Medium,Clear,11,13.9,2.9,No,Delivered,4
ORD004311,2026-01-29,Surat,GJ,North,3.3,0.42,Express,Prepaid,Returning,Ekart,Severe,Rain,18,22.6,4.6,No,RTO,3
ORD004312,2025-12-16,Chandigarh,CH,South,8.6,2.14,Standard,COD,Returning,Shadowfax,Severe,Clear,31,37.4,6.4,No,Delivered,4
ORD004313,2026-02-07,Kolkata,WB,South,9.0,1.35,Standard,COD,Returning,Ekart,High,Rain,22,26.0,4.0,No,Delivered,4
ORD004314,2026-01-02,Pune,MH,North,9.4,0.93,Standard,COD,New,Ekart,Medium,Rain,42,47.3,5.3,No,Reattempted,3
ORD004315,2026-01-20,Patna,BR,South,14.9,0.92,Express,Prepaid,New,Shadowfax,Severe,Clear,17,22.9,5.9,No,Delivered,4
ORD004316,2026-02-24,Chennai,TN,North,3.6,0.59,Standard,Prepaid,New,DTDC,High,Fog,23,28.1,5.1,No,Delivered,4
ORD004317,2026-01-19,Noida,UP,West,7.7,1.61,Standard,Prepaid,VIP,XpressBees,High,Clear,21,24.0,3.0,No,Delivered,5
ORD004318,2026-01-27,Jaipur,RJ,North,10.4,1.32,Standard,Prepaid,Returning,EcomExpress,Low,Rain,39,43.9,4.9,No,Delivered,4
ORD004319,2026-02-24,Chandigarh,CH,North,10.3,1.57,Standard,COD,Returning,Delhivery,Severe,Clear,23,28.4,5.4,No,NDR_Pending,2
ORD004320,2026-02-09,Mumbai,MH,Central,4.9,1.16,Standard,Prepaid,New,Shadowfax,High,Storm,21,29.1,8.1,No,Delivered,4
ORD004321,2026-01-08,Kochi,KL,West,5.1,1.25,Standard,Prepaid,Returning,AmazonLogistics,Medium,Clear,44,45.0,1.0,No,Delivered,4
ORD004322,2025-12-19,Jaipur,RJ,Central,5.7,0.93,Express,Prepaid,Returning,EcomExpress,Severe,Clear,16,21.4,5.4,No,Delivered,5
ORD004323,2026-01-12,Lucknow,UP,South,14.3,2.11,Standard,Prepaid,Returning,AmazonLogistics,High,Clear,49,53.2,4.2,No,Delivered,4
ORD004324,2026-02-11,Chennai,TN,North,3.6,1.59,Express,Prepaid,New,XpressBees,Severe,Clear,14,19.3,5.3,No,Delivered,3
ORD004325,2026-01-11,Noida,UP,West,6.2,1.23,Standard,Prepaid,New,DTDC,Low,Clear,39,40.6,1.6,No,Delivered,5
ORD004326,2025-12-20,Ahmedabad,GJ,West,10.6,1.02,Standard,Prepaid,VIP,EcomExpress,Medium,Clear,20,25.1,5.1,No,Delivered,4
ORD004327,2025-12-09,Chandigarh,CH,North,3.1,0.38,Express,Prepaid,Returning,Shadowfax,High,Clear,14,18.1,4.1,No,Delivered,4
ORD004328,2026-02-22,Jaipur,RJ,East,8.5,0.34,SameDay,Prepaid,New,EcomExpress,Low,Clear,8,6.4,-1.6,Yes,Delivered,4
ORD004329,2025-12-26,Mumbai,MH,West,0.5,0.89,Standard,COD,VIP,EcomExpress,High,Rain,43,47.8,4.8,No,Delivered,4
ORD004330,2026-02-05,Chandigarh,CH,West,8.3,2.37,Express,Prepaid,Returning,Delhivery,High,Clear,10,15.3,5.3,No,Reattempted,4
ORD004331,2026-02-19,Bangalore,KA,South,7.7,0.72,Express,Prepaid,Returning,Delhivery,Medium,Clear,18,19.1,1.1,No,Delivered,5
ORD004332,2026-02-04,Chennai,TN,West,8.2,0.74,Express,COD,New,EcomExpress,High,Heatwave,18,23.0,5.0,No,Delivered,3
ORD004333,2025-12-08,Chandigarh,CH,North,4.0,0.62,Standard,Prepaid,VIP,XpressBees,Low,Rain,18,20.9,2.9,No,Delivered,4
ORD004334,2025-12-25,Chandigarh,CH,Central,8.4,0.51,Standard,Prepaid,New,Shadowfax,High,Clear,38,43.4,5.4,No,Delivered,3
ORD004335,2025-12-13,Gurgaon,HR,South,7.3,0.64,Standard,Prepaid,VIP,EcomExpress,High,Clear,40,42.3,2.3,No,Delivered,4
ORD004336,2026-01-13,Jaipur,RJ,North,12.7,1.31,Standard,Prepaid,Returning,AmazonLogistics,Medium,Clear,30,30.9,0.9,No,Delivered,3
ORD004337,2026-02-21,Patna,BR,North,10.1,0.82,Standard,Prepaid,New,Shadowfax,Medium,Clear,34,36.9,2.9,No,Delivered,5
ORD004338,2025-12-08,Kolkata,WB,West,1.7,0.8,Express,COD,New,Ekart,Medium,Fog,13,17.6,4.6,No,Delivered,4
ORD004339,2026-01-13,Coimbatore,TN,Central,4.2,0.76,Standard,Prepaid,Returning,XpressBees,Medium,Clear,21,23.5,2.5,No,Delivered,4
ORD004340,2026-01-05,Surat,GJ,East,5.0,1.27,Standard,Prepaid,New,Delhivery,High,Storm,36,43.0,7.0,No,Delivered,4
ORD004341,2026-01-27,Pune,MH,West,8.2,1.4,Standard,COD,New,Ekart,Medium,Rain,31,35.4,4.4,No,Delivered,4
ORD004342,2025-12-07,Jaipur,RJ,Central,6.8,0.36,Standard,Prepaid,Returning,AmazonLogistics,Medium,Storm,14,19.4,5.4,No,Delivered,4
ORD004343,2026-01-31,Lucknow,UP,West,6.8,0.7,Express,Prepaid,New,XpressBees,Medium,Clear,11,13.4,2.4,No,Delivered,3
ORD004344,2025-12-05,Chennai,TN,South,18.8,1.05,Express,COD,Returning,Shadowfax,High,Rain,10,16.9,6.9,No,Delivered,3
ORD004345,2026-01-11,Ahmedabad,GJ,West,5.4,1.44,Standard,Prepaid,Returning,Shadowfax,High,Rain,15,19.8,4.8,No,Delivered,4
ORD004346,2025-12-21,Surat,GJ,North,13.1,1.19,Standard,Prepaid,New,Shadowfax,Low,Rain,22,25.0,3.0,No,Delivered,4
ORD004347,2026-01-05,Mumbai,MH,North,6.9,1.81,Standard,Prepaid,Returning,AmazonLogistics,Medium,Clear,45,45.4,0.4,No,Delivered,5
ORD004348,2026-02-04,Bangalore,KA,South,0.5,0.47,SameDay,COD,New,Shadowfax,Low,Clear,6,7.5,1.5,No,Delivered,4
ORD004349,2026-02-20,Patna,BR,North,8.3,1.42,Standard,COD,VIP,Delhivery,Low,Clear,28,28.4,0.4,No,Delivered,5
ORD004350,2025-12-26,Ahmedabad,GJ,Central,12.0,3.78,Standard,COD,New,Delhivery,Medium,Clear,28,32.0,4.0,No,Delivered,4
ORD004351,2026-01-08,Nagpur,MH,Central,10.0,1.14,Standard,Prepaid,Returning,Delhivery,High,Heatwave,29,33.2,4.2,No,Delivered,4
ORD004352,2026-02-24,Indore,MP,South,8.5,1.17,Standard,Prepaid,Returning,EcomExpress,Medium,Rain,14,17.9,3.9,No,Delivered,4
ORD004353,2026-03-03,Indore,MP,West,7.6,1.51,Standard,Prepaid,Returning,BlueDart,Low,Clear,25,25.5,0.5,No,Delivered,4
ORD004354,2026-01-24,Jaipur,RJ,South,5.5,0.8,SameDay,COD,New,Ekart,High,Clear,9,13.4,4.4,No,Delivered,4
ORD004355,2026-01-20,Lucknow,UP,North,11.1,0.63,Standard,Prepaid,New,EcomExpress,High,Clear,36,41.8,5.8,No,Reattempted,4
ORD004356,2026-01-14,Bhopal,MP,South,5.8,1.14,Standard,Prepaid,Returning,EcomExpress,Medium,Fog,26,32.3,6.3,No,Delivered,4
ORD004357,2026-02-28,Noida,UP,North,4.9,0.41,Standard,Prepaid,Returning,EcomExpress,Medium,Heatwave,47,50.9,3.9,No,Delivered,4
ORD004358,2026-01-12,Chennai,TN,South,9.1,1.4,Standard,Prepaid,Returning,XpressBees,High,Clear,16,19.9,3.9,No,Delivered,4
ORD004359,2026-01-09,Kochi,KL,North,6.3,1.55,SameDay,Prepaid,New,XpressBees,Low,Clear,7,9.2,2.2,No,Delivered,4
ORD004360,2026-01-14,Noida,UP,North,12.6,0.42,Express,COD,Returning,Shadowfax,High,Heatwave,8,10.9,2.9,No,Delivered,4
ORD004361,2026-02-21,Mumbai,MH,North,9.4,1.22,Express,Prepaid,New,Ekart,High,Rain,12,18.3,6.3,No,Delivered,5
ORD004362,2025-12-24,Patna,BR,East,4.4,0.97,Express,Prepaid,Returning,Ekart,Severe,Fog,8,15.4,7.4,No,Delivered,4
ORD004363,2025-12-05,Lucknow,UP,North,2.9,2.68,Express,Prepaid,Returning,AmazonLogistics,Low,Clear,16,14.1,-1.9,Yes,Delivered,5
ORD004364,2026-01-12,Noida,UP,South,5.2,2.43,Standard,Prepaid,New,AmazonLogistics,Low,Clear,41,40.6,-0.4,Yes,Delivered,4
ORD004365,2026-01-19,Indore,MP,South,16.9,1.83,Standard,Prepaid,VIP,BlueDart,High,Rain,34,40.2,6.2,No,Delivered,4
ORD004366,2025-12-06,Bhopal,MP,South,6.5,2.29,Express,Prepaid,Returning,XpressBees,Medium,Clear,16,18.6,2.6,No,Delivered,4
ORD004367,2026-01-24,Bangalore,KA,South,10.5,0.89,Express,Prepaid,New,BlueDart,Medium,Fog,10,15.3,5.3,No,Delivered,4
ORD004368,2026-01-11,Delhi,DL,North,2.3,1.29,Standard,COD,New,AmazonLogistics,Medium,Rain,39,44.1,5.1,No,Delivered,3
ORD004369,2026-01-31,Gurgaon,HR,West,3.2,0.95,Standard,Prepaid,Returning,Delhivery,Low,Clear,22,22.5,0.5,No,NDR_Pending,4
ORD004370,2026-01-08,Surat,GJ,West,6.7,0.61,Express,Prepaid,Returning,EcomExpress,High,Clear,19,21.1,2.1,No,Delivered,3
ORD004371,2025-12-07,Indore,MP,West,14.3,1.16,Standard,Prepaid,New,Delhivery,Severe,Rain,44,52.7,8.7,No,Delivered,4
ORD004372,2025-12-08,Bangalore,KA,West,2.3,1.05,Standard,Prepaid,New,XpressBees,High,Heatwave,41,46.3,5.3,No,Delivered,4
ORD004373,2026-01-26,Hyderabad,TG,South,5.0,0.98,Standard,Prepaid,Returning,DTDC,Medium,Clear,22,25.5,3.5,No,Delivered,4
ORD004374,2026-01-29,Bhopal,MP,South,11.1,1.07,Standard,Prepaid,Returning,Delhivery,Severe,Rain,45,52.9,7.9,No,Delivered,3
ORD004375,2025-12-26,Kolkata,WB,North,13.9,1.15,Standard,Prepaid,New,Shadowfax,High,Clear,34,40.5,6.5,No,Delivered,4
ORD004376,2026-02-14,Indore,MP,South,9.2,1.88,Express,Prepaid,Returning,BlueDart,Low,Heatwave,12,13.4,1.4,No,Delivered,4
ORD004377,2026-01-13,Kolkata,WB,North,10.2,0.78,Express,COD,Returning,AmazonLogistics,High,Rain,9,16.4,7.4,No,Delivered,4
ORD004378,2025-12-22,Chennai,TN,South,3.9,0.51,Standard,COD,New,Delhivery,Low,Clear,28,28.0,0.0,Yes,Delivered,3
ORD004379,2026-01-13,Bangalore,KA,West,2.2,1.66,Standard,COD,Returning,Delhivery,Medium,Rain,14,15.1,1.1,No,Delivered,3
ORD004380,2026-01-15,Gurgaon,HR,North,2.9,1.85,Standard,Prepaid,New,XpressBees,High,Rain,21,24.5,3.5,No,Delivered,3
ORD004381,2025-12-14,Gurgaon,HR,North,4.0,1.37,Standard,Prepaid,New,XpressBees,Medium,Rain,16,18.9,2.9,No,Delivered,5
ORD004382,2026-02-26,Delhi,DL,West,8.4,0.56,Standard,Prepaid,VIP,AmazonLogistics,Low,Clear,37,37.7,0.7,No,Delivered,5
ORD004383,2026-01-07,Ahmedabad,GJ,South,2.6,1.02,Express,Prepaid,New,XpressBees,High,Rain,8,11.7,3.7,No,Reattempted,4
ORD004384,2026-02-24,Indore,MP,East,8.5,1.31,Express,Prepaid,New,Ekart,Medium,Fog,9,13.6,4.6,No,Delivered,4
ORD004385,2025-12-31,Ahmedabad,GJ,Central,6.2,0.58,Standard,COD,Returning,EcomExpress,Medium,Clear,34,37.4,3.4,No,Delivered,4
ORD004386,2025-12-28,Coimbatore,TN,Central,5.2,0.7,Express,COD,VIP,BlueDart,Medium,Clear,15,17.3,2.3,No,Delivered,5
ORD004387,2025-12-21,Chennai,TN,South,11.0,1.01,Standard,Prepaid,Returning,Ekart,High,Heatwave,38,42.6,4.6,No,Delivered,5
ORD004388,2025-12-25,Pune,MH,North,3.7,2.25,Express,Prepaid,New,Delhivery,Severe,Rain,12,19.8,7.8,No,Delivered,3
ORD004389,2026-02-04,Kolkata,WB,West,13.2,1.27,Standard,COD,Returning,AmazonLogistics,Low,Clear,48,48.9,0.9,No,Delivered,4
ORD004390,2025-12-24,Indore,MP,West,10.8,0.78,Express,COD,Returning,Delhivery,High,Fog,19,25.4,6.4,No,Delivered,4
ORD004391,2025-12-11,Bangalore,KA,West,3.5,0.98,Standard,Prepaid,Returning,Shadowfax,Low,Clear,13,13.0,0.0,Yes,Delivered,5
ORD004392,2026-01-27,Bhopal,MP,South,12.3,0.74,Standard,Prepaid,New,Delhivery,Medium,Rain,15,20.2,5.2,No,Delivered,4
ORD004393,2026-02-07,Mumbai,MH,North,3.1,0.86,Standard,Prepaid,Returning,XpressBees,Medium,Clear,16,17.2,1.2,No,Delivered,4
ORD004394,2026-02-19,Pune,MH,North,12.7,1.7,Express,Prepaid,New,AmazonLogistics,Medium,Clear,9,11.5,2.5,No,Delivered,4
ORD004395,2026-01-19,Surat,GJ,North,8.8,0.35,Express,Prepaid,Returning,Delhivery,Low,Storm,15,20.9,5.9,No,Delivered,3
ORD004396,2025-12-27,Surat,GJ,North,1.2,2.43,Express,Prepaid,New,Delhivery,High,Rain,17,20.8,3.8,No,Delivered,3
ORD004397,2026-02-25,Chennai,TN,Central,2.3,4.11,Express,Prepaid,Returning,BlueDart,High,Clear,17,17.4,0.4,No,Delivered,5
ORD004398,2026-02-01,Chennai,TN,North,5.9,1.22,Standard,Prepaid,Returning,EcomExpress,Severe,Heatwave,40,45.5,5.5,No,Delivered,4
ORD004399,2026-03-03,Pune,MH,West,11.0,0.67,Express,COD,Returning,BlueDart,Severe,Heatwave,17,22.4,5.4,No,Delivered,5
ORD004400,2026-02-07,Kochi,KL,Central,6.8,2.22,Express,Prepaid,VIP,Ekart,Medium,Rain,9,12.0,3.0,No,Delivered,4
ORD004401,2026-01-07,Ahmedabad,GJ,South,6.7,1.31,Standard,Prepaid,Returning,Delhivery,Low,Clear,31,29.2,-1.8,Yes,Delivered,4
ORD004402,2025-12-17,Delhi,DL,South,7.7,0.81,Standard,Prepaid,New,BlueDart,Low,Clear,26,24.8,-1.2,Yes,Delivered,4
ORD004403,2026-01-31,Ahmedabad,GJ,West,0.5,0.62,Standard,COD,Returning,Shadowfax,Medium,Rain,13,17.4,4.4,No,Delivered,5
ORD004404,2025-12-13,Gurgaon,HR,South,10.8,0.87,Standard,Prepaid,New,EcomExpress,High,Heatwave,32,35.6,3.6,No,Delivered,4
ORD004405,2026-02-18,Chennai,TN,South,12.9,1.24,Standard,Prepaid,New,EcomExpress,Medium,Clear,28,32.2,4.2,No,Delivered,4
ORD004406,2025-12-13,Chandigarh,CH,East,10.7,1.89,Express,Prepaid,Returning,DTDC,Medium,Clear,12,13.9,1.9,No,Delivered,5
ORD004407,2025-12-29,Chennai,TN,West,5.8,1.31,Express,Prepaid,Returning,XpressBees,Medium,Clear,9,11.6,2.6,No,Delivered,4
ORD004408,2026-01-14,Bangalore,KA,East,4.0,1.45,Standard,COD,New,AmazonLogistics,Severe,Clear,41,45.2,4.2,No,Delivered,4
ORD004409,2026-02-28,Chennai,TN,Central,3.2,0.9,SameDay,Prepaid,New,BlueDart,Medium,Rain,3,6.6,3.6,No,Delivered,4
ORD004410,2025-12-28,Kolkata,WB,South,3.0,1.85,Express,Prepaid,New,XpressBees,High,Clear,16,18.8,2.8,No,Delivered,4
ORD004411,2026-01-06,Delhi,DL,West,16.6,0.98,Standard,Prepaid,Returning,Ekart,Medium,Rain,26,31.3,5.3,No,Delivered,4
ORD004412,2026-01-06,Indore,MP,West,7.2,3.33,SameDay,Prepaid,Returning,AmazonLogistics,Medium,Rain,4,8.6,4.6,No,Reattempted,3
ORD004413,2025-12-16,Kolkata,WB,West,11.1,0.75,Express,COD,Returning,Ekart,Medium,Clear,14,17.7,3.7,No,RTO,2
ORD004414,2026-03-03,Coimbatore,TN,West,10.9,1.4,Standard,Prepaid,Returning,EcomExpress,High,Heatwave,33,36.9,3.9,No,Delivered,4
ORD004415,2026-01-16,Lucknow,UP,West,8.1,4.11,SameDay,COD,Returning,Ekart,High,Clear,7,8.9,1.9,No,Delivered,5
ORD004416,2026-01-03,Jaipur,RJ,East,3.8,2.07,Standard,Prepaid,Returning,AmazonLogistics,Medium,Clear,36,36.7,0.7,No,Delivered,4
ORD004417,2026-02-09,Lucknow,UP,South,9.6,1.73,Standard,Prepaid,Returning,AmazonLogistics,Medium,Clear,33,35.1,2.1,No,NDR_Pending,4
ORD004418,2026-01-03,Bangalore,KA,West,3.2,1.32,Standard,COD,Returning,DTDC,Low,Clear,14,15.8,1.8,No,Delivered,4
ORD004419,2026-03-05,Coimbatore,TN,South,9.9,1.14,Express,Prepaid,Returning,Ekart,Low,Clear,10,10.5,0.5,No,Delivered,4
ORD004420,2026-02-10,Delhi,DL,West,3.4,1.0,SameDay,COD,Returning,Shadowfax,Low,Storm,3,7.9,4.9,No,Delivered,3
ORD004421,2025-12-15,Coimbatore,TN,West,5.8,0.79,Standard,Prepaid,New,AmazonLogistics,Low,Clear,16,17.1,1.1,No,Delivered,5
ORD004422,2026-02-28,Noida,UP,East,5.7,0.44,Standard,Prepaid,Returning,DTDC,High,Clear,26,31.2,5.2,No,Delivered,4
ORD004423,2025-12-24,Patna,BR,South,13.1,1.62,Standard,COD,Returning,DTDC,High,Rain,30,36.6,6.6,No,Reattempted,4
ORD004424,2026-02-01,Lucknow,UP,South,0.5,0.44,Express,Prepaid,VIP,AmazonLogistics,High,Heatwave,17,22.6,5.6,No,Delivered,3
ORD004425,2025-12-09,Kolkata,WB,South,16.8,1.63,Standard,Prepaid,Returning,EcomExpress,High,Clear,37,43.4,6.4,No,Delivered,5
ORD004426,2026-02-13,Chandigarh,CH,North,4.3,0.92,Standard,Prepaid,Returning,BlueDart,Severe,Clear,27,31.3,4.3,No,Delivered,4
ORD004427,2026-02-21,Chennai,TN,North,7.0,0.62,Standard,Prepaid,New,BlueDart,Severe,Clear,50,54.8,4.8,No,Delivered,5
ORD004428,2025-12-25,Lucknow,UP,East,9.2,2.57,Standard,Prepaid,Returning,AmazonLogistics,Medium,Clear,35,38.2,3.2,No,Delivered,3
ORD004429,2025-12-26,Patna,BR,South,8.8,0.46,SameDay,Prepaid,Returning,DTDC,Low,Clear,5,5.5,0.5,No,Delivered,4
ORD004430,2025-12-22,Gurgaon,HR,Central,10.9,0.74,SameDay,COD,Returning,AmazonLogistics,Low,Rain,5,7.4,2.4,No,Delivered,5
ORD004431,2025-12-16,Gurgaon,HR,North,9.9,0.78,Standard,Prepaid,Returning,AmazonLogistics,Severe,Clear,45,48.1,3.1,No,Delivered,4
ORD004432,2026-03-05,Pune,MH,West,15.6,1.21,Express,Prepaid,Returning,XpressBees,Low,Clear,9,11.1,2.1,No,Delivered,3
ORD004433,2026-01-25,Chandigarh,CH,West,10.4,0.77,Express,Prepaid,Returning,Delhivery,Medium,Rain,8,11.2,3.2,No,Delivered,4
ORD004434,2026-03-02,Delhi,DL,West,7.0,2.66,Standard,Prepaid,Returning,XpressBees,Medium,Clear,46,47.7,1.7,No,Delivered,4
ORD004435,2025-12-12,Indore,MP,West,5.3,0.49,Standard,Prepaid,VIP,Ekart,High,Clear,33,36.2,3.2,No,Delivered,5
ORD004436,2026-01-05,Gurgaon,HR,West,5.2,12.82,Express,Prepaid,Returning,XpressBees,High,Rain,13,16.5,3.5,No,Delivered,4
ORD004437,2026-02-12,Kochi,KL,East,12.7,0.59,Standard,Prepaid,New,Ekart,High,Clear,27,32.8,5.8,No,Delivered,4
ORD004438,2026-02-16,Gurgaon,HR,West,14.5,6.51,Express,COD,VIP,Ekart,Medium,Clear,11,16.0,5.0,No,Delivered,4
ORD004439,2026-01-30,Kolkata,WB,North,11.5,2.13,Standard,COD,Returning,BlueDart,High,Clear,23,26.5,3.5,No,Delivered,4
ORD004440,2025-12-30,Kolkata,WB,North,0.5,1.03,Express,COD,Returning,DTDC,Low,Clear,11,14.0,3.0,No,Delivered,4
ORD004441,2025-12-22,Kolkata,WB,West,0.5,1.27,Standard,Prepaid,Returning,Shadowfax,High,Rain,17,21.7,4.7,No,Delivered,4
ORD004442,2025-12-09,Ahmedabad,GJ,South,7.5,0.88,Standard,COD,New,Shadowfax,High,Clear,36,41.3,5.3,No,Delivered,4
ORD004443,2026-02-23,Kochi,KL,South,6.8,1.36,Standard,Prepaid,New,EcomExpress,Medium,Clear,35,35.4,0.4,No,Delivered,4
ORD004444,2026-02-06,Lucknow,UP,West,7.6,0.71,Standard,Prepaid,New,EcomExpress,Severe,Clear,34,38.7,4.7,No,Delivered,3
ORD004445,2026-01-31,Coimbatore,TN,South,12.5,1.69,Express,Prepaid,Returning,EcomExpress,Severe,Clear,15,21.5,6.5,No,Delivered,4
ORD004446,2026-01-22,Jaipur,RJ,East,12.3,1.23,Express,Prepaid,Returning,XpressBees,High,Fog,18,24.2,6.2,No,Delivered,3
ORD004447,2026-01-24,Kolkata,WB,West,8.2,0.61,Standard,Prepaid,Returning,Delhivery,Severe,Storm,38,46.4,8.4,No,Delivered,4
ORD004448,2025-12-09,Bangalore,KA,West,1.4,1.43,Standard,Prepaid,New,BlueDart,Medium,Clear,38,38.6,0.6,No,Delivered,4
ORD004449,2025-12-26,Indore,MP,West,2.6,1.38,Standard,Prepaid,New,Shadowfax,Medium,Clear,33,34.8,1.8,No,Delivered,4
ORD004450,2026-01-12,Chandigarh,CH,East,7.8,0.72,Standard,COD,Returning,BlueDart,Medium,Rain,38,42.1,4.1,No,Delivered,4
ORD004451,2026-01-10,Chandigarh,CH,West,9.2,0.86,SameDay,Prepaid,New,AmazonLogistics,High,Clear,5,9.8,4.8,No,Delivered,3
ORD004452,2026-01-27,Chennai,TN,Central,2.6,1.5,Standard,Prepaid,Returning,Shadowfax,High,Clear,27,28.5,1.5,No,Delivered,4
ORD004453,2026-01-07,Lucknow,UP,North,10.1,2.13,Express,Prepaid,Returning,Delhivery,Severe,Heatwave,17,23.3,6.3,No,Delivered,4
ORD004454,2026-01-09,Coimbatore,TN,West,0.5,1.01,Standard,Prepaid,Returning,Ekart,High,Clear,24,27.5,3.5,No,Delivered,5
ORD004455,2025-12-22,Nagpur,MH,West,0.5,1.93,Standard,COD,Returning,AmazonLogistics,High,Clear,15,16.0,1.0,No,Delivered,4
ORD004456,2025-12-08,Pune,MH,South,4.0,2.23,Express,Prepaid,Returning,DTDC,Low,Clear,15,15.7,0.7,No,Delivered,4
ORD004457,2026-02-17,Indore,MP,South,13.0,2.42,Express,Prepaid,New,AmazonLogistics,Low,Clear,13,14.4,1.4,No,Delivered,4
ORD004458,2026-02-28,Mumbai,MH,West,13.6,1.42,Standard,Prepaid,Returning,Delhivery,Medium,Clear,27,31.6,4.6,No,Delivered,4
ORD004459,2026-02-12,Delhi,DL,South,1.1,0.64,Express,Prepaid,New,AmazonLogistics,High,Clear,11,13.1,2.1,No,Delivered,5
ORD004460,2026-02-27,Kochi,KL,East,1.4,1.89,Express,Prepaid,Returning,EcomExpress,Low,Rain,16,19.3,3.3,No,Delivered,5
ORD004461,2026-01-29,Delhi,DL,South,10.5,0.99,Standard,COD,Returning,Shadowfax,Severe,Clear,35,41.9,6.9,No,Delivered,4
ORD004462,2026-02-23,Kolkata,WB,North,5.7,1.5,Standard,COD,Returning,Delhivery,High,Heatwave,48,49.3,1.3,No,RTO,3
ORD004463,2026-01-12,Indore,MP,West,13.0,0.76,Standard,Prepaid,Returning,AmazonLogistics,Medium,Clear,24,26.1,2.1,No,Delivered,4
ORD004464,2026-02-06,Kochi,KL,South,10.5,0.77,Standard,Prepaid,Returning,EcomExpress,Severe,Clear,40,45.0,5.0,No,Delivered,4
ORD004465,2026-01-02,Jaipur,RJ,North,11.2,0.73,Express,COD,Returning,EcomExpress,High,Clear,18,24.4,6.4,No,Delivered,3
ORD004466,2026-02-25,Pune,MH,West,4.2,0.5,Standard,Prepaid,New,Delhivery,High,Clear,33,36.9,3.9,No,Delivered,4
ORD004467,2026-02-10,Patna,BR,South,9.3,0.78,Standard,COD,Returning,DTDC,Medium,Rain,35,41.0,6.0,No,Delivered,4
ORD004468,2026-02-20,Gurgaon,HR,North,15.6,0.59,Standard,Prepaid,Returning,EcomExpress,Medium,Clear,41,44.8,3.8,No,Delivered,4
ORD004469,2025-12-06,Chandigarh,CH,West,8.1,1.55,Standard,COD,Returning,Shadowfax,Low,Clear,39,40.9,1.9,No,Reattempted,4
ORD004470,2026-01-23,Coimbatore,TN,West,7.3,0.58,Standard,Prepaid,Returning,EcomExpress,Medium,Clear,20,23.1,3.1,No,Delivered,4
ORD004471,2026-01-28,Jaipur,RJ,East,5.8,0.74,Express,COD,Returning,AmazonLogistics,High,Clear,8,11.1,3.1,No,Delivered,4
ORD004472,2026-01-20,Chandigarh,CH,South,1.1,1.11,Express,COD,Returning,EcomExpress,Severe,Clear,16,22.5,6.5,No,Reattempted,4
ORD004473,2026-01-14,Lucknow,UP,North,3.1,3.28,SameDay,Prepaid,Returning,Ekart,Severe,Clear,8,11.3,3.3,No,Delivered,4
ORD004474,2026-01-30,Delhi,DL,Central,3.9,0.73,Express,Prepaid,Returning,EcomExpress,Low,Clear,13,15.1,2.1,No,NDR_Pending,4
ORD004475,2025-12-25,Chandigarh,CH,West,0.9,0.48,Standard,Prepaid,Returning,Delhivery,Severe,Rain,21,26.6,5.6,No,Delivered,4
ORD004476,2025-12-30,Kolkata,WB,North,1.3,0.5,Express,COD,Returning,EcomExpress,Low,Rain,10,13.8,3.8,No,Delivered,4
ORD004477,2026-03-05,Gurgaon,HR,East,0.5,0.66,Express,Prepaid,New,Delhivery,Low,Clear,10,8.5,-1.5,Yes,Delivered,4
ORD004478,2025-12-15,Ahmedabad,GJ,North,4.4,0.75,Express,COD,New,Shadowfax,High,Clear,15,18.9,3.9,No,NDR_Pending,3
ORD004479,2026-02-24,Chandigarh,CH,East,10.2,4.41,Standard,Prepaid,New,EcomExpress,Severe,Clear,27,32.3,5.3,No,Delivered,3
ORD004480,2026-02-27,Surat,GJ,West,6.2,1.97,Standard,Prepaid,New,Ekart,Severe,Clear,22,26.9,4.9,No,Delivered,4
ORD004481,2026-01-19,Lucknow,UP,Central,6.3,0.91,Standard,COD,New,Shadowfax,High,Clear,16,17.7,1.7,No,Delivered,5
ORD004482,2026-01-18,Chennai,TN,Central,10.6,3.36,Standard,COD,Returning,EcomExpress,Medium,Clear,21,24.2,3.2,No,NDR_Pending,4
ORD004483,2026-02-21,Bhopal,MP,North,14.3,0.77,Standard,Prepaid,New,Shadowfax,Low,Storm,26,31.6,5.6,No,Delivered,4
ORD004484,2025-12-12,Pune,MH,West,16.6,0.86,Standard,COD,New,EcomExpress,Low,Rain,29,31.7,2.7,No,Delivered,5
ORD004485,2026-02-14,Lucknow,UP,South,8.1,0.83,Express,Prepaid,Returning,Delhivery,High,Clear,8,10.1,2.1,No,Delivered,5
ORD004486,2026-03-01,Ahmedabad,GJ,West,6.4,2.05,Standard,Prepaid,Returning,EcomExpress,Medium,Clear,17,19.2,2.2,No,Delivered,4
ORD004487,2026-01-04,Surat,GJ,West,5.8,1.06,Standard,Prepaid,New,Delhivery,Low,Clear,48,49.5,1.5,No,Delivered,3
ORD004488,2026-02-16,Chennai,TN,North,9.9,2.73,Express,Prepaid,VIP,EcomExpress,Medium,Clear,12,14.4,2.4,No,Delivered,5
ORD004489,2026-01-18,Kochi,KL,North,6.9,1.43,Express,Prepaid,Returning,Ekart,Medium,Clear,13,15.1,2.1,No,Delivered,4
ORD004490,2026-02-01,Ahmedabad,GJ,North,6.9,1.91,Standard,Prepaid,Returning,DTDC,High,Clear,40,43.7,3.7,No,Delivered,4
ORD004491,2026-03-04,Bangalore,KA,North,7.2,0.37,Standard,COD,Returning,Ekart,Medium,Clear,46,48.0,2.0,No,Delivered,5
ORD004492,2026-03-05,Bangalore,KA,North,3.7,0.4,Standard,Prepaid,Returning,EcomExpress,Medium,Clear,12,13.4,1.4,No,Delivered,4
ORD004493,2026-01-10,Kochi,KL,East,0.5,0.41,Express,Prepaid,Returning,AmazonLogistics,High,Rain,12,14.0,2.0,No,Delivered,5
ORD004494,2026-02-17,Chennai,TN,South,4.8,0.85,Express,Prepaid,Returning,BlueDart,High,Clear,8,9.9,1.9,No,Delivered,4
ORD004495,2025-12-31,Kolkata,WB,East,13.3,0.44,Standard,Prepaid,New,Delhivery,Medium,Storm,21,27.2,6.2,No,Delivered,4
ORD004496,2025-12-12,Nagpur,MH,East,13.1,2.33,Express,Prepaid,New,AmazonLogistics,Low,Clear,9,11.7,2.7,No,Delivered,4
ORD004497,2026-02-07,Kolkata,WB,West,11.3,0.98,Express,COD,VIP,Delhivery,Severe,Clear,15,21.0,6.0,No,Delivered,4
ORD004498,2026-02-08,Ahmedabad,GJ,South,5.5,1.6,Express,COD,Returning,BlueDart,High,Clear,12,17.8,5.8,No,RTO,2
ORD004499,2026-01-13,Hyderabad,TG,East,4.3,0.82,Standard,Prepaid,New,AmazonLogistics,Medium,Clear,43,46.3,3.3,No,Delivered,4
ORD004500,2025-12-15,Kolkata,WB,West,14.0,1.81,Express,Prepaid,New,XpressBees,Medium,Clear,18,21.1,3.1,No,Delivered,5
ORD004501,2025-12-08,Kochi,KL,West,3.2,0.34,Standard,Prepaid,Returning,Shadowfax,High,Clear,38,40.3,2.3,No,Delivered,4
ORD004502,2026-02-13,Surat,GJ,East,7.7,1.07,Standard,Prepaid,Returning,BlueDart,Low,Clear,33,36.5,3.5,No,Delivered,4
ORD004503,2025-12-16,Noida,UP,West,14.3,1.49,Standard,Prepaid,Returning,Delhivery,Medium,Clear,41,44.8,3.8,No,Delivered,3
ORD004504,2025-12-29,Patna,BR,South,8.0,1.57,Standard,COD,New,Ekart,Severe,Clear,26,32.3,6.3,No,Delivered,3
ORD004505,2025-12-30,Mumbai,MH,East,6.3,0.91,Standard,Prepaid,New,Delhivery,Medium,Rain,17,19.8,2.8,No,Delivered,4
ORD004506,2026-01-05,Ahmedabad,GJ,South,12.1,0.4,Standard,Prepaid,New,EcomExpress,Medium,Rain,30,34.0,4.0,No,Delivered,4
ORD004507,2025-12-19,Chennai,TN,East,7.8,2.03,Standard,COD,Returning,EcomExpress,High,Rain,40,44.8,4.8,No,Delivered,4
ORD004508,2026-02-18,Indore,MP,North,8.3,0.87,Standard,Prepaid,Returning,Ekart,Medium,Heatwave,33,37.8,4.8,No,Delivered,4
ORD004509,2026-01-18,Chennai,TN,North,13.6,0.92,Express,Prepaid,Returning,AmazonLogistics,High,Clear,19,23.1,4.1,No,Delivered,5
ORD004510,2025-12-16,Noida,UP,South,0.5,4.19,Express,COD,Returning,Shadowfax,Medium,Heatwave,11,13.1,2.1,No,Delivered,5
ORD004511,2026-02-08,Chennai,TN,North,8.9,1.17,Standard,Prepaid,New,Ekart,Low,Clear,27,27.9,0.9,No,Delivered,4
ORD004512,2026-02-28,Surat,GJ,Central,4.4,0.81,Standard,Prepaid,New,Delhivery,Low,Clear,38,37.7,-0.3,Yes,Delivered,4
ORD004513,2025-12-20,Delhi,DL,North,6.7,0.78,Standard,Prepaid,New,Ekart,Severe,Rain,48,54.7,6.7,No,Delivered,4
ORD004514,2025-12-16,Gurgaon,HR,West,8.0,1.63,Express,Prepaid,Returning,Delhivery,High,Clear,11,14.7,3.7,No,Delivered,4
ORD004515,2026-03-03,Gurgaon,HR,North,4.8,0.68,Express,Prepaid,Returning,BlueDart,High,Clear,16,15.9,-0.1,Yes,Delivered,5
ORD004516,2025-12-07,Patna,BR,Central,8.4,1.5,Standard,COD,VIP,Delhivery,Low,Clear,34,34.8,0.8,No,Delivered,5
ORD004517,2026-01-26,Ahmedabad,GJ,South,9.0,2.14,SameDay,Prepaid,New,Ekart,High,Clear,8,10.9,2.9,No,Delivered,4
ORD004518,2025-12-07,Pune,MH,North,8.3,1.05,Express,Prepaid,VIP,Ekart,Medium,Clear,12,15.5,3.5,No,Delivered,5
ORD004519,2025-12-12,Coimbatore,TN,North,7.9,2.0,Express,COD,New,XpressBees,High,Rain,15,20.4,5.4,No,Delivered,3
ORD004520,2026-02-16,Jaipur,RJ,West,7.0,1.06,Express,COD,New,EcomExpress,Medium,Clear,15,15.5,0.5,No,Delivered,5
ORD004521,2025-12-20,Noida,UP,Central,7.1,0.73,Standard,COD,New,EcomExpress,High,Clear,40,42.8,2.8,No,Delivered,4
ORD004522,2026-01-17,Kochi,KL,Central,7.8,0.41,SameDay,COD,New,Shadowfax,Low,Clear,7,10.8,3.8,No,Delivered,4
ORD004523,2026-01-29,Surat,GJ,South,3.7,1.3,Express,COD,New,EcomExpress,Low,Heatwave,9,10.8,1.8,No,Delivered,4
ORD004524,2026-01-20,Noida,UP,South,12.6,1.32,Express,COD,New,Delhivery,High,Heatwave,10,14.2,4.2,No,Delivered,4
ORD004525,2026-01-20,Bhopal,MP,North,7.1,1.99,Express,Prepaid,Returning,XpressBees,Low,Rain,13,14.2,1.2,No,Delivered,4
ORD004526,2026-02-18,Lucknow,UP,South,5.9,1.88,Express,Prepaid,Returning,XpressBees,Low,Clear,18,19.3,1.3,No,Delivered,4
ORD004527,2026-01-23,Mumbai,MH,West,9.1,3.82,Express,Prepaid,Returning,Ekart,Severe,Clear,19,24.4,5.4,No,Delivered,4
ORD004528,2026-01-20,Pune,MH,North,7.0,0.78,Standard,Prepaid,Returning,Shadowfax,Medium,Clear,31,33.4,2.4,No,Delivered,4
ORD004529,2026-02-15,Jaipur,RJ,West,12.5,1.37,Standard,Prepaid,Returning,BlueDart,High,Rain,18,26.6,8.6,No,Delivered,4
ORD004530,2026-03-02,Indore,MP,East,11.1,0.73,Standard,Prepaid,VIP,Shadowfax,High,Clear,35,37.3,2.3,No,Delivered,4
ORD004531,2025-12-15,Mumbai,MH,North,7.9,1.93,Express,Prepaid,New,EcomExpress,High,Rain,16,20.9,4.9,No,Delivered,3
ORD004532,2025-12-05,Delhi,DL,North,11.3,0.63,Standard,Prepaid,VIP,XpressBees,Low,Clear,48,50.3,2.3,No,Delivered,5
ORD004533,2025-12-14,Coimbatore,TN,North,8.4,1.91,Standard,Prepaid,Returning,AmazonLogistics,Medium,Fog,45,48.1,3.1,No,Delivered,3
ORD004534,2025-12-19,Patna,BR,North,2.9,0.71,SameDay,Prepaid,Returning,Delhivery,Medium,Clear,7,6.0,-1.0,Yes,Delivered,5
ORD004535,2025-12-09,Mumbai,MH,North,11.1,1.75,Standard,Prepaid,Returning,EcomExpress,Medium,Clear,19,22.2,3.2,No,Delivered,4
ORD004536,2026-02-14,Surat,GJ,West,0.5,2.28,Standard,Prepaid,New,AmazonLogistics,High,Clear,20,21.1,1.1,No,NDR_Pending,3
ORD004537,2026-01-17,Pune,MH,North,0.5,0.43,Express,Prepaid,New,Shadowfax,Severe,Clear,9,11.8,2.8,No,Delivered,3
ORD004538,2026-02-26,Coimbatore,TN,West,10.3,0.49,Standard,Prepaid,Returning,Shadowfax,Low,Heatwave,47,48.2,1.2,No,Delivered,4
ORD004539,2026-01-03,Bhopal,MP,East,9.3,1.27,Standard,Prepaid,Returning,DTDC,Low,Clear,44,47.6,3.6,No,NDR_Pending,4
ORD004540,2026-02-07,Chandigarh,CH,Central,9.0,1.19,Express,COD,Returning,XpressBees,High,Heatwave,9,15.8,6.8,No,Delivered,3
ORD004541,2026-01-16,Indore,MP,West,13.1,0.93,SameDay,Prepaid,New,Delhivery,Medium,Clear,6,7.4,1.4,No,Delivered,5
ORD004542,2026-01-01,Nagpur,MH,North,7.4,0.83,Standard,COD,New,AmazonLogistics,High,Clear,14,15.2,1.2,No,Delivered,5
ORD004543,2026-02-14,Gurgaon,HR,North,6.0,0.66,Standard,COD,Returning,Ekart,Low,Clear,37,39.8,2.8,No,Delivered,4
ORD004544,2026-02-19,Nagpur,MH,North,10.7,1.35,Standard,COD,Returning,Delhivery,Low,Clear,27,31.7,4.7,No,Delivered,4
ORD004545,2025-12-20,Jaipur,RJ,Central,4.6,0.62,Express,COD,New,Delhivery,High,Fog,12,20.7,8.7,No,Delivered,4
ORD004546,2025-12-25,Patna,BR,Central,6.5,1.38,Standard,Prepaid,Returning,DTDC,Severe,Clear,41,44.5,3.5,No,Delivered,4
ORD004547,2026-02-10,Indore,MP,South,8.5,0.78,Standard,Prepaid,Returning,XpressBees,Low,Clear,48,51.2,3.2,No,Delivered,4
ORD004548,2026-01-13,Bhopal,MP,South,8.8,0.86,Express,Prepaid,New,BlueDart,High,Clear,19,22.1,3.1,No,Delivered,4
ORD004549,2026-01-22,Surat,GJ,South,6.2,2.29,SameDay,Prepaid,New,Shadowfax,Medium,Rain,5,6.3,1.3,No,Delivered,5
ORD004550,2026-02-14,Chandigarh,CH,South,5.5,1.96,Standard,Prepaid,New,DTDC,Low,Heatwave,14,15.1,1.1,No,Delivered,4
ORD004551,2026-02-10,Mumbai,MH,Central,3.0,0.61,Standard,COD,Returning,Shadowfax,Medium,Rain,30,32.8,2.8,No,Delivered,4
ORD004552,2026-01-10,Mumbai,MH,North,4.4,0.65,Express,Prepaid,New,Delhivery,Medium,Clear,13,15.2,2.2,No,Delivered,5
ORD004553,2026-01-31,Pune,MH,South,14.8,1.76,Standard,Prepaid,Returning,Delhivery,High,Clear,43,45.7,2.7,No,Delivered,4
ORD004554,2026-02-18,Indore,MP,South,6.4,0.47,Express,COD,Returning,BlueDart,Medium,Clear,9,12.1,3.1,No,Delivered,4
ORD004555,2025-12-17,Coimbatore,TN,North,8.3,2.64,Standard,Prepaid,New,Ekart,Medium,Heatwave,22,25.6,3.6,No,Delivered,3
ORD004556,2026-01-28,Hyderabad,TG,South,1.5,1.2,Standard,Prepaid,New,XpressBees,Medium,Clear,20,22.7,2.7,No,Delivered,4
ORD004557,2026-01-14,Bangalore,KA,East,17.8,0.78,Standard,Prepaid,New,BlueDart,High,Heatwave,38,42.2,4.2,No,Delivered,5
ORD004558,2026-02-21,Chandigarh,CH,North,4.1,1.11,Standard,Prepaid,VIP,Ekart,Severe,Rain,23,29.9,6.9,No,Delivered,4
ORD004559,2025-12-30,Patna,BR,West,2.8,2.5,Express,Prepaid,Returning,BlueDart,Medium,Rain,6,7.5,1.5,No,Delivered,5
ORD004560,2025-12-26,Nagpur,MH,South,7.3,0.31,Express,Prepaid,Returning,Shadowfax,Medium,Rain,11,15.5,4.5,No,Delivered,4
ORD004561,2026-02-11,Lucknow,UP,North,3.9,2.05,Express,Prepaid,Returning,Delhivery,Severe,Clear,18,22.3,4.3,No,Delivered,3
ORD004562,2026-01-31,Jaipur,RJ,North,9.0,2.26,Express,Prepaid,VIP,DTDC,Low,Clear,15,16.6,1.6,No,NDR_Pending,3
ORD004563,2025-12-22,Mumbai,MH,North,1.5,0.91,Standard,Prepaid,Returning,DTDC,High,Clear,15,17.9,2.9,No,Delivered,4
ORD004564,2026-02-03,Bangalore,KA,North,12.0,1.06,SameDay,Prepaid,New,AmazonLogistics,Medium,Clear,4,3.8,-0.2,Yes,Delivered,3
ORD004565,2025-12-29,Chandigarh,CH,South,11.3,1.2,Express,Prepaid,Returning,EcomExpress,Severe,Rain,14,22.8,8.8,No,Delivered,4
ORD004566,2026-01-11,Kolkata,WB,East,7.0,1.72,Standard,Prepaid,VIP,BlueDart,Medium,Clear,39,40.6,1.6,No,RTO,3
ORD004567,2026-03-05,Coimbatore,TN,West,0.9,0.71,Express,COD,Returning,Delhivery,Medium,Heatwave,15,19.0,4.0,No,Delivered,4
ORD004568,2026-01-13,Coimbatore,TN,Central,4.3,1.1,Express,Prepaid,Returning,Ekart,Medium,Fog,15,20.2,5.2,No,Delivered,3
ORD004569,2026-02-27,Kolkata,WB,South,7.8,1.04,Standard,Prepaid,VIP,Delhivery,Low,Clear,44,44.3,0.3,No,Delivered,4
ORD004570,2026-02-26,Hyderabad,TG,West,2.7,1.66,Standard,Prepaid,Returning,XpressBees,Low,Clear,46,46.5,0.5,No,Delivered,5
ORD004571,2026-02-02,Kochi,KL,West,3.3,5.5,Standard,Prepaid,Returning,DTDC,Severe,Clear,23,26.0,3.0,No,Delivered,3
ORD004572,2025-12-25,Pune,MH,North,11.7,0.71,SameDay,COD,Returning,Delhivery,Medium,Clear,8,12.6,4.6,No,Delivered,4
ORD004573,2026-02-01,Lucknow,UP,South,8.1,1.16,Express,COD,New,BlueDart,Low,Rain,9,12.6,3.6,No,Delivered,5
ORD004574,2025-12-13,Chandigarh,CH,South,8.0,0.7,Express,Prepaid,New,Delhivery,Medium,Rain,11,15.1,4.1,No,Delivered,3
ORD004575,2026-02-06,Coimbatore,TN,East,9.6,0.82,Express,Prepaid,Returning,XpressBees,Medium,Rain,12,16.0,4.0,No,Delivered,4
ORD004576,2026-01-20,Patna,BR,South,6.8,0.58,Standard,Prepaid,VIP,Ekart,Medium,Clear,48,48.8,0.8,No,Delivered,4
ORD004577,2026-03-05,Pune,MH,North,7.3,0.44,SameDay,COD,VIP,BlueDart,Low,Fog,8,13.1,5.1,No,Delivered,3
ORD004578,2026-02-23,Bangalore,KA,Central,9.3,2.25,Standard,Prepaid,New,Ekart,High,Rain,29,36.9,7.9,No,Delivered,4
ORD004579,2025-12-17,Chennai,TN,North,10.7,1.37,Express,Prepaid,Returning,Delhivery,High,Storm,16,24.9,8.9,No,RTO,3
ORD004580,2026-03-03,Chennai,TN,Central,9.5,1.17,Standard,COD,New,BlueDart,Medium,Rain,14,18.0,4.0,No,Delivered,4
ORD004581,2026-01-30,Bangalore,KA,East,13.3,0.65,Standard,Prepaid,Returning,Ekart,High,Rain,47,53.5,6.5,No,Delivered,3
ORD004582,2026-02-24,Noida,UP,East,7.6,1.06,Standard,COD,VIP,AmazonLogistics,Medium,Clear,33,36.2,3.2,No,Delivered,4
ORD004583,2026-02-22,Bangalore,KA,East,2.1,0.55,Standard,Prepaid,VIP,EcomExpress,Medium,Fog,18,21.8,3.8,No,Delivered,4
ORD004584,2026-02-13,Coimbatore,TN,North,11.9,1.09,Standard,COD,Returning,DTDC,Severe,Clear,33,41.8,8.8,No,Delivered,4
ORD004585,2026-02-07,Indore,MP,West,6.5,1.35,Standard,COD,Returning,Ekart,Severe,Clear,43,50.1,7.1,No,Delivered,3
ORD004586,2025-12-14,Nagpur,MH,West,4.4,0.8,Express,Prepaid,Returning,AmazonLogistics,Medium,Clear,11,15.3,4.3,No,Delivered,4
ORD004587,2025-12-20,Hyderabad,TG,West,10.3,0.7,Express,Prepaid,Returning,XpressBees,Medium,Clear,8,10.8,2.8,No,Delivered,5
ORD004588,2026-01-30,Kolkata,WB,North,9.0,0.82,Standard,Prepaid,New,Delhivery,Medium,Clear,25,24.3,-0.7,Yes,Delivered,5
ORD004589,2026-03-05,Nagpur,MH,North,2.4,1.8,Standard,Prepaid,New,Delhivery,Medium,Clear,45,46.5,1.5,No,Delivered,4
ORD004590,2026-02-02,Chennai,TN,South,10.2,1.25,Standard,Prepaid,Returning,XpressBees,High,Rain,41,46.3,5.3,No,Delivered,4
ORD004591,2026-02-04,Kochi,KL,South,15.0,0.42,Express,COD,New,Shadowfax,Low,Rain,8,12.7,4.7,No,Delivered,4
ORD004592,2026-01-19,Mumbai,MH,West,8.8,1.71,Standard,COD,Returning,EcomExpress,Severe,Heatwave,43,51.8,8.8,No,RTO,2
ORD004593,2026-01-17,Pune,MH,East,6.5,1.53,SameDay,COD,Returning,EcomExpress,High,Fog,6,11.6,5.6,No,Delivered,4
ORD004594,2026-02-19,Coimbatore,TN,West,0.8,1.24,Standard,Prepaid,New,BlueDart,Low,Clear,13,11.9,-1.1,Yes,Delivered,4
ORD004595,2026-01-28,Nagpur,MH,West,15.7,2.97,Standard,Prepaid,New,Shadowfax,High,Rain,36,41.4,5.4,No,Delivered,4
ORD004596,2026-03-04,Mumbai,MH,North,5.4,1.12,Express,Prepaid,New,BlueDart,High,Clear,16,21.3,5.3,No,Delivered,4
ORD004597,2026-03-04,Chandigarh,CH,South,1.9,1.43,Standard,Prepaid,New,BlueDart,Medium,Clear,43,43.3,0.3,No,NDR_Pending,5
ORD004598,2026-03-03,Mumbai,MH,South,7.9,1.46,Standard,Prepaid,Returning,Delhivery,Medium,Storm,30,35.9,5.9,No,Delivered,3
ORD004599,2025-12-29,Noida,UP,North,11.5,1.87,SameDay,Prepaid,Returning,AmazonLogistics,High,Heatwave,9,15.3,6.3,No,Delivered,3
ORD004600,2025-12-06,Coimbatore,TN,North,12.4,0.97,Standard,Prepaid,Returning,XpressBees,Severe,Clear,22,28.6,6.6,No,Delivered,4
ORD004601,2026-02-19,Noida,UP,South,4.8,0.75,Standard,Prepaid,Returning,Delhivery,Medium,Fog,26,27.2,1.2,No,Delivered,4
ORD004602,2025-12-08,Gurgaon,HR,North,7.1,1.98,Standard,Prepaid,Returning,BlueDart,High,Clear,29,31.3,2.3,No,Delivered,4
ORD004603,2026-02-02,Kolkata,WB,West,7.5,1.92,Express,Prepaid,Returning,BlueDart,High,Heatwave,8,11.0,3.0,No,Delivered,5
ORD004604,2025-12-09,Patna,BR,North,11.4,2.37,Express,COD,Returning,XpressBees,Severe,Rain,15,21.0,6.0,No,Delivered,3
ORD004605,2026-03-01,Hyderabad,TG,North,9.9,1.42,Standard,COD,Returning,XpressBees,Low,Clear,31,32.8,1.8,No,Reattempted,4
ORD004606,2026-01-02,Lucknow,UP,North,8.6,0.41,Standard,Prepaid,New,XpressBees,Medium,Rain,37,37.9,0.9,No,Delivered,4
ORD004607,2026-03-02,Hyderabad,TG,West,11.2,1.22,Standard,Prepaid,New,DTDC,High,Clear,40,44.6,4.6,No,Delivered,4
ORD004608,2026-02-10,Lucknow,UP,West,2.1,1.13,Standard,Prepaid,New,Delhivery,Low,Clear,34,34.6,0.6,No,Delivered,3
ORD004609,2025-12-10,Chandigarh,CH,South,9.2,2.31,Express,Prepaid,Returning,EcomExpress,Medium,Rain,12,15.3,3.3,No,Delivered,4
ORD004610,2026-01-26,Jaipur,RJ,North,8.4,2.09,Standard,Prepaid,Returning,Delhivery,High,Rain,16,19.2,3.2,No,Delivered,3
ORD004611,2025-12-07,Pune,MH,Central,7.3,1.6,Express,Prepaid,VIP,Shadowfax,Medium,Clear,15,18.6,3.6,No,Delivered,4
ORD004612,2026-01-18,Kolkata,WB,West,6.5,0.32,Express,COD,New,BlueDart,High,Rain,10,14.5,4.5,No,Delivered,5
ORD004613,2026-02-08,Patna,BR,West,8.0,0.67,Standard,Prepaid,Returning,DTDC,Low,Clear,31,33.9,2.9,No,Delivered,4
ORD004614,2026-02-09,Surat,GJ,South,5.2,0.89,Express,Prepaid,New,Delhivery,High,Clear,13,16.0,3.0,No,Delivered,4
ORD004615,2026-01-23,Indore,MP,East,18.4,0.9,Express,Prepaid,Returning,XpressBees,Medium,Rain,8,15.2,7.2,No,Delivered,4
ORD004616,2025-12-28,Jaipur,RJ,East,12.9,1.22,Standard,COD,Returning,EcomExpress,High,Clear,48,53.5,5.5,No,Delivered,4
ORD004617,2026-01-21,Chennai,TN,South,11.9,2.69,Standard,Prepaid,Returning,BlueDart,Medium,Clear,17,19.2,2.2,No,Delivered,5
ORD004618,2026-03-05,Indore,MP,West,5.4,1.76,Express,COD,Returning,DTDC,Low,Heatwave,8,9.7,1.7,No,Reattempted,5
ORD004619,2026-01-22,Nagpur,MH,North,3.7,0.64,Express,COD,New,Delhivery,Severe,Fog,14,22.9,8.9,No,Delivered,3
ORD004620,2025-12-27,Chandigarh,CH,West,6.7,0.67,Express,COD,Returning,BlueDart,High,Clear,19,22.2,3.2,No,Delivered,5
ORD004621,2026-02-14,Nagpur,MH,South,8.0,0.64,Standard,Prepaid,Returning,BlueDart,Medium,Clear,21,21.6,0.6,No,Delivered,4
ORD004622,2026-01-07,Noida,UP,North,1.7,1.03,Express,Prepaid,Returning,DTDC,Medium,Heatwave,9,11.2,2.2,No,Delivered,4
ORD004623,2026-02-23,Bhopal,MP,Central,9.4,1.79,Express,COD,New,EcomExpress,High,Fog,16,22.5,6.5,No,Delivered,3
ORD004624,2026-02-20,Pune,MH,East,11.8,1.97,Standard,COD,Returning,Ekart,Severe,Clear,43,50.3,7.3,No,NDR_Pending,3
ORD004625,2025-12-06,Ahmedabad,GJ,South,0.5,0.88,Standard,COD,Returning,Ekart,Medium,Clear,42,41.6,-0.4,Yes,Delivered,4
ORD004626,2026-02-14,Ahmedabad,GJ,Central,3.9,1.09,Standard,COD,VIP,AmazonLogistics,Severe,Clear,14,21.3,7.3,No,Delivered,3
ORD004627,2026-02-13,Mumbai,MH,South,12.4,3.02,Express,Prepaid,New,EcomExpress,Medium,Clear,14,17.3,3.3,No,Delivered,5
ORD004628,2025-12-18,Bangalore,KA,South,9.0,0.45,Standard,Prepaid,VIP,DTDC,High,Clear,39,42.9,3.9,No,Delivered,3
ORD004629,2025-12-16,Patna,BR,East,4.0,1.62,Express,Prepaid,Returning,Delhivery,Medium,Rain,15,18.9,3.9,No,NDR_Pending,5
ORD004630,2025-12-10,Ahmedabad,GJ,South,10.4,1.52,Standard,Prepaid,New,AmazonLogistics,Low,Rain,23,23.9,0.9,No,Delivered,4
ORD004631,2026-01-05,Delhi,DL,South,5.1,0.92,Express,Prepaid,Returning,Shadowfax,Severe,Heatwave,17,22.6,5.6,No,Delivered,4
ORD004632,2026-02-02,Chennai,TN,West,6.6,1.09,Standard,Prepaid,New,Delhivery,Low,Clear,34,35.9,1.9,No,Delivered,4
ORD004633,2026-03-02,Chennai,TN,North,2.9,1.42,Express,Prepaid,New,EcomExpress,Severe,Clear,14,18.2,4.2,No,Delivered,5
ORD004634,2026-02-06,Bangalore,KA,South,7.6,0.93,Standard,Prepaid,Returning,AmazonLogistics,Low,Clear,23,24.2,1.2,No,Reattempted,5
ORD004635,2026-01-29,Delhi,DL,South,11.6,0.75,Express,Prepaid,New,AmazonLogistics,Medium,Clear,17,19.8,2.8,No,Delivered,4
ORD004636,2026-02-24,Patna,BR,West,5.6,0.72,SameDay,Prepaid,New,Shadowfax,Severe,Clear,9,12.8,3.8,No,Delivered,4
ORD004637,2025-12-10,Bhopal,MP,North,10.1,3.38,Standard,Prepaid,Returning,Shadowfax,High,Storm,29,37.7,8.7,No,Delivered,3
ORD004638,2025-12-07,Lucknow,UP,North,7.3,0.85,Standard,Prepaid,VIP,AmazonLogistics,Medium,Clear,19,20.2,1.2,No,Delivered,4
ORD004639,2025-12-12,Nagpur,MH,West,11.8,1.25,Standard,COD,New,AmazonLogistics,High,Rain,18,26.0,8.0,No,Delivered,4
ORD004640,2026-02-22,Gurgaon,HR,North,5.6,1.77,Standard,Prepaid,New,AmazonLogistics,Medium,Clear,43,45.7,2.7,No,Delivered,4
ORD004641,2026-01-02,Bhopal,MP,South,13.7,0.97,Express,Prepaid,New,BlueDart,High,Clear,9,13.2,4.2,No,Delivered,4
ORD004642,2026-01-04,Mumbai,MH,West,10.2,1.13,Standard,Prepaid,New,XpressBees,Low,Fog,15,18.0,3.0,No,Delivered,4
ORD004643,2026-01-15,Noida,UP,West,8.5,1.49,Express,Prepaid,VIP,AmazonLogistics,Medium,Heatwave,10,12.1,2.1,No,Delivered,4
ORD004644,2026-01-06,Pune,MH,North,8.6,0.66,Standard,Prepaid,Returning,Delhivery,Low,Clear,13,15.6,2.6,No,Delivered,5
ORD004645,2026-03-02,Mumbai,MH,East,5.6,0.44,SameDay,COD,Returning,BlueDart,High,Heatwave,9,12.4,3.4,No,Delivered,3
ORD004646,2026-02-01,Jaipur,RJ,West,5.4,0.71,Standard,Prepaid,Returning,Delhivery,Severe,Clear,19,24.3,5.3,No,Delivered,4
ORD004647,2026-02-07,Coimbatore,TN,South,8.5,3.12,SameDay,COD,VIP,BlueDart,High,Rain,5,11.1,6.1,No,Delivered,5
ORD004648,2026-02-21,Pune,MH,West,2.7,0.78,Standard,Prepaid,Returning,AmazonLogistics,Medium,Clear,25,25.6,0.6,No,Delivered,4
ORD004649,2026-02-01,Chennai,TN,West,5.1,1.2,SameDay,Prepaid,VIP,EcomExpress,Medium,Clear,4,4.9,0.9,No,Delivered,4
ORD004650,2026-01-11,Chennai,TN,West,3.8,0.5,Express,COD,Returning,XpressBees,Low,Rain,17,22.3,5.3,No,Delivered,4
ORD004651,2026-01-18,Ahmedabad,GJ,West,9.8,2.47,Standard,COD,VIP,Delhivery,High,Fog,49,56.1,7.1,No,Delivered,4
ORD004652,2025-12-05,Noida,UP,West,9.8,0.92,Express,Prepaid,Returning,Ekart,Low,Fog,17,20.4,3.4,No,Delivered,5
ORD004653,2026-01-04,Kolkata,WB,Central,12.6,0.84,Standard,Prepaid,Returning,AmazonLogistics,High,Clear,20,22.4,2.4,No,Delivered,5
ORD004654,2026-02-01,Hyderabad,TG,West,6.2,1.02,Standard,Prepaid,New,Shadowfax,Medium,Fog,30,35.1,5.1,No,Delivered,4
ORD004655,2025-12-28,Delhi,DL,East,4.3,4.99,Standard,Prepaid,Returning,DTDC,Severe,Clear,36,40.9,4.9,No,Delivered,3
ORD004656,2026-01-24,Bangalore,KA,West,1.6,1.44,Express,Prepaid,Returning,Delhivery,Medium,Clear,17,19.5,2.5,No,Delivered,4
ORD004657,2026-01-17,Delhi,DL,East,8.6,1.01,Express,Prepaid,Returning,AmazonLogistics,Medium,Clear,16,16.4,0.4,No,Delivered,5
ORD004658,2026-03-03,Indore,MP,Central,13.1,0.2,Standard,Prepaid,Returning,DTDC,Severe,Clear,35,41.4,6.4,No,Delivered,3
ORD004659,2026-03-03,Jaipur,RJ,North,7.2,2.49,Express,COD,New,Delhivery,Severe,Clear,19,24.0,5.0,No,NDR_Pending,4
ORD004660,2026-01-22,Lucknow,UP,North,7.6,0.73,Standard,Prepaid,VIP,Ekart,High,Rain,32,39.4,7.4,No,Delivered,4
ORD004661,2025-12-31,Bhopal,MP,West,7.5,0.66,Standard,COD,Returning,Delhivery,High,Clear,14,18.5,4.5,No,Delivered,4
ORD004662,2026-01-31,Indore,MP,South,8.5,0.7,Standard,Prepaid,New,XpressBees,High,Clear,29,31.6,2.6,No,Delivered,5
ORD004663,2026-02-27,Bangalore,KA,West,11.5,2.66,Standard,Prepaid,Returning,Delhivery,Medium,Clear,30,33.7,3.7,No,Delivered,4
ORD004664,2026-02-22,Ahmedabad,GJ,East,15.2,1.08,Express,Prepaid,Returning,DTDC,Low,Rain,15,20.8,5.8,No,NDR_Pending,3
ORD004665,2026-01-10,Kolkata,WB,Central,9.5,0.44,Standard,Prepaid,New,Delhivery,High,Clear,20,23.3,3.3,No,Delivered,5
ORD004666,2025-12-29,Bhopal,MP,South,9.8,0.98,Standard,Prepaid,New,Delhivery,High,Clear,22,24.8,2.8,No,Delivered,5
ORD004667,2026-01-28,Kolkata,WB,West,6.5,0.67,Standard,Prepaid,Returning,Shadowfax,Low,Rain,33,33.2,0.2,No,Delivered,5
ORD004668,2025-12-06,Delhi,DL,North,7.1,1.37,Express,Prepaid,Returning,Ekart,Medium,Heatwave,18,22.2,4.2,No,Delivered,4
ORD004669,2026-01-11,Coimbatore,TN,South,7.0,0.88,Express,COD,New,EcomExpress,High,Storm,12,17.5,5.5,No,Delivered,4
ORD004670,2026-02-11,Jaipur,RJ,North,6.0,0.43,Standard,Prepaid,New,XpressBees,Low,Clear,30,31.2,1.2,No,Delivered,4
ORD004671,2026-01-23,Pune,MH,South,8.0,1.05,Express,Prepaid,Returning,Shadowfax,High,Heatwave,12,14.1,2.1,No,Delivered,4
ORD004672,2026-02-05,Kochi,KL,South,10.0,1.07,Standard,Prepaid,New,AmazonLogistics,High,Rain,38,45.0,7.0,No,Reattempted,4
ORD004673,2026-01-23,Hyderabad,TG,West,7.8,0.52,Express,Prepaid,Returning,EcomExpress,Medium,Heatwave,12,16.6,4.6,No,Delivered,4
ORD004674,2026-02-23,Chandigarh,CH,West,6.4,0.34,Standard,Prepaid,Returning,XpressBees,Medium,Clear,13,15.5,2.5,No,Delivered,4
ORD004675,2026-01-31,Bhopal,MP,South,8.0,1.31,Standard,Prepaid,Returning,Ekart,Medium,Clear,20,23.4,3.4,No,Delivered,4
ORD004676,2025-12-26,Ahmedabad,GJ,North,3.7,0.93,Standard,COD,Returning,EcomExpress,Medium,Clear,42,44.1,2.1,No,Delivered,3
ORD004677,2026-02-23,Indore,MP,North,10.7,0.97,Standard,COD,New,BlueDart,High,Rain,33,37.7,4.7,No,Delivered,5
ORD004678,2026-01-13,Indore,MP,Central,5.8,1.73,Standard,Prepaid,Returning,Ekart,High,Clear,24,25.3,1.3,No,Delivered,4
ORD004679,2025-12-12,Kochi,KL,Central,2.9,0.35,Express,Prepaid,New,EcomExpress,High,Clear,7,10.9,3.9,No,NDR_Pending,4
ORD004680,2025-12-09,Pune,MH,South,9.3,1.15,Standard,COD,New,BlueDart,Low,Clear,36,36.4,0.4,No,Delivered,4
ORD004681,2026-01-29,Kolkata,WB,North,9.5,1.64,Standard,Prepaid,Returning,EcomExpress,High,Heatwave,29,36.6,7.6,No,Delivered,4
ORD004682,2026-02-07,Bangalore,KA,South,4.1,0.99,Express,Prepaid,Returning,AmazonLogistics,Medium,Clear,8,7.6,-0.4,Yes,Delivered,4
ORD004683,2025-12-25,Kochi,KL,West,10.0,0.47,Express,Prepaid,New,Ekart,High,Rain,15,21.8,6.8,No,Delivered,4
ORD004684,2025-12-22,Pune,MH,South,10.0,0.74,Express,Prepaid,New,XpressBees,Low,Clear,12,15.3,3.3,No,Delivered,4
ORD004685,2026-01-06,Surat,GJ,North,15.4,0.84,Standard,Prepaid,New,XpressBees,Medium,Heatwave,39,41.4,2.4,No,Delivered,3
ORD004686,2026-01-24,Coimbatore,TN,South,6.6,0.43,Express,COD,Returning,BlueDart,Medium,Clear,7,8.5,1.5,No,Delivered,4
ORD004687,2025-12-05,Gurgaon,HR,North,7.3,1.38,Express,Prepaid,New,Delhivery,Medium,Clear,14,15.7,1.7,No,Delivered,5
ORD004688,2026-01-19,Chennai,TN,South,5.1,1.11,Standard,Prepaid,Returning,Delhivery,Severe,Clear,21,29.9,8.9,No,Delivered,4
ORD004689,2025-12-13,Mumbai,MH,North,9.5,0.75,Standard,Prepaid,Returning,Delhivery,Low,Clear,19,20.2,1.2,No,Delivered,5
ORD004690,2026-01-11,Coimbatore,TN,West,7.5,2.0,Standard,Prepaid,Returning,Delhivery,Low,Rain,13,14.7,1.7,No,Delivered,4
ORD004691,2026-01-11,Mumbai,MH,South,11.5,0.81,Standard,COD,VIP,XpressBees,High,Rain,17,24.1,7.1,No,Delivered,3
ORD004692,2025-12-09,Pune,MH,North,5.8,2.69,Express,COD,VIP,Delhivery,Medium,Clear,17,18.2,1.2,No,Delivered,4
ORD004693,2025-12-08,Noida,UP,West,9.4,0.94,Express,COD,New,Delhivery,Medium,Clear,18,20.8,2.8,No,Delivered,4
ORD004694,2026-01-29,Chandigarh,CH,South,6.5,0.62,Standard,Prepaid,New,BlueDart,Medium,Clear,26,26.9,0.9,No,Delivered,5
ORD004695,2026-01-06,Coimbatore,TN,East,0.5,0.63,Standard,COD,Returning,EcomExpress,Low,Clear,14,15.7,1.7,No,Delivered,4
ORD004696,2026-01-20,Bhopal,MP,Central,10.0,1.17,Express,Prepaid,Returning,Delhivery,High,Heatwave,16,19.9,3.9,No,Delivered,4
ORD004697,2025-12-21,Pune,MH,North,0.5,0.58,Standard,Prepaid,New,Delhivery,Medium,Rain,32,34.1,2.1,No,Delivered,5
ORD004698,2025-12-27,Pune,MH,East,6.9,1.21,Standard,Prepaid,VIP,EcomExpress,Medium,Clear,32,35.4,3.4,No,Delivered,4
ORD004699,2026-01-03,Kolkata,WB,West,6.9,0.87,SameDay,Prepaid,Returning,Shadowfax,Medium,Clear,7,9.2,2.2,No,Delivered,3
ORD004700,2026-02-03,Mumbai,MH,West,7.5,0.86,Standard,Prepaid,Returning,AmazonLogistics,Severe,Rain,31,37.2,6.2,No,Delivered,4
ORD004701,2026-01-12,Chandigarh,CH,South,7.7,1.08,Express,COD,New,AmazonLogistics,Severe,Rain,12,16.5,4.5,No,Delivered,4
ORD004702,2026-03-03,Pune,MH,South,7.6,2.02,Express,COD,Returning,AmazonLogistics,Low,Heatwave,9,11.7,2.7,No,Delivered,4
ORD004703,2026-02-23,Surat,GJ,North,9.0,0.8,Standard,Prepaid,Returning,XpressBees,High,Clear,23,26.3,3.3,No,Delivered,5
ORD004704,2026-02-27,Chandigarh,CH,Central,7.1,1.23,Standard,Prepaid,Returning,Ekart,Low,Clear,17,18.6,1.6,No,Delivered,4
ORD004705,2025-12-16,Coimbatore,TN,West,18.0,1.44,Express,Prepaid,New,Shadowfax,Medium,Clear,19,20.0,1.0,No,Delivered,4
ORD004706,2026-02-23,Hyderabad,TG,South,6.1,0.53,Standard,Prepaid,New,XpressBees,High,Rain,27,32.6,5.6,No,Delivered,3
ORD004707,2025-12-06,Lucknow,UP,South,2.6,1.51,Standard,Prepaid,Returning,BlueDart,Severe,Clear,32,36.2,4.2,No,Delivered,4
ORD004708,2026-02-11,Surat,GJ,North,1.9,1.8,Standard,Prepaid,Returning,EcomExpress,Low,Rain,46,48.2,2.2,No,Delivered,4
ORD004709,2026-01-21,Patna,BR,North,10.1,1.97,Express,Prepaid,Returning,EcomExpress,High,Clear,16,18.8,2.8,No,Delivered,4
ORD004710,2026-02-15,Jaipur,RJ,West,1.1,0.57,Standard,Prepaid,New,Delhivery,High,Rain,25,30.8,5.8,No,Delivered,3
ORD004711,2026-01-16,Chennai,TN,South,2.7,0.59,Standard,COD,VIP,AmazonLogistics,High,Clear,17,18.8,1.8,No,Delivered,4
ORD004712,2026-02-07,Patna,BR,East,2.1,1.07,Standard,COD,VIP,Delhivery,High,Fog,41,47.7,6.7,No,Delivered,4
ORD004713,2026-01-04,Chandigarh,CH,West,9.3,1.03,Standard,Prepaid,Returning,DTDC,Medium,Clear,32,35.8,3.8,No,Delivered,4
ORD004714,2026-01-11,Lucknow,UP,West,12.8,1.12,Express,Prepaid,New,AmazonLogistics,Severe,Rain,20,25.8,5.8,No,RTO,2
ORD004715,2026-02-26,Mumbai,MH,East,3.7,0.89,Express,Prepaid,New,Shadowfax,Medium,Clear,13,15.4,2.4,No,Delivered,4
ORD004716,2025-12-22,Surat,GJ,North,9.2,1.24,Standard,Prepaid,Returning,Delhivery,Medium,Rain,17,20.5,3.5,No,Delivered,3
ORD004717,2026-01-29,Chandigarh,CH,West,0.5,0.24,Express,COD,Returning,BlueDart,Medium,Rain,9,12.8,3.8,No,Delivered,4
ORD004718,2026-02-11,Noida,UP,West,4.5,1.64,Express,Prepaid,VIP,BlueDart,High,Clear,13,14.4,1.4,No,Delivered,4
ORD004719,2025-12-23,Jaipur,RJ,North,9.9,2.67,Express,Prepaid,New,Ekart,Low,Clear,16,17.4,1.4,No,Delivered,4
ORD004720,2026-01-30,Bangalore,KA,North,6.3,0.79,Standard,Prepaid,New,DTDC,Medium,Clear,36,38.3,2.3,No,Delivered,4
ORD004721,2026-01-22,Indore,MP,North,11.5,1.25,Standard,COD,Returning,DTDC,High,Clear,14,18.8,4.8,No,Delivered,5
ORD004722,2026-02-16,Bhopal,MP,North,0.5,3.03,Express,COD,Returning,Shadowfax,Medium,Rain,13,16.9,3.9,No,RTO,2
ORD004723,2026-02-02,Gurgaon,HR,South,4.6,1.13,Standard,Prepaid,Returning,DTDC,Medium,Clear,17,18.0,1.0,No,Delivered,4
ORD004724,2026-03-01,Pune,MH,North,9.3,1.33,Standard,COD,Returning,DTDC,Medium,Clear,28,30.5,2.5,No,Delivered,4
ORD004725,2026-01-23,Chennai,TN,West,9.3,3.34,Standard,Prepaid,Returning,Delhivery,High,Clear,32,36.5,4.5,No,Delivered,4
ORD004726,2026-01-09,Lucknow,UP,North,9.6,3.75,Standard,Prepaid,New,EcomExpress,Medium,Clear,40,41.9,1.9,No,Delivered,5
ORD004727,2026-01-26,Pune,MH,North,8.3,0.58,Standard,COD,Returning,Delhivery,Medium,Clear,41,43.1,2.1,No,Delivered,4
ORD004728,2026-02-25,Chandigarh,CH,South,2.9,0.86,Standard,Prepaid,Returning,Shadowfax,Medium,Rain,45,47.2,2.2,No,Delivered,4
ORD004729,2025-12-05,Delhi,DL,North,4.4,1.89,Standard,Prepaid,Returning,AmazonLogistics,Severe,Clear,41,44.4,3.4,No,Delivered,4
ORD004730,2025-12-11,Kochi,KL,Central,16.8,1.49,Standard,Prepaid,Returning,XpressBees,High,Heatwave,17,21.4,4.4,No,Reattempted,4
ORD004731,2025-12-19,Gurgaon,HR,South,2.5,1.69,Standard,Prepaid,Returning,Shadowfax,Medium,Rain,36,40.0,4.0,No,Delivered,4
ORD004732,2025-12-28,Kochi,KL,North,1.8,0.23,Standard,Prepaid,Returning,Ekart,Severe,Clear,20,23.8,3.8,No,Delivered,4
ORD004733,2026-01-28,Patna,BR,North,10.2,0.34,SameDay,Prepaid,New,Delhivery,High,Fog,9,13.7,4.7,No,Delivered,4
ORD004734,2026-01-16,Chennai,TN,South,3.3,3.22,Standard,Prepaid,Returning,Delhivery,High,Rain,44,48.5,4.5,No,Delivered,4
ORD004735,2026-01-26,Bhopal,MP,West,14.7,1.76,Standard,Prepaid,VIP,Ekart,Medium,Clear,24,25.3,1.3,No,Delivered,5
ORD004736,2026-02-28,Jaipur,RJ,East,18.4,1.37,Express,Prepaid,New,Ekart,Low,Clear,10,11.6,1.6,No,Delivered,4
ORD004737,2025-12-06,Pune,MH,South,6.5,0.52,Standard,COD,New,DTDC,High,Rain,46,53.6,7.6,No,Delivered,3
ORD004738,2026-03-03,Ahmedabad,GJ,West,8.7,0.86,Standard,COD,New,EcomExpress,Medium,Clear,25,26.6,1.6,No,Delivered,4
ORD004739,2026-01-01,Kolkata,WB,South,0.5,1.56,Standard,Prepaid,Returning,Ekart,Medium,Clear,42,43.0,1.0,No,Delivered,4
ORD004740,2026-01-20,Surat,GJ,East,11.6,0.48,Standard,Prepaid,Returning,AmazonLogistics,Low,Clear,15,18.7,3.7,No,Delivered,3
ORD004741,2025-12-19,Chennai,TN,West,0.5,0.72,Standard,Prepaid,New,DTDC,Medium,Clear,21,22.8,1.8,No,Delivered,4
ORD004742,2026-01-27,Lucknow,UP,South,2.1,1.38,Standard,Prepaid,New,EcomExpress,High,Rain,27,31.0,4.0,No,Delivered,4
ORD004743,2025-12-26,Jaipur,RJ,West,8.0,1.57,Standard,Prepaid,Returning,Shadowfax,Low,Clear,17,15.8,-1.2,Yes,Delivered,4
ORD004744,2026-01-14,Kolkata,WB,East,9.7,0.81,Standard,Prepaid,Returning,AmazonLogistics,High,Clear,30,33.2,3.2,No,NDR_Pending,3
ORD004745,2025-12-24,Kochi,KL,South,1.6,1.99,Standard,Prepaid,New,AmazonLogistics,High,Rain,46,48.9,2.9,No,Delivered,4
ORD004746,2026-02-24,Kolkata,WB,Central,5.3,1.95,Express,COD,Returning,XpressBees,Medium,Clear,17,20.2,3.2,No,Delivered,4
ORD004747,2026-01-29,Patna,BR,East,0.9,0.38,Standard,Prepaid,New,Shadowfax,Low,Clear,27,26.5,-0.5,Yes,Delivered,4
ORD004748,2026-02-20,Chennai,TN,North,6.2,2.95,Standard,Prepaid,New,DTDC,Low,Clear,15,16.7,1.7,No,Delivered,5
ORD004749,2026-02-26,Chandigarh,CH,East,4.3,2.23,Standard,COD,New,Shadowfax,Medium,Heatwave,35,39.7,4.7,No,Delivered,4
ORD004750,2025-12-28,Ahmedabad,GJ,West,5.0,1.25,Express,COD,New,BlueDart,High,Rain,16,21.8,5.8,No,Delivered,4
ORD004751,2026-01-17,Mumbai,MH,South,10.1,1.02,Standard,Prepaid,New,Delhivery,High,Clear,32,34.2,2.2,No,Delivered,4
ORD004752,2025-12-11,Delhi,DL,South,8.6,1.77,Express,Prepaid,New,Delhivery,High,Fog,9,14.9,5.9,No,Delivered,4
ORD004753,2026-03-04,Bhopal,MP,East,9.7,1.52,Standard,Prepaid,New,AmazonLogistics,Severe,Rain,38,45.6,7.6,No,RTO,3
ORD004754,2025-12-11,Chandigarh,CH,West,7.0,0.94,SameDay,Prepaid,Returning,Delhivery,Medium,Rain,8,10.0,2.0,No,Delivered,4
ORD004755,2025-12-19,Hyderabad,TG,South,10.4,2.9,Standard,COD,Returning,Delhivery,High,Rain,48,56.2,8.2,No,Delivered,3
ORD004756,2026-02-24,Nagpur,MH,North,7.4,0.31,Express,Prepaid,New,Ekart,Medium,Fog,17,21.4,4.4,No,Delivered,4
ORD004757,2026-01-09,Indore,MP,South,5.5,0.74,Standard,Prepaid,Returning,DTDC,Medium,Rain,43,47.6,4.6,No,Delivered,4
ORD004758,2026-02-09,Delhi,DL,East,9.8,1.45,Standard,Prepaid,New,Delhivery,Medium,Clear,15,16.9,1.9,No,Delivered,3
ORD004759,2026-01-31,Lucknow,UP,West,5.8,1.07,Express,Prepaid,Returning,EcomExpress,Medium,Clear,11,13.0,2.0,No,Delivered,5
ORD004760,2025-12-20,Kochi,KL,North,6.2,1.68,SameDay,COD,New,AmazonLogistics,High,Clear,5,7.1,2.1,No,Delivered,4
ORD004761,2026-02-02,Noida,UP,East,11.8,0.48,Express,Prepaid,New,BlueDart,High,Clear,14,19.3,5.3,No,Delivered,3
ORD004762,2026-02-06,Bhopal,MP,East,11.4,0.95,Standard,COD,Returning,Shadowfax,Medium,Storm,43,51.7,8.7,No,Delivered,3
ORD004763,2025-12-15,Pune,MH,South,6.3,2.2,Standard,COD,New,Shadowfax,Low,Rain,43,49.0,6.0,No,Delivered,4
ORD004764,2026-01-11,Hyderabad,TG,North,11.0,0.45,Standard,Prepaid,New,EcomExpress,Medium,Rain,34,36.3,2.3,No,RTO,3
ORD004765,2025-12-14,Jaipur,RJ,West,2.4,0.96,Express,Prepaid,New,DTDC,High,Rain,10,15.3,5.3,No,Delivered,4
ORD004766,2026-01-27,Bangalore,KA,North,6.3,0.8,Standard,Prepaid,Returning,Delhivery,Medium,Heatwave,43,46.2,3.2,No,Delivered,4
ORD004767,2025-12-13,Indore,MP,South,4.5,1.37,Standard,Prepaid,New,Shadowfax,Low,Rain,32,33.7,1.7,No,Delivered,4
ORD004768,2026-01-28,Mumbai,MH,West,7.5,1.4,Standard,Prepaid,New,Delhivery,Medium,Clear,47,49.5,2.5,No,Delivered,4
ORD004769,2026-02-09,Delhi,DL,East,10.4,1.17,SameDay,Prepaid,Returning,Delhivery,High,Clear,5,7.1,2.1,No,Delivered,5
ORD004770,2026-02-05,Mumbai,MH,South,9.7,0.93,Standard,Prepaid,New,Delhivery,High,Clear,26,31.5,5.5,No,Delivered,4
ORD004771,2025-12-11,Chennai,TN,East,9.2,1.15,Standard,COD,New,AmazonLogistics,Low,Clear,36,35.5,-0.5,Yes,Delivered,5
ORD004772,2025-12-30,Patna,BR,East,8.0,1.0,Standard,Prepaid,Returning,Delhivery,Medium,Clear,17,19.4,2.4,No,Delivered,3
ORD004773,2026-02-24,Bangalore,KA,North,6.9,1.08,Standard,COD,New,EcomExpress,Medium,Clear,14,17.6,3.6,No,Delivered,4
ORD004774,2026-02-27,Noida,UP,North,12.3,2.65,Standard,COD,Returning,Delhivery,High,Clear,17,20.9,3.9,No,Delivered,4
ORD004775,2025-12-15,Chennai,TN,West,1.3,0.54,Express,COD,New,DTDC,Low,Clear,7,10.0,3.0,No,Delivered,4
ORD004776,2026-02-22,Mumbai,MH,West,4.8,1.36,Standard,Prepaid,New,Shadowfax,High,Heatwave,17,18.6,1.6,No,Delivered,3
ORD004777,2025-12-14,Kolkata,WB,South,9.1,0.63,Standard,Prepaid,Returning,Ekart,Severe,Clear,22,27.3,5.3,No,Delivered,4
ORD004778,2025-12-06,Coimbatore,TN,West,13.6,3.57,Standard,COD,Returning,DTDC,Medium,Fog,37,40.9,3.9,No,Delivered,4
ORD004779,2025-12-16,Delhi,DL,West,6.1,1.17,Standard,COD,Returning,Shadowfax,Medium,Clear,19,20.4,1.4,No,Delivered,4
ORD004780,2026-02-05,Pune,MH,West,6.5,0.52,Express,COD,New,XpressBees,Low,Storm,11,15.8,4.8,No,Delivered,4
ORD004781,2026-03-05,Bhopal,MP,West,2.3,0.96,Standard,Prepaid,Returning,Delhivery,Low,Rain,37,38.7,1.7,No,Delivered,4
ORD004782,2026-01-23,Indore,MP,North,5.3,0.46,Express,COD,VIP,Ekart,Severe,Heatwave,14,21.7,7.7,No,Delivered,4
ORD004783,2025-12-23,Kolkata,WB,North,10.3,0.76,Standard,Prepaid,Returning,Ekart,Severe,Clear,19,23.0,4.0,No,Delivered,4
ORD004784,2026-01-20,Patna,BR,North,13.8,1.6,Standard,Prepaid,VIP,EcomExpress,Low,Rain,36,38.1,2.1,No,Delivered,4
ORD004785,2026-01-14,Bhopal,MP,Central,6.3,2.5,Standard,Prepaid,Returning,XpressBees,Severe,Clear,34,38.6,4.6,No,Delivered,5
ORD004786,2025-12-15,Ahmedabad,GJ,East,4.3,2.11,Standard,Prepaid,Returning,EcomExpress,Low,Clear,46,47.1,1.1,No,Delivered,5
ORD004787,2026-01-06,Indore,MP,East,7.8,1.04,Standard,Prepaid,New,XpressBees,Medium,Rain,47,51.7,4.7,No,Delivered,4
ORD004788,2026-01-22,Mumbai,MH,North,1.0,1.56,Standard,COD,VIP,AmazonLogistics,High,Clear,33,36.9,3.9,No,Delivered,2
ORD004789,2026-02-11,Kolkata,WB,West,12.4,1.8,Express,Prepaid,Returning,Ekart,Medium,Clear,17,17.1,0.1,No,Delivered,5
ORD004790,2026-02-10,Indore,MP,North,2.6,4.26,Standard,COD,Returning,EcomExpress,Medium,Fog,19,25.4,6.4,No,Delivered,3
ORD004791,2025-12-20,Bangalore,KA,South,8.8,0.77,Standard,Prepaid,VIP,DTDC,High,Clear,35,37.9,2.9,No,Delivered,4
ORD004792,2025-12-06,Noida,UP,North,8.7,2.73,Standard,Prepaid,Returning,DTDC,Medium,Rain,19,23.0,4.0,No,Delivered,4
ORD004793,2026-03-01,Noida,UP,East,10.0,0.57,Standard,Prepaid,Returning,EcomExpress,Severe,Clear,15,20.5,5.5,No,Delivered,4
ORD004794,2026-01-12,Chennai,TN,North,8.5,2.24,Standard,Prepaid,Returning,XpressBees,Medium,Clear,40,39.8,-0.2,Yes,Delivered,4
ORD004795,2026-01-06,Ahmedabad,GJ,West,7.5,0.76,Standard,Prepaid,Returning,XpressBees,Low,Clear,33,33.9,0.9,No,Delivered,4
ORD004796,2026-01-30,Bangalore,KA,Central,9.2,0.73,Standard,Prepaid,Returning,AmazonLogistics,Severe,Clear,15,20.7,5.7,No,Delivered,3
ORD004797,2025-12-27,Surat,GJ,West,10.8,0.93,Express,Prepaid,Returning,Ekart,Medium,Fog,13,18.5,5.5,No,Delivered,4
ORD004798,2025-12-18,Delhi,DL,North,14.7,0.69,Standard,Prepaid,Returning,Delhivery,Medium,Fog,44,48.5,4.5,No,Delivered,4
ORD004799,2026-01-25,Ahmedabad,GJ,East,3.1,1.43,Standard,Prepaid,Returning,EcomExpress,Medium,Clear,26,27.8,1.8,No,Delivered,5
ORD004800,2026-03-04,Indore,MP,West,0.5,2.31,Express,Prepaid,New,Delhivery,Low,Clear,16,16.9,0.9,No,Delivered,4
ORD004801,2026-01-10,Nagpur,MH,South,1.3,0.31,Standard,Prepaid,Returning,Delhivery,Medium,Fog,22,25.2,3.2,No,Delivered,4
ORD004802,2026-02-05,Indore,MP,West,0.5,1.0,Express,Prepaid,Returning,Shadowfax,Medium,Clear,16,17.7,1.7,No,Delivered,4
ORD004803,2026-01-14,Hyderabad,TG,East,2.7,0.58,Standard,Prepaid,Returning,AmazonLogistics,Medium,Clear,13,12.8,-0.2,Yes,Delivered,5
ORD004804,2026-02-05,Patna,BR,South,2.2,1.9,Standard,COD,New,Shadowfax,Medium,Clear,25,25.7,0.7,No,Delivered,5
ORD004805,2026-02-08,Kochi,KL,South,5.8,2.59,Standard,Prepaid,Returning,DTDC,High,Rain,21,26.0,5.0,No,Delivered,4
ORD004806,2026-01-15,Patna,BR,South,10.9,1.0,Express,Prepaid,New,BlueDart,Severe,Clear,18,20.1,2.1,No,Delivered,4
ORD004807,2026-01-16,Lucknow,UP,North,10.0,0.72,Standard,COD,Returning,EcomExpress,Medium,Clear,20,23.9,3.9,No,Delivered,4
ORD004808,2025-12-12,Chandigarh,CH,East,5.0,0.42,Standard,Prepaid,Returning,AmazonLogistics,Severe,Storm,42,49.6,7.6,No,Delivered,4
ORD004809,2026-02-15,Ahmedabad,GJ,North,5.4,3.56,Standard,COD,Returning,XpressBees,High,Heatwave,24,28.5,4.5,No,Delivered,5
ORD004810,2026-02-25,Bhopal,MP,South,15.5,2.44,Standard,COD,Returning,BlueDart,Severe,Rain,20,28.9,8.9,No,Delivered,5
ORD004811,2025-12-06,Hyderabad,TG,South,9.9,0.34,Standard,COD,New,Ekart,High,Rain,23,29.7,6.7,No,Delivered,3
ORD004812,2025-12-10,Hyderabad,TG,South,8.2,1.64,Standard,COD,Returning,Shadowfax,Medium,Heatwave,47,51.7,4.7,No,Delivered,4
ORD004813,2026-02-02,Surat,GJ,South,8.0,0.57,Express,Prepaid,Returning,EcomExpress,Medium,Rain,13,18.9,5.9,No,Delivered,3
ORD004814,2026-02-13,Indore,MP,West,6.3,0.81,SameDay,Prepaid,Returning,Shadowfax,Severe,Rain,6,13.0,7.0,No,Delivered,5
ORD004815,2026-01-22,Coimbatore,TN,South,15.5,0.52,SameDay,Prepaid,New,DTDC,Medium,Clear,8,10.5,2.5,No,Delivered,4
ORD004816,2025-12-20,Chennai,TN,North,6.7,0.33,Standard,Prepaid,Returning,BlueDart,Severe,Clear,28,33.3,5.3,No,Delivered,4
ORD004817,2026-02-06,Chandigarh,CH,East,8.1,1.08,Standard,Prepaid,Returning,AmazonLogistics,High,Fog,30,34.2,4.2,No,Delivered,4
ORD004818,2026-02-08,Kolkata,WB,Central,0.9,3.45,Express,Prepaid,Returning,Shadowfax,Medium,Rain,14,16.0,2.0,No,Delivered,4
ORD004819,2026-01-22,Surat,GJ,South,5.0,0.63,Express,COD,Returning,Shadowfax,Medium,Clear,8,9.9,1.9,No,Delivered,5
ORD004820,2026-01-18,Gurgaon,HR,South,5.3,1.89,Standard,Prepaid,VIP,AmazonLogistics,Severe,Rain,44,51.3,7.3,No,Delivered,3
ORD004821,2026-01-21,Surat,GJ,North,9.4,2.07,Express,Prepaid,Returning,Shadowfax,Low,Rain,13,17.1,4.1,No,Delivered,3
ORD004822,2026-01-15,Kochi,KL,North,4.4,1.7,Standard,Prepaid,New,BlueDart,High,Clear,18,21.6,3.6,No,Delivered,4
ORD004823,2026-02-17,Gurgaon,HR,South,7.7,3.66,Express,Prepaid,Returning,Delhivery,Severe,Rain,19,26.0,7.0,No,Delivered,4
ORD004824,2026-03-05,Noida,UP,Central,5.1,1.96,SameDay,Prepaid,Returning,BlueDart,Low,Clear,7,8.1,1.1,No,Delivered,5
ORD004825,2026-02-08,Lucknow,UP,West,3.1,3.26,SameDay,Prepaid,Returning,BlueDart,Medium,Rain,4,7.5,3.5,No,Delivered,4
ORD004826,2026-03-05,Jaipur,RJ,South,2.9,0.56,Standard,COD,New,EcomExpress,Medium,Storm,45,49.8,4.8,No,Delivered,3
ORD004827,2026-02-22,Bangalore,KA,Central,6.8,1.73,Standard,Prepaid,New,XpressBees,High,Fog,19,25.5,6.5,No,Delivered,4
ORD004828,2025-12-09,Surat,GJ,South,7.9,2.74,Standard,Prepaid,Returning,Delhivery,Medium,Fog,34,38.3,4.3,No,Delivered,4
ORD004829,2026-01-12,Gurgaon,HR,North,6.7,0.7,Express,Prepaid,Returning,EcomExpress,Low,Rain,17,19.6,2.6,No,Delivered,4
ORD004830,2026-02-24,Lucknow,UP,South,4.2,0.14,Standard,Prepaid,New,XpressBees,Low,Clear,28,28.6,0.6,No,Delivered,5
ORD004831,2026-01-13,Kolkata,WB,North,6.9,0.52,Standard,Prepaid,VIP,EcomExpress,Medium,Rain,29,32.2,3.2,No,Delivered,4
ORD004832,2025-12-05,Delhi,DL,East,6.2,0.72,Standard,Prepaid,New,XpressBees,Medium,Clear,15,16.7,1.7,No,Delivered,4
ORD004833,2025-12-12,Ahmedabad,GJ,South,3.3,1.55,Standard,Prepaid,New,DTDC,Medium,Clear,18,19.8,1.8,No,Delivered,4
ORD004834,2026-01-28,Hyderabad,TG,West,7.8,0.79,SameDay,Prepaid,New,EcomExpress,High,Clear,6,10.4,4.4,No,Delivered,5
ORD004835,2026-02-22,Noida,UP,South,14.7,1.11,Express,COD,New,Delhivery,Low,Clear,9,13.5,4.5,No,Delivered,4
ORD004836,2026-02-17,Surat,GJ,East,6.9,0.77,Standard,COD,New,Shadowfax,High,Clear,23,27.5,4.5,No,Delivered,4
ORD004837,2026-02-24,Delhi,DL,West,1.7,1.02,Standard,Prepaid,Returning,Delhivery,Severe,Clear,44,48.5,4.5,No,Delivered,4
ORD004838,2026-01-03,Pune,MH,South,13.4,1.06,Standard,Prepaid,New,Shadowfax,High,Clear,20,21.7,1.7,No,Delivered,5
ORD004839,2026-02-28,Chandigarh,CH,North,12.5,0.76,Standard,COD,Returning,DTDC,High,Clear,14,21.9,7.9,No,Delivered,3
ORD004840,2026-02-06,Gurgaon,HR,East,13.2,1.81,Standard,Prepaid,Returning,XpressBees,Low,Clear,27,28.3,1.3,No,Delivered,5
ORD004841,2025-12-23,Patna,BR,South,7.3,2.53,Express,Prepaid,Returning,Shadowfax,Medium,Clear,14,15.1,1.1,No,Delivered,4
ORD004842,2026-01-29,Delhi,DL,South,4.4,0.55,Express,Prepaid,VIP,Ekart,Medium,Heatwave,11,15.0,4.0,No,Delivered,4
ORD004843,2025-12-06,Pune,MH,East,3.9,1.26,Standard,Prepaid,VIP,Delhivery,Medium,Clear,22,22.3,0.3,No,Delivered,5
ORD004844,2026-01-15,Bangalore,KA,North,12.1,0.47,Express,COD,Returning,Ekart,High,Fog,16,23.3,7.3,No,Delivered,4
ORD004845,2025-12-27,Patna,BR,South,13.9,0.39,SameDay,Prepaid,Returning,AmazonLogistics,Low,Clear,8,8.8,0.8,No,Delivered,4
ORD004846,2026-02-20,Patna,BR,South,3.8,2.06,Express,Prepaid,Returning,BlueDart,Medium,Fog,11,14.0,3.0,No,Delivered,4
ORD004847,2025-12-18,Bhopal,MP,South,0.5,3.69,SameDay,Prepaid,Returning,Delhivery,High,Rain,5,9.4,4.4,No,Reattempted,4
ORD004848,2026-02-05,Pune,MH,South,7.4,0.91,Standard,Prepaid,Returning,Delhivery,Medium,Heatwave,38,39.4,1.4,No,Delivered,4
ORD004849,2026-01-21,Bangalore,KA,North,3.9,3.32,Express,COD,Returning,Ekart,Low,Fog,6,9.5,3.5,No,Delivered,5
ORD004850,2026-02-15,Gurgaon,HR,North,4.7,0.75,SameDay,Prepaid,New,EcomExpress,Low,Rain,3,7.0,4.0,No,Delivered,4
ORD004851,2025-12-28,Gurgaon,HR,North,6.5,0.96,Express,COD,Returning,AmazonLogistics,Medium,Clear,17,18.7,1.7,No,NDR_Pending,4
ORD004852,2025-12-11,Coimbatore,TN,North,9.1,3.01,Standard,Prepaid,Returning,Shadowfax,Medium,Clear,19,25.3,6.3,No,Delivered,4
ORD004853,2026-02-03,Delhi,DL,Central,4.4,0.64,Standard,COD,Returning,Shadowfax,Medium,Clear,32,34.3,2.3,No,Reattempted,5
ORD004854,2025-12-23,Pune,MH,West,8.0,1.92,Standard,COD,Returning,XpressBees,Low,Heatwave,40,41.5,1.5,No,Delivered,4
ORD004855,2026-02-09,Pune,MH,South,7.0,0.9,Express,Prepaid,Returning,EcomExpress,High,Fog,18,23.0,5.0,No,Delivered,4
ORD004856,2026-01-28,Kochi,KL,South,0.5,0.72,Standard,COD,Returning,BlueDart,Severe,Clear,34,35.9,1.9,No,Delivered,5
ORD004857,2026-01-13,Bhopal,MP,West,9.7,0.81,Express,Prepaid,New,Ekart,High,Rain,11,17.9,6.9,No,Delivered,3
ORD004858,2026-02-18,Nagpur,MH,North,5.7,0.3,Express,Prepaid,Returning,EcomExpress,Medium,Clear,18,21.8,3.8,No,Delivered,4
ORD004859,2025-12-24,Chennai,TN,North,2.4,2.36,Standard,Prepaid,New,Ekart,High,Rain,39,44.7,5.7,No,Delivered,3
ORD004860,2026-02-13,Patna,BR,West,4.6,1.27,Standard,Prepaid,Returning,Ekart,High,Rain,39,42.9,3.9,No,Delivered,4
ORD004861,2026-02-02,Pune,MH,South,8.3,1.01,Express,COD,New,Delhivery,Severe,Clear,17,21.7,4.7,No,RTO,1
ORD004862,2026-01-16,Bhopal,MP,East,7.7,0.73,Standard,COD,VIP,Shadowfax,Low,Fog,27,31.8,4.8,No,Delivered,4
ORD004863,2026-01-22,Chandigarh,CH,East,10.1,1.33,SameDay,Prepaid,Returning,Delhivery,Medium,Clear,8,9.7,1.7,No,Delivered,4
ORD004864,2026-02-17,Coimbatore,TN,East,9.2,1.88,Express,COD,New,XpressBees,Low,Rain,12,15.0,3.0,No,Delivered,4
ORD004865,2026-01-09,Chandigarh,CH,North,2.8,0.94,Standard,Prepaid,Returning,Ekart,High,Rain,27,30.5,3.5,No,Delivered,4
ORD004866,2026-02-23,Indore,MP,North,0.5,1.97,Standard,Prepaid,Returning,Ekart,Low,Clear,39,41.7,2.7,No,Delivered,4
ORD004867,2026-03-04,Lucknow,UP,North,8.0,1.3,Express,COD,Returning,Ekart,Severe,Clear,10,15.2,5.2,No,Delivered,4
ORD004868,2026-01-27,Kolkata,WB,East,10.0,1.04,Express,Prepaid,New,EcomExpress,Low,Clear,15,17.6,2.6,No,Delivered,5
ORD004869,2026-01-16,Gurgaon,HR,East,6.7,1.91,Standard,COD,Returning,XpressBees,High,Clear,34,38.8,4.8,No,Delivered,4
ORD004870,2025-12-18,Kochi,KL,Central,10.1,0.81,SameDay,Prepaid,Returning,EcomExpress,Medium,Heatwave,4,6.2,2.2,No,Delivered,4
ORD004871,2026-01-10,Bangalore,KA,South,3.5,0.52,Standard,Prepaid,Returning,Ekart,Medium,Clear,15,16.6,1.6,No,Reattempted,5
ORD004872,2026-01-29,Noida,UP,East,6.1,1.07,Standard,Prepaid,Returning,EcomExpress,Medium,Clear,43,43.8,0.8,No,Delivered,5
ORD004873,2026-01-02,Pune,MH,South,3.8,1.13,Standard,Prepaid,New,Delhivery,High,Clear,40,44.7,4.7,No,Delivered,4
ORD004874,2026-01-02,Indore,MP,East,10.3,0.97,Express,Prepaid,Returning,Delhivery,Medium,Clear,9,10.3,1.3,No,Delivered,5
ORD004875,2025-12-10,Bangalore,KA,South,3.9,2.26,SameDay,Prepaid,VIP,EcomExpress,Medium,Clear,4,6.1,2.1,No,Delivered,3
ORD004876,2026-01-06,Kochi,KL,North,15.7,1.49,Standard,Prepaid,New,EcomExpress,High,Rain,35,40.8,5.8,No,Delivered,4
ORD004877,2026-01-03,Jaipur,RJ,North,5.5,1.03,Standard,COD,New,Delhivery,Severe,Clear,31,35.3,4.3,No,Delivered,4
ORD004878,2026-02-24,Jaipur,RJ,Central,10.7,1.1,Standard,Prepaid,New,AmazonLogistics,High,Fog,17,23.6,6.6,No,Delivered,4
ORD004879,2025-12-11,Kochi,KL,South,5.5,1.16,Express,Prepaid,Returning,AmazonLogistics,High,Clear,8,9.9,1.9,No,Delivered,4
ORD004880,2026-03-04,Patna,BR,South,12.9,1.52,Express,Prepaid,New,EcomExpress,Medium,Rain,17,19.4,2.4,No,Delivered,4
ORD004881,2026-01-29,Ahmedabad,GJ,South,12.7,1.14,Standard,Prepaid,Returning,AmazonLogistics,Severe,Clear,25,30.5,5.5,No,Delivered,3
ORD004882,2026-02-07,Noida,UP,South,6.2,1.01,Express,Prepaid,Returning,BlueDart,Medium,Clear,13,13.5,0.5,No,Delivered,4
ORD004883,2026-02-04,Lucknow,UP,Central,8.6,0.5,Express,Prepaid,New,AmazonLogistics,Severe,Clear,14,18.7,4.7,No,Delivered,4
ORD004884,2026-01-02,Bangalore,KA,North,12.6,0.72,Express,Prepaid,Returning,EcomExpress,High,Rain,12,19.0,7.0,No,Delivered,3
ORD004885,2026-02-10,Mumbai,MH,North,8.7,1.3,Express,COD,Returning,XpressBees,Low,Heatwave,15,18.4,3.4,No,Delivered,4
ORD004886,2025-12-30,Hyderabad,TG,East,3.8,1.24,Standard,Prepaid,New,BlueDart,Low,Clear,25,26.3,1.3,No,Delivered,4
ORD004887,2025-12-30,Kochi,KL,South,7.8,0.45,SameDay,Prepaid,Returning,EcomExpress,High,Clear,5,7.0,2.0,No,Delivered,5
ORD004888,2025-12-08,Surat,GJ,North,4.5,0.79,Standard,COD,Returning,XpressBees,High,Rain,43,50.1,7.1,No,Delivered,3
ORD004889,2026-03-01,Kolkata,WB,North,8.1,0.63,SameDay,Prepaid,New,AmazonLogistics,High,Clear,5,7.5,2.5,No,Reattempted,4
ORD004890,2025-12-10,Lucknow,UP,North,4.4,2.51,Standard,Prepaid,Returning,AmazonLogistics,Severe,Fog,41,45.4,4.4,No,Delivered,4
ORD004891,2026-01-11,Bhopal,MP,North,9.0,1.28,Express,Prepaid,Returning,BlueDart,Medium,Clear,13,11.8,-1.2,Yes,Delivered,5
ORD004892,2025-12-11,Indore,MP,North,0.5,1.43,Standard,Prepaid,Returning,Shadowfax,Medium,Fog,20,22.9,2.9,No,Delivered,4
ORD004893,2026-03-03,Pune,MH,North,3.0,1.06,Standard,COD,Returning,AmazonLogistics,Medium,Clear,46,46.4,0.4,No,Delivered,5
ORD004894,2026-02-04,Mumbai,MH,West,4.3,0.76,SameDay,Prepaid,Returning,Delhivery,Low,Clear,4,3.9,-0.1,Yes,Delivered,5
ORD004895,2026-01-26,Lucknow,UP,East,6.9,0.85,Standard,COD,New,Delhivery,Medium,Rain,41,45.8,4.8,No,Delivered,5
ORD004896,2025-12-22,Jaipur,RJ,East,1.5,1.49,Standard,Prepaid,Returning,BlueDart,Severe,Clear,22,27.9,5.9,No,Delivered,3
ORD004897,2026-02-25,Chandigarh,CH,South,4.0,0.95,Express,COD,New,EcomExpress,Low,Rain,8,10.2,2.2,No,Delivered,4
ORD004898,2025-12-12,Indore,MP,South,10.6,1.49,Standard,Prepaid,Returning,BlueDart,High,Rain,14,19.2,5.2,No,Delivered,4
ORD004899,2026-01-12,Patna,BR,Central,11.1,1.2,Standard,COD,Returning,Delhivery,High,Clear,39,42.8,3.8,No,Delivered,4
ORD004900,2026-03-05,Indore,MP,West,0.5,1.32,SameDay,Prepaid,New,XpressBees,Low,Clear,4,3.4,-0.6,Yes,Delivered,5
ORD004901,2026-01-07,Kolkata,WB,South,5.2,1.36,Standard,Prepaid,New,DTDC,High,Clear,32,34.2,2.2,No,Delivered,4
ORD004902,2026-02-07,Kochi,KL,North,12.6,0.81,Standard,Prepaid,Returning,AmazonLogistics,High,Clear,39,44.3,5.3,No,Delivered,4
ORD004903,2025-12-09,Nagpur,MH,South,9.0,0.92,Express,COD,New,XpressBees,Medium,Rain,15,19.8,4.8,No,Delivered,4
ORD004904,2026-01-28,Coimbatore,TN,South,9.1,1.91,Express,Prepaid,New,BlueDart,Medium,Rain,16,19.3,3.3,No,Delivered,4
ORD004905,2026-02-03,Bangalore,KA,South,9.8,3.31,Standard,Prepaid,Returning,Ekart,Medium,Clear,33,34.6,1.6,No,Delivered,4
ORD004906,2026-01-23,Nagpur,MH,North,3.7,1.92,Standard,COD,Returning,DTDC,High,Rain,35,40.7,5.7,No,Delivered,5
ORD004907,2026-01-25,Chennai,TN,Central,8.4,0.21,Standard,COD,New,Shadowfax,Medium,Rain,33,36.7,3.7,No,Delivered,4
ORD004908,2026-03-02,Patna,BR,West,9.4,0.7,Standard,Prepaid,Returning,EcomExpress,Medium,Rain,40,46.5,6.5,No,Delivered,4
ORD004909,2026-02-09,Patna,BR,West,7.9,1.18,Standard,Prepaid,New,XpressBees,Severe,Clear,27,32.6,5.6,No,Delivered,4
ORD004910,2026-01-29,Nagpur,MH,North,5.9,0.57,Express,Prepaid,Returning,XpressBees,High,Clear,9,12.6,3.6,No,Delivered,5
ORD004911,2025-12-14,Gurgaon,HR,West,7.3,0.56,Standard,COD,Returning,DTDC,High,Clear,25,29.5,4.5,No,Delivered,4
ORD004912,2025-12-08,Surat,GJ,West,2.9,0.86,Standard,Prepaid,New,AmazonLogistics,Severe,Rain,17,24.1,7.1,No,Delivered,3
ORD004913,2025-12-05,Mumbai,MH,North,10.0,1.36,SameDay,COD,Returning,Ekart,Low,Rain,4,8.0,4.0,No,NDR_Pending,4
ORD004914,2026-01-27,Nagpur,MH,West,1.8,1.6,Standard,Prepaid,Returning,Ekart,Medium,Fog,33,36.0,3.0,No,Delivered,4
ORD004915,2026-01-24,Patna,BR,West,4.2,0.89,SameDay,COD,VIP,XpressBees,High,Clear,8,12.0,4.0,No,Delivered,4
ORD004916,2026-01-13,Delhi,DL,East,10.2,0.85,Express,Prepaid,Returning,Ekart,Medium,Rain,7,12.2,5.2,No,Delivered,3
ORD004917,2026-02-06,Delhi,DL,North,8.7,0.67,Standard,Prepaid,Returning,Ekart,Low,Fog,22,27.1,5.1,No,Delivered,3
ORD004918,2026-03-05,Chennai,TN,East,5.6,1.5,Standard,COD,Returning,Delhivery,High,Clear,14,18.1,4.1,No,Delivered,4
ORD004919,2025-12-29,Bhopal,MP,South,0.7,1.44,Standard,COD,Returning,XpressBees,Low,Clear,20,21.5,1.5,No,Delivered,3
ORD004920,2026-01-18,Surat,GJ,North,7.3,1.9,Standard,COD,Returning,Delhivery,Medium,Clear,17,20.8,3.8,No,Delivered,4
ORD004921,2025-12-08,Noida,UP,North,5.0,1.19,Standard,Prepaid,Returning,EcomExpress,Medium,Rain,48,48.3,0.3,No,Delivered,4
ORD004922,2026-02-14,Chandigarh,CH,North,9.4,0.5,Standard,Prepaid,Returning,EcomExpress,High,Clear,23,26.9,3.9,No,Delivered,5
ORD004923,2025-12-06,Indore,MP,South,5.4,0.9,Standard,COD,New,Shadowfax,Medium,Clear,46,47.6,1.6,No,Delivered,4
ORD004924,2026-02-17,Kochi,KL,South,0.5,1.85,Express,Prepaid,VIP,Delhivery,Low,Clear,14,14.4,0.4,No,Delivered,5
ORD004925,2026-02-11,Kolkata,WB,West,2.0,0.39,Standard,Prepaid,New,EcomExpress,Severe,Rain,25,31.7,6.7,No,Delivered,4
ORD004926,2025-12-09,Pune,MH,North,5.8,1.05,Standard,Prepaid,New,Delhivery,Severe,Fog,26,34.5,8.5,No,Delivered,4
ORD004927,2026-03-05,Ahmedabad,GJ,Central,7.9,1.31,Standard,Prepaid,New,XpressBees,Medium,Rain,16,18.4,2.4,No,Delivered,4
ORD004928,2026-03-02,Indore,MP,North,2.8,3.68,Standard,Prepaid,VIP,Ekart,Low,Heatwave,45,45.6,0.6,No,Delivered,4
ORD004929,2026-01-07,Bangalore,KA,West,4.5,0.77,Express,Prepaid,Returning,Ekart,High,Rain,12,15.8,3.8,No,Delivered,3
ORD004930,2026-01-21,Hyderabad,TG,Central,10.7,1.03,Express,COD,Returning,Shadowfax,Medium,Fog,14,18.4,4.4,No,Delivered,5
ORD004931,2026-02-14,Mumbai,MH,East,11.9,3.04,Standard,Prepaid,VIP,EcomExpress,Medium,Clear,13,14.0,1.0,No,Delivered,5
ORD004932,2026-02-18,Coimbatore,TN,West,8.6,0.78,Standard,Prepaid,New,AmazonLogistics,Low,Fog,48,53.4,5.4,No,NDR_Pending,4
ORD004933,2025-12-06,Chandigarh,CH,West,6.4,2.11,Standard,Prepaid,New,Delhivery,Low,Heatwave,21,23.9,2.9,No,Delivered,4
ORD004934,2026-02-01,Bhopal,MP,North,5.0,1.4,Express,Prepaid,New,Ekart,Medium,Rain,10,12.6,2.6,No,Delivered,4
ORD004935,2025-12-19,Ahmedabad,GJ,North,9.7,0.97,Standard,COD,Returning,DTDC,Medium,Clear,33,36.2,3.2,No,Delivered,4
ORD004936,2026-01-15,Indore,MP,South,6.2,1.45,Express,COD,Returning,Shadowfax,High,Clear,13,16.3,3.3,No,Delivered,3
ORD004937,2026-02-28,Noida,UP,North,11.2,1.01,Standard,Prepaid,New,Delhivery,Medium,Clear,27,29.7,2.7,No,Delivered,4
ORD004938,2025-12-29,Indore,MP,South,11.4,4.28,Standard,COD,New,Delhivery,Medium,Clear,18,20.2,2.2,No,Delivered,4
ORD004939,2026-01-19,Chennai,TN,North,9.1,0.32,Standard,Prepaid,Returning,XpressBees,Low,Clear,19,18.8,-0.2,Yes,Delivered,5
ORD004940,2025-12-22,Kolkata,WB,East,5.5,0.93,Standard,COD,New,BlueDart,High,Clear,23,25.6,2.6,No,RTO,3
ORD004941,2026-03-02,Coimbatore,TN,East,5.8,0.95,Standard,COD,Returning,AmazonLogistics,Low,Clear,13,15.6,2.6,No,Delivered,3
ORD004942,2026-02-07,Jaipur,RJ,East,0.9,1.02,Standard,COD,Returning,XpressBees,Medium,Heatwave,37,38.0,1.0,No,Delivered,4
ORD004943,2025-12-22,Bhopal,MP,West,7.3,2.11,Standard,Prepaid,New,BlueDart,High,Rain,40,46.0,6.0,No,RTO,3
ORD004944,2025-12-12,Chandigarh,CH,North,7.2,0.85,SameDay,Prepaid,New,EcomExpress,High,Fog,8,14.4,6.4,No,Delivered,3
ORD004945,2026-02-12,Mumbai,MH,North,2.0,1.48,Standard,Prepaid,Returning,Shadowfax,High,Clear,29,31.2,2.2,No,Delivered,4
ORD004946,2025-12-27,Coimbatore,TN,West,17.0,1.27,Express,Prepaid,Returning,Delhivery,Medium,Clear,12,16.1,4.1,No,Delivered,5
ORD004947,2026-02-15,Ahmedabad,GJ,West,9.7,1.83,Standard,Prepaid,Returning,DTDC,Medium,Clear,35,37.9,2.9,No,Delivered,4
ORD004948,2026-01-21,Surat,GJ,South,4.1,1.02,Standard,Prepaid,Returning,XpressBees,Medium,Fog,37,38.4,1.4,No,Delivered,5
ORD004949,2026-02-23,Chennai,TN,South,15.7,1.34,Standard,Prepaid,VIP,AmazonLogistics,Medium,Clear,21,22.9,1.9,No,Delivered,4
ORD004950,2025-12-24,Ahmedabad,GJ,South,5.5,1.03,Express,Prepaid,Returning,Shadowfax,Medium,Rain,12,15.0,3.0,No,Delivered,4
ORD004951,2025-12-31,Kolkata,WB,North,10.8,0.61,Express,Prepaid,New,EcomExpress,Medium,Clear,10,14.3,4.3,No,Delivered,4
ORD004952,2026-01-24,Pune,MH,South,7.9,2.88,Express,COD,Returning,AmazonLogistics,Low,Clear,12,12.7,0.7,No,Reattempted,4
ORD004953,2026-02-25,Patna,BR,South,5.7,0.7,Standard,Prepaid,Returning,DTDC,Severe,Clear,32,36.9,4.9,No,Delivered,3
ORD004954,2026-01-06,Delhi,DL,West,6.2,0.83,Standard,Prepaid,Returning,DTDC,Low,Clear,24,24.0,0.0,Yes,Delivered,5
ORD004955,2026-01-29,Ahmedabad,GJ,Central,13.2,0.66,Express,COD,Returning,Shadowfax,Medium,Clear,11,14.2,3.2,No,Delivered,4
ORD004956,2025-12-29,Bangalore,KA,South,11.0,1.41,Express,Prepaid,Returning,AmazonLogistics,Severe,Fog,14,19.5,5.5,No,Delivered,4
ORD004957,2026-02-03,Bangalore,KA,West,7.0,0.83,Standard,Prepaid,Returning,EcomExpress,High,Clear,45,49.8,4.8,No,Delivered,4
ORD004958,2026-02-08,Ahmedabad,GJ,East,0.5,2.74,Express,COD,New,BlueDart,Medium,Clear,8,8.8,0.8,No,Delivered,5
ORD004959,2025-12-13,Gurgaon,HR,North,8.7,1.52,Express,Prepaid,Returning,AmazonLogistics,High,Clear,14,15.5,1.5,No,Delivered,4
ORD004960,2025-12-27,Gurgaon,HR,West,2.5,0.94,Standard,Prepaid,New,Delhivery,Low,Storm,47,52.6,5.6,No,Delivered,4
ORD004961,2026-01-19,Ahmedabad,GJ,South,9.7,0.64,Standard,COD,Returning,AmazonLogistics,High,Rain,39,42.8,3.8,No,Delivered,4
ORD004962,2025-12-22,Surat,GJ,West,4.6,1.03,Standard,COD,New,BlueDart,Medium,Rain,35,38.9,3.9,No,Delivered,5
ORD004963,2025-12-24,Noida,UP,North,5.1,1.51,Standard,Prepaid,Returning,Delhivery,Severe,Clear,23,26.0,3.0,No,Delivered,5
ORD004964,2025-12-20,Hyderabad,TG,East,4.9,1.08,Express,Prepaid,Returning,Delhivery,Medium,Fog,14,18.3,4.3,No,Delivered,3
ORD004965,2026-02-04,Gurgaon,HR,Central,11.6,1.02,SameDay,COD,New,AmazonLogistics,High,Clear,6,11.1,5.1,No,Delivered,5
ORD004966,2025-12-23,Delhi,DL,North,0.5,0.6,Standard,Prepaid,New,AmazonLogistics,Medium,Rain,30,31.5,1.5,No,Delivered,4
ORD004967,2026-03-04,Hyderabad,TG,North,10.5,4.25,Standard,Prepaid,Returning,EcomExpress,Low,Rain,22,24.1,2.1,No,Delivered,4
ORD004968,2025-12-06,Kolkata,WB,North,8.9,0.98,Standard,Prepaid,Returning,Delhivery,Medium,Clear,28,28.8,0.8,No,Delivered,4
ORD004969,2026-01-01,Mumbai,MH,East,7.2,0.48,Standard,Prepaid,New,EcomExpress,High,Clear,29,32.4,3.4,No,Delivered,4
ORD004970,2026-02-08,Bhopal,MP,West,5.7,0.58,Express,Prepaid,New,EcomExpress,Medium,Clear,13,17.2,4.2,No,Delivered,4
ORD004971,2026-01-15,Chandigarh,CH,North,9.4,0.9,Standard,COD,New,DTDC,Severe,Clear,33,40.5,7.5,No,Delivered,3
ORD004972,2026-01-25,Ahmedabad,GJ,East,5.7,3.55,Standard,Prepaid,New,EcomExpress,Medium,Clear,37,40.3,3.3,No,Delivered,3
ORD004973,2025-12-10,Bhopal,MP,South,5.7,1.0,Express,COD,Returning,EcomExpress,High,Clear,18,20.6,2.6,No,RTO,3
ORD004974,2025-12-09,Patna,BR,South,7.8,0.88,Standard,COD,New,Delhivery,High,Clear,21,26.4,5.4,No,Delivered,4
ORD004975,2025-12-21,Bhopal,MP,South,14.4,1.83,Standard,COD,Returning,XpressBees,Medium,Rain,27,33.7,6.7,No,Delivered,3
ORD004976,2026-01-17,Bhopal,MP,South,1.4,1.92,Express,COD,New,DTDC,High,Clear,8,11.9,3.9,No,Delivered,4
ORD004977,2026-01-20,Indore,MP,South,9.5,1.64,Standard,Prepaid,VIP,XpressBees,High,Rain,43,47.9,4.9,No,Delivered,4
ORD004978,2026-02-18,Delhi,DL,North,6.9,1.25,Standard,Prepaid,Returning,XpressBees,High,Clear,16,20.7,4.7,No,Delivered,4
ORD004979,2025-12-15,Gurgaon,HR,South,6.6,0.57,Standard,Prepaid,Returning,Ekart,Medium,Clear,30,31.2,1.2,No,Delivered,4
ORD004980,2026-01-17,Nagpur,MH,East,1.4,0.7,Standard,Prepaid,Returning,Shadowfax,High,Clear,41,44.4,3.4,No,Delivered,4
ORD004981,2026-01-06,Gurgaon,HR,South,0.5,0.43,Express,Prepaid,New,AmazonLogistics,Medium,Heatwave,6,6.8,0.8,No,Delivered,4
ORD004982,2026-03-05,Noida,UP,East,8.9,0.97,Express,COD,New,XpressBees,Low,Clear,13,14.0,1.0,No,Delivered,3
ORD004983,2026-02-28,Bangalore,KA,West,2.4,0.86,Standard,COD,Returning,Delhivery,Low,Rain,15,17.5,2.5,No,RTO,4
ORD004984,2025-12-14,Jaipur,RJ,West,11.6,0.8,Standard,Prepaid,Returning,AmazonLogistics,High,Fog,25,32.8,7.8,No,Delivered,4
ORD004985,2026-02-03,Bangalore,KA,South,3.4,1.31,Standard,Prepaid,New,XpressBees,Severe,Rain,18,23.1,5.1,No,Delivered,4
ORD004986,2026-01-29,Pune,MH,East,9.7,0.75,Express,Prepaid,Returning,XpressBees,Low,Clear,17,19.9,2.9,No,Delivered,4
ORD004987,2025-12-05,Noida,UP,North,5.2,0.9,Express,COD,Returning,EcomExpress,Medium,Clear,15,18.5,3.5,No,Delivered,3
ORD004988,2026-01-21,Gurgaon,HR,North,5.0,0.83,Standard,COD,Returning,BlueDart,Medium,Clear,40,41.6,1.6,No,Delivered,4
ORD004989,2026-02-06,Gurgaon,HR,North,3.8,1.08,Standard,Prepaid,Returning,Ekart,Medium,Rain,25,27.8,2.8,No,Delivered,4
ORD004990,2026-01-27,Chandigarh,CH,North,9.2,1.38,SameDay,Prepaid,Returning,EcomExpress,High,Rain,9,13.1,4.1,No,Delivered,4
ORD004991,2026-02-02,Nagpur,MH,Central,10.4,0.49,Express,COD,Returning,Delhivery,High,Rain,12,19.7,7.7,No,Delivered,3
ORD004992,2026-01-21,Surat,GJ,Central,6.2,1.45,Standard,Prepaid,Returning,EcomExpress,High,Clear,20,21.9,1.9,No,Delivered,4
ORD004993,2026-02-27,Noida,UP,West,9.9,1.3,Standard,COD,Returning,Shadowfax,High,Rain,42,44.7,2.7,No,Delivered,4
ORD004994,2026-01-25,Indore,MP,North,7.6,1.42,Standard,Prepaid,Returning,AmazonLogistics,Low,Rain,18,20.7,2.7,No,Delivered,4
ORD004995,2026-02-08,Nagpur,MH,East,2.2,1.2,Standard,Prepaid,New,XpressBees,Medium,Storm,25,28.5,3.5,No,Delivered,5
ORD004996,2026-02-25,Hyderabad,TG,West,9.0,1.37,Standard,Prepaid,Returning,Ekart,Medium,Rain,35,38.9,3.9,No,Delivered,4
ORD004997,2026-01-23,Coimbatore,TN,South,6.3,0.86,Standard,COD,New,Shadowfax,Severe,Clear,47,50.8,3.8,No,Delivered,4
ORD004998,2026-01-07,Bhopal,MP,South,0.5,1.44,Express,Prepaid,New,BlueDart,High,Rain,8,11.2,3.2,No,Delivered,4
ORD004999,2026-02-05,Kochi,KL,West,5.9,2.2,Express,COD,New,EcomExpress,Low,Rain,8,11.6,3.6,No,Delivered,4
ORD005000,2026-02-03,Lucknow,UP,North,0.7,0.82,Standard,COD,Returning,EcomExpress,Medium,Clear,12,14.2,2.2,No,Delivered,5
