Candidate_ID,Name,Age,City,Education,Years_Experience,Primary_Skill,Current_Role,Expected_Salary_LPA,Source
CAND00000,Priya Das,29,Mumbai,B.Tech,13,Deep Learning,Cloud Engineer,36,Recruiter Outreach
CAND00001,Kiran Singh,26,Delhi,M.Sc,11,Data Analysis,Data Analyst,31,Naukri
CAND00002,Arjun Bose,33,Delhi,M.Tech,6,DevOps,DevOps Engineer,13,Recruiter Outreach
CAND00003,Priya Verma,36,Gurgaon,M.Sc,1,SQL,Product Manager,39,Referral
CAND00004,Sneha Patel,27,Delhi,B.Sc,2,SQL,Data Scientist,39,Referral
CAND00005,Rohit Jain,39,Pune,M.Tech,3,Data Analysis,Data Scientist,7,LinkedIn
CAND00006,Meera Das,36,Hyderabad,MBA,6,Kubernetes,Product Manager,6,Company Website
CAND00007,Meera Chopra,24,Chennai,B.Tech,13,Cloud Architecture,Data Analyst,14,Company Website
CAND00008,Rohit Patel,43,Ahmedabad,M.Sc,1,Docker,DevOps Engineer,32,Referral
CAND00009,Pooja Singh,22,Delhi,M.Tech,8,Tableau,Software Engineer,26,Referral
CAND00010,Rohit Mehta,36,Noida,MBA,5,DevOps,Cloud Engineer,23,Naukri
CAND00011,Rahul Bose,31,Gurgaon,B.Tech,0,Machine Learning,DevOps Engineer,20,Company Website
CAND00012,Sanjay Verma,36,Hyderabad,MBA,9,Statistics,ML Engineer,22,Referral
CAND00013,Arjun Chopra,39,Ahmedabad,MBA,10,Data Analysis,DevOps Engineer,27,Naukri
CAND00014,Rohit Singh,37,Noida,M.Tech,14,NLP,Data Scientist,8,LinkedIn
CAND00015,Kavya Gupta,36,Kolkata,PhD,7,TensorFlow,ML Engineer,25,Recruiter Outreach
CAND00016,Priya Kulkarni,41,Gurgaon,M.Tech,4,Kubernetes,ML Engineer,13,Recruiter Outreach
CAND00017,Aditya Sharma,37,Noida,M.Tech,12,Power BI,Cloud Engineer,32,Company Website
CAND00018,Pooja Chopra,40,Mumbai,B.Sc,3,Data Analysis,Cloud Engineer,12,Recruiter Outreach
CAND00019,Vikram Nair,30,Delhi,M.Tech,10,Power BI,Data Scientist,8,Company Website
CAND00020,Rahul Das,25,Pune,MBA,14,Cybersecurity,Product Manager,20,Recruiter Outreach
CAND00021,Meera Reddy,26,Noida,M.Sc,0,Machine Learning,Cloud Engineer,20,Naukri
CAND00022,Priya Jain,35,Gurgaon,B.Tech,13,Machine Learning,Data Analyst,23,Referral
CAND00023,Kavya Bose,33,Delhi,B.Sc,3,Data Analysis,ML Engineer,35,Recruiter Outreach
CAND00024,Kiran Das,22,Hyderabad,B.Tech,7,Tableau,Software Engineer,29,LinkedIn
CAND00025,Sanjay Iyer,25,Mumbai,B.Tech,3,Cloud Architecture,DevOps Engineer,18,Naukri
CAND00026,Neha Singh,44,Noida,B.Tech,2,Deep Learning,DevOps Engineer,30,Company Website
CAND00027,Kavya Sharma,38,Noida,B.Tech,10,Cybersecurity,Software Engineer,23,Company Website
CAND00028,Rohit Iyer,39,Chennai,MBA,7,Statistics,Data Scientist,13,Company Website
CAND00029,Meera Verma,25,Gurgaon,PhD,7,Power BI,DevOps Engineer,6,Naukri
CAND00030,Aditya Das,22,Gurgaon,PhD,7,TensorFlow,DevOps Engineer,6,Recruiter Outreach
CAND00031,Neha Jain,27,Delhi,B.Tech,11,DevOps,ML Engineer,13,Referral
CAND00032,Arjun Reddy,41,Mumbai,PhD,14,Cybersecurity,DevOps Engineer,33,LinkedIn
CAND00033,Aditya Mehta,33,Kolkata,B.Sc,7,Excel,Data Analyst,21,Company Website
CAND00034,Priya Singh,39,Chennai,B.Sc,2,Data Analysis,Data Analyst,21,Referral
CAND00035,Sanjay Iyer,32,Noida,M.Sc,4,DevOps,Data Scientist,19,Naukri
CAND00036,Kavya Patel,32,Ahmedabad,MBA,7,Power BI,Software Engineer,14,Naukri
CAND00037,Kiran Singh,35,Hyderabad,M.Tech,1,Python,Software Engineer,30,Referral
CAND00038,Neha Gupta,44,Noida,B.Sc,3,NodeJS,Cloud Engineer,6,Recruiter Outreach
CAND00039,Ananya Verma,31,Mumbai,M.Sc,3,Data Analysis,Cloud Engineer,26,Referral
CAND00040,Nisha Singh,35,Kolkata,M.Sc,14,Statistics,Product Manager,37,Company Website
CAND00041,Rahul Chopra,43,Mumbai,M.Tech,6,DevOps,Data Analyst,35,LinkedIn
CAND00042,Kiran Verma,29,Delhi,PhD,13,SQL,Software Engineer,18,Recruiter Outreach
CAND00043,Priya Reddy,41,Hyderabad,M.Tech,8,Statistics,Data Analyst,35,Recruiter Outreach
CAND00044,Sanjay Chopra,33,Mumbai,M.Sc,7,Statistics,Cloud Engineer,14,LinkedIn
CAND00045,Arjun Chopra,42,Chennai,M.Tech,14,Cybersecurity,DevOps Engineer,14,Company Website
CAND00046,Pooja Mehta,32,Ahmedabad,B.Tech,10,NLP,DevOps Engineer,17,Naukri
CAND00047,Aditya Reddy,36,Pune,PhD,3,React,Data Analyst,6,LinkedIn
CAND00048,Sneha Verma,28,Bangalore,B.Sc,4,DevOps,DevOps Engineer,15,Company Website
CAND00049,Kiran Patel,36,Pune,M.Tech,9,Cloud Architecture,Product Manager,35,Company Website
CAND00050,Pooja Iyer,28,Pune,B.Tech,0,Power BI,DevOps Engineer,31,Recruiter Outreach
CAND00051,Sanjay Sharma,35,Bangalore,B.Tech,2,NodeJS,Software Engineer,17,Company Website
CAND00052,Sanjay Chopra,39,Delhi,M.Tech,1,Excel,Cloud Engineer,16,Company Website
CAND00053,Sanjay Verma,31,Gurgaon,PhD,10,NLP,Product Manager,17,Company Website
CAND00054,Kavya Verma,31,Noida,M.Tech,6,React,Cloud Engineer,10,Company Website
CAND00055,Vikram Das,28,Gurgaon,B.Tech,0,Tableau,Product Manager,11,Naukri
CAND00056,Rohit Singh,38,Gurgaon,PhD,11,Deep Learning,ML Engineer,39,Company Website
CAND00057,Rohit Kulkarni,35,Hyderabad,PhD,9,React,Software Engineer,29,LinkedIn
CAND00058,Amit Patel,33,Ahmedabad,M.Tech,10,Data Analysis,ML Engineer,29,Company Website
CAND00059,Sneha Patel,21,Pune,B.Sc,2,Docker,Software Engineer,15,Referral
CAND00060,Kavya Verma,23,Noida,B.Sc,13,Excel,Cloud Engineer,35,Naukri
CAND00061,Kiran Singh,21,Pune,B.Sc,2,DevOps,DevOps Engineer,12,Company Website
CAND00062,Pooja Kulkarni,41,Gurgaon,M.Tech,8,DevOps,Data Scientist,38,LinkedIn
CAND00063,Priya Das,41,Mumbai,M.Sc,8,Tableau,Cloud Engineer,23,Company Website
CAND00064,Ananya Nair,22,Bangalore,PhD,3,NodeJS,ML Engineer,17,Referral
CAND00065,Ananya Kulkarni,22,Hyderabad,M.Sc,5,Machine Learning,ML Engineer,31,Company Website
CAND00066,Priya Kulkarni,39,Noida,PhD,0,TensorFlow,Data Analyst,20,Company Website
CAND00067,Sanjay Reddy,33,Mumbai,B.Tech,7,Deep Learning,ML Engineer,15,LinkedIn
CAND00068,Ananya Sharma,28,Bangalore,B.Sc,10,DevOps,Product Manager,29,Referral
CAND00069,Neha Singh,35,Hyderabad,PhD,4,Cloud Architecture,ML Engineer,30,Recruiter Outreach
CAND00070,Nisha Gupta,26,Gurgaon,B.Sc,8,Machine Learning,ML Engineer,26,Referral
CAND00071,Vikram Mehta,25,Ahmedabad,PhD,14,Python,Cloud Engineer,21,Naukri
CAND00072,Nisha Chopra,29,Noida,MBA,3,NodeJS,Software Engineer,17,LinkedIn
CAND00073,Amit Gupta,42,Delhi,PhD,4,DevOps,Cloud Engineer,19,Company Website
CAND00074,Pooja Sharma,39,Hyderabad,PhD,1,NodeJS,DevOps Engineer,35,LinkedIn
CAND00075,Pooja Gupta,25,Kolkata,B.Sc,8,Java,ML Engineer,18,Referral
CAND00076,Aditya Reddy,34,Pune,M.Sc,3,Kubernetes,DevOps Engineer,38,Naukri
CAND00077,Arjun Verma,42,Pune,B.Sc,12,Excel,Data Analyst,10,Company Website
CAND00078,Rahul Kulkarni,43,Bangalore,M.Tech,4,Statistics,Data Scientist,11,Naukri
CAND00079,Rohit Das,39,Bangalore,B.Sc,9,Cloud Architecture,Cloud Engineer,17,Recruiter Outreach
CAND00080,Nisha Verma,24,Chennai,PhD,2,Cybersecurity,Product Manager,6,Naukri
CAND00081,Arjun Mehta,26,Ahmedabad,B.Tech,4,Power BI,Product Manager,35,Referral
CAND00082,Arjun Chopra,26,Noida,M.Tech,2,Data Analysis,Data Scientist,17,LinkedIn
CAND00083,Neha Iyer,24,Hyderabad,MBA,8,Cloud Architecture,ML Engineer,9,Company Website
CAND00084,Neha Sharma,25,Bangalore,MBA,0,SQL,Cloud Engineer,27,Naukri
CAND00085,Priya Patel,28,Noida,B.Sc,1,SQL,Software Engineer,38,Company Website
CAND00086,Sanjay Das,34,Bangalore,MBA,7,Java,DevOps Engineer,39,Referral
CAND00087,Meera Singh,30,Ahmedabad,B.Sc,8,AWS,Software Engineer,9,Referral
CAND00088,Meera Iyer,31,Chennai,B.Tech,4,Java,ML Engineer,32,Naukri
CAND00089,Aditya Kulkarni,26,Delhi,M.Tech,6,Docker,DevOps Engineer,18,Referral
CAND00090,Nisha Iyer,24,Ahmedabad,M.Sc,6,Machine Learning,ML Engineer,34,Recruiter Outreach
CAND00091,Kavya Verma,44,Hyderabad,MBA,11,DevOps,Data Scientist,26,Company Website
CAND00092,Kavya Singh,35,Chennai,M.Sc,6,Power BI,Data Analyst,30,Recruiter Outreach
CAND00093,Rahul Mehta,26,Delhi,B.Sc,12,Java,ML Engineer,34,Referral
CAND00094,Sneha Reddy,40,Bangalore,M.Tech,3,React,ML Engineer,36,LinkedIn
CAND00095,Kiran Nair,40,Mumbai,MBA,2,Data Analysis,Cloud Engineer,10,LinkedIn
CAND00096,Ananya Mehta,44,Bangalore,PhD,6,NLP,Data Analyst,30,Recruiter Outreach
CAND00097,Nisha Patel,24,Pune,PhD,1,React,Data Analyst,10,Recruiter Outreach
CAND00098,Neha Patel,36,Noida,B.Tech,10,TensorFlow,ML Engineer,38,Company Website
CAND00099,Neha Jain,44,Mumbai,M.Sc,5,TensorFlow,ML Engineer,27,Naukri
CAND00100,Neha Bose,40,Hyderabad,MBA,5,Power BI,Software Engineer,12,Referral
CAND00101,Kavya Verma,26,Kolkata,B.Tech,8,Cloud Architecture,Software Engineer,15,Company Website
CAND00102,Kavya Gupta,42,Delhi,B.Sc,1,Deep Learning,Data Analyst,36,Naukri
CAND00103,Sanjay Jain,31,Noida,B.Tech,5,Cloud Architecture,Data Scientist,27,Company Website
CAND00104,Vikram Das,32,Noida,M.Tech,14,Statistics,Product Manager,13,LinkedIn
CAND00105,Vikram Das,34,Bangalore,M.Sc,9,AWS,Software Engineer,33,Naukri
CAND00106,Sanjay Singh,39,Noida,M.Sc,8,AWS,Cloud Engineer,30,Company Website
CAND00107,Meera Gupta,23,Bangalore,MBA,7,Docker,Software Engineer,8,Company Website
CAND00108,Priya Patel,33,Noida,M.Sc,7,Java,Data Analyst,15,LinkedIn
CAND00109,Kavya Bose,40,Noida,PhD,14,DevOps,Data Scientist,34,LinkedIn
CAND00110,Rahul Singh,34,Kolkata,MBA,13,NodeJS,DevOps Engineer,17,Recruiter Outreach
CAND00111,Meera Iyer,27,Ahmedabad,M.Tech,6,DevOps,Data Scientist,7,Referral
CAND00112,Meera Reddy,22,Mumbai,B.Sc,13,SQL,Cloud Engineer,26,Naukri
CAND00113,Sanjay Nair,34,Bangalore,B.Tech,1,Cloud Architecture,Product Manager,36,Company Website
CAND00114,Rohit Iyer,37,Delhi,PhD,4,Excel,Software Engineer,24,Naukri
CAND00115,Kavya Chopra,34,Hyderabad,MBA,4,Cloud Architecture,Product Manager,39,Recruiter Outreach
CAND00116,Amit Das,44,Noida,M.Sc,10,TensorFlow,DevOps Engineer,9,Recruiter Outreach
CAND00117,Kavya Das,35,Kolkata,M.Sc,9,DevOps,Data Scientist,28,Referral
CAND00118,Kiran Singh,33,Bangalore,MBA,7,Statistics,ML Engineer,28,LinkedIn
CAND00119,Vikram Nair,22,Kolkata,PhD,3,SQL,DevOps Engineer,39,Recruiter Outreach
CAND00120,Rahul Nair,34,Kolkata,M.Sc,7,Data Analysis,DevOps Engineer,23,Company Website
CAND00121,Priya Verma,25,Ahmedabad,PhD,4,NLP,Data Scientist,33,Company Website
CAND00122,Kiran Patel,38,Mumbai,B.Tech,7,AWS,DevOps Engineer,10,Naukri
CAND00123,Sanjay Mehta,24,Bangalore,MBA,5,TensorFlow,Cloud Engineer,7,Naukri
CAND00124,Sanjay Sharma,42,Pune,PhD,13,React,Data Scientist,30,LinkedIn
CAND00125,Rahul Singh,28,Pune,M.Sc,11,AWS,Product Manager,6,Naukri
CAND00126,Sneha Reddy,31,Mumbai,MBA,2,Cloud Architecture,Data Analyst,35,Naukri
CAND00127,Kiran Iyer,24,Chennai,B.Tech,14,Machine Learning,DevOps Engineer,6,LinkedIn
CAND00128,Kiran Patel,26,Mumbai,M.Tech,9,React,Data Scientist,29,Company Website
CAND00129,Rahul Nair,43,Bangalore,B.Sc,5,AWS,DevOps Engineer,21,Company Website
CAND00130,Sanjay Iyer,27,Ahmedabad,B.Sc,7,Deep Learning,Data Analyst,27,Recruiter Outreach
CAND00131,Vikram Bose,33,Kolkata,PhD,2,Kubernetes,Software Engineer,27,LinkedIn
CAND00132,Nisha Nair,44,Ahmedabad,B.Tech,0,Cloud Architecture,Cloud Engineer,21,Referral
CAND00133,Kavya Reddy,35,Mumbai,MBA,6,Cloud Architecture,ML Engineer,22,Naukri
CAND00134,Ananya Nair,21,Noida,M.Tech,11,Cloud Architecture,Data Scientist,23,Recruiter Outreach
CAND00135,Vikram Sharma,29,Noida,PhD,5,Cloud Architecture,Data Analyst,29,Referral
CAND00136,Rahul Jain,30,Pune,B.Tech,5,Tableau,Cloud Engineer,30,Recruiter Outreach
CAND00137,Arjun Singh,27,Ahmedabad,M.Tech,14,Python,Data Scientist,21,Recruiter Outreach
CAND00138,Kavya Das,26,Chennai,M.Tech,14,TensorFlow,Product Manager,17,LinkedIn
CAND00139,Priya Patel,33,Ahmedabad,B.Tech,6,Tableau,DevOps Engineer,7,Referral
CAND00140,Vikram Singh,30,Pune,B.Sc,0,Kubernetes,Product Manager,32,Referral
CAND00141,Kiran Singh,28,Noida,B.Sc,10,Python,Data Analyst,13,Naukri
CAND00142,Kavya Jain,30,Pune,B.Sc,10,DevOps,Data Scientist,20,Recruiter Outreach
CAND00143,Rahul Nair,29,Ahmedabad,PhD,13,DevOps,ML Engineer,39,Referral
CAND00144,Rohit Singh,26,Noida,MBA,14,Statistics,Data Analyst,32,Company Website
CAND00145,Sanjay Gupta,31,Mumbai,M.Tech,9,Machine Learning,DevOps Engineer,17,LinkedIn
CAND00146,Nisha Reddy,43,Bangalore,MBA,1,Cloud Architecture,Cloud Engineer,22,Naukri
CAND00147,Rohit Kulkarni,33,Hyderabad,M.Sc,3,Kubernetes,Cloud Engineer,17,Referral
CAND00148,Pooja Singh,35,Mumbai,B.Sc,10,SQL,Cloud Engineer,27,Recruiter Outreach
CAND00149,Vikram Sharma,44,Mumbai,M.Tech,9,Docker,DevOps Engineer,11,Company Website
CAND00150,Neha Chopra,35,Ahmedabad,M.Sc,6,Tableau,Data Scientist,38,Referral
CAND00151,Amit Bose,26,Ahmedabad,M.Sc,6,Kubernetes,Data Analyst,39,Company Website
CAND00152,Rohit Patel,30,Delhi,M.Tech,10,Java,Cloud Engineer,16,Referral
CAND00153,Vikram Kulkarni,32,Ahmedabad,B.Sc,6,Docker,Cloud Engineer,13,Naukri
CAND00154,Neha Patel,32,Noida,B.Sc,2,React,Cloud Engineer,24,Naukri
CAND00155,Kiran Verma,24,Mumbai,M.Tech,14,NodeJS,Data Scientist,27,Recruiter Outreach
CAND00156,Priya Gupta,23,Gurgaon,B.Tech,5,Cybersecurity,Data Analyst,27,Referral
CAND00157,Sneha Verma,29,Mumbai,M.Sc,4,Kubernetes,DevOps Engineer,7,LinkedIn
CAND00158,Meera Das,42,Kolkata,B.Sc,1,NodeJS,ML Engineer,30,LinkedIn
CAND00159,Nisha Das,38,Hyderabad,M.Sc,7,Java,Software Engineer,8,Recruiter Outreach
CAND00160,Neha Patel,41,Pune,MBA,14,Cybersecurity,Data Scientist,17,Referral
CAND00161,Ananya Bose,25,Bangalore,B.Sc,2,Excel,ML Engineer,30,LinkedIn
CAND00162,Nisha Gupta,30,Noida,PhD,3,AWS,Data Scientist,36,Naukri
CAND00163,Sneha Sharma,34,Kolkata,M.Tech,2,AWS,Product Manager,27,Recruiter Outreach
CAND00164,Rahul Kulkarni,31,Delhi,B.Sc,1,TensorFlow,Product Manager,11,Recruiter Outreach
CAND00165,Rohit Mehta,31,Pune,B.Tech,9,Data Analysis,Software Engineer,29,Recruiter Outreach
CAND00166,Vikram Chopra,29,Ahmedabad,B.Tech,4,Excel,Data Scientist,7,Company Website
CAND00167,Kavya Chopra,22,Gurgaon,PhD,11,Cybersecurity,Software Engineer,13,Recruiter Outreach
CAND00168,Nisha Reddy,41,Chennai,B.Tech,6,Kubernetes,Data Analyst,10,Company Website
CAND00169,Sneha Jain,43,Delhi,B.Sc,9,Data Analysis,ML Engineer,39,LinkedIn
CAND00170,Kiran Reddy,22,Ahmedabad,B.Sc,1,Data Analysis,DevOps Engineer,18,Naukri
CAND00171,Ananya Kulkarni,30,Hyderabad,M.Sc,4,Cloud Architecture,Product Manager,24,Naukri
CAND00172,Aditya Gupta,33,Mumbai,B.Sc,6,Cloud Architecture,Cloud Engineer,32,Naukri
CAND00173,Nisha Jain,39,Pune,M.Sc,0,SQL,Cloud Engineer,38,Recruiter Outreach
CAND00174,Rahul Iyer,44,Noida,PhD,6,Excel,Cloud Engineer,39,Recruiter Outreach
CAND00175,Rohit Sharma,30,Ahmedabad,M.Sc,7,Cybersecurity,Data Scientist,11,Naukri
CAND00176,Vikram Singh,38,Gurgaon,M.Sc,6,SQL,Data Analyst,19,LinkedIn
CAND00177,Nisha Jain,43,Noida,B.Tech,7,Machine Learning,Data Analyst,19,Referral
CAND00178,Rahul Bose,40,Hyderabad,M.Tech,11,Machine Learning,Data Scientist,33,LinkedIn
CAND00179,Priya Das,27,Chennai,MBA,11,AWS,ML Engineer,17,Naukri
CAND00180,Pooja Bose,40,Mumbai,B.Sc,0,Tableau,Data Analyst,13,Referral
CAND00181,Sneha Bose,30,Hyderabad,M.Sc,9,Data Analysis,Cloud Engineer,31,LinkedIn
CAND00182,Priya Kulkarni,21,Noida,M.Sc,13,SQL,ML Engineer,22,LinkedIn
CAND00183,Kavya Reddy,39,Ahmedabad,B.Tech,13,Kubernetes,Data Analyst,31,Naukri
CAND00184,Amit Das,41,Ahmedabad,M.Tech,4,Cloud Architecture,Data Scientist,18,LinkedIn
CAND00185,Neha Verma,29,Kolkata,B.Tech,11,Deep Learning,Data Scientist,22,LinkedIn
CAND00186,Arjun Mehta,31,Mumbai,B.Sc,12,React,DevOps Engineer,6,Referral
CAND00187,Aditya Patel,29,Kolkata,B.Sc,5,Cybersecurity,Data Analyst,6,Company Website
CAND00188,Meera Das,23,Bangalore,B.Tech,13,Docker,Cloud Engineer,6,Company Website
CAND00189,Arjun Gupta,44,Noida,PhD,9,Docker,Product Manager,11,Referral
CAND00190,Amit Jain,21,Ahmedabad,M.Tech,11,Machine Learning,ML Engineer,17,Company Website
CAND00191,Nisha Gupta,34,Kolkata,B.Sc,11,TensorFlow,Software Engineer,7,LinkedIn
CAND00192,Amit Patel,21,Noida,M.Sc,11,TensorFlow,Cloud Engineer,11,Company Website
CAND00193,Priya Chopra,37,Bangalore,B.Tech,14,NodeJS,Data Scientist,34,LinkedIn
CAND00194,Aditya Iyer,42,Delhi,PhD,12,Statistics,Cloud Engineer,35,LinkedIn
CAND00195,Meera Iyer,36,Gurgaon,PhD,6,Kubernetes,Product Manager,15,Recruiter Outreach
CAND00196,Neha Nair,35,Delhi,PhD,8,React,Data Scientist,38,Naukri
CAND00197,Meera Bose,40,Chennai,B.Tech,9,Cloud Architecture,Data Scientist,10,Naukri
CAND00198,Amit Iyer,44,Chennai,MBA,12,Python,DevOps Engineer,7,Referral
CAND00199,Vikram Reddy,41,Delhi,M.Tech,5,Deep Learning,Data Analyst,18,Company Website
CAND00200,Nisha Das,26,Mumbai,MBA,4,Deep Learning,Product Manager,15,Company Website
CAND00201,Neha Jain,34,Ahmedabad,PhD,11,Kubernetes,Data Analyst,8,Company Website
CAND00202,Kavya Kulkarni,40,Pune,M.Sc,14,Deep Learning,DevOps Engineer,34,Referral
CAND00203,Arjun Iyer,28,Ahmedabad,M.Sc,13,Excel,ML Engineer,39,Company Website
CAND00204,Aditya Sharma,37,Mumbai,MBA,2,Tableau,Software Engineer,15,Company Website
CAND00205,Rahul Gupta,21,Delhi,PhD,13,NodeJS,ML Engineer,16,Naukri
CAND00206,Vikram Patel,42,Chennai,PhD,11,AWS,ML Engineer,30,Referral
CAND00207,Amit Verma,35,Delhi,M.Sc,2,Python,Data Scientist,37,Company Website
CAND00208,Nisha Patel,38,Chennai,M.Sc,0,React,Product Manager,15,Naukri
CAND00209,Vikram Kulkarni,40,Kolkata,B.Sc,3,Power BI,Data Scientist,29,Referral
CAND00210,Aditya Verma,26,Mumbai,B.Tech,13,SQL,Data Analyst,6,Recruiter Outreach
CAND00211,Sanjay Nair,31,Ahmedabad,M.Tech,11,React,Data Analyst,25,Naukri
CAND00212,Arjun Iyer,41,Noida,M.Sc,8,NLP,Data Scientist,39,Naukri
CAND00213,Pooja Chopra,24,Gurgaon,M.Tech,9,Tableau,Cloud Engineer,22,Referral
CAND00214,Amit Das,40,Pune,M.Tech,6,TensorFlow,Data Analyst,27,Company Website
CAND00215,Priya Das,27,Mumbai,PhD,13,Deep Learning,Data Scientist,29,Recruiter Outreach
CAND00216,Pooja Patel,34,Hyderabad,MBA,2,DevOps,Data Scientist,27,Company Website
CAND00217,Arjun Patel,33,Hyderabad,PhD,4,Tableau,DevOps Engineer,29,Naukri
CAND00218,Ananya Bose,37,Gurgaon,M.Tech,3,Statistics,DevOps Engineer,36,Company Website
CAND00219,Priya Mehta,41,Kolkata,MBA,12,Cloud Architecture,Software Engineer,6,Referral
CAND00220,Nisha Reddy,29,Chennai,MBA,8,Cloud Architecture,Software Engineer,36,LinkedIn
CAND00221,Rahul Singh,25,Gurgaon,MBA,10,Deep Learning,Data Scientist,36,Company Website
CAND00222,Rohit Verma,31,Mumbai,MBA,13,Cybersecurity,Data Scientist,36,LinkedIn
CAND00223,Neha Jain,35,Gurgaon,M.Tech,2,Excel,Data Analyst,18,LinkedIn
CAND00224,Rohit Reddy,39,Mumbai,M.Sc,14,Statistics,Software Engineer,25,Company Website
CAND00225,Nisha Bose,39,Noida,M.Tech,1,TensorFlow,ML Engineer,18,Naukri
CAND00226,Kavya Sharma,29,Hyderabad,MBA,11,Kubernetes,Software Engineer,34,Recruiter Outreach
CAND00227,Ananya Kulkarni,43,Chennai,PhD,10,Statistics,DevOps Engineer,19,Recruiter Outreach
CAND00228,Rahul Nair,22,Bangalore,MBA,12,AWS,Software Engineer,16,LinkedIn
CAND00229,Pooja Patel,23,Chennai,B.Tech,2,Python,Software Engineer,29,Company Website
CAND00230,Meera Patel,21,Kolkata,B.Tech,14,DevOps,ML Engineer,7,Referral
CAND00231,Meera Mehta,43,Kolkata,MBA,11,AWS,DevOps Engineer,18,Company Website
CAND00232,Amit Jain,25,Hyderabad,B.Sc,1,Python,Data Scientist,13,LinkedIn
CAND00233,Rahul Nair,35,Bangalore,PhD,8,Java,Product Manager,18,Naukri
CAND00234,Rahul Jain,40,Delhi,B.Tech,12,NodeJS,Data Analyst,21,Company Website
CAND00235,Meera Chopra,39,Noida,B.Sc,7,Statistics,ML Engineer,8,Naukri
CAND00236,Arjun Singh,43,Pune,M.Tech,5,React,Cloud Engineer,35,Naukri
CAND00237,Kiran Das,22,Gurgaon,MBA,4,Power BI,Product Manager,20,LinkedIn
CAND00238,Pooja Sharma,30,Ahmedabad,MBA,7,Data Analysis,Data Scientist,18,LinkedIn
CAND00239,Kiran Patel,33,Kolkata,M.Tech,14,Power BI,ML Engineer,11,Company Website
CAND00240,Vikram Chopra,37,Delhi,B.Tech,9,Data Analysis,ML Engineer,39,Naukri
CAND00241,Vikram Chopra,35,Hyderabad,B.Tech,10,NLP,Data Scientist,35,Naukri
CAND00242,Kavya Gupta,34,Hyderabad,B.Sc,11,SQL,Cloud Engineer,22,Referral
CAND00243,Neha Kulkarni,28,Gurgaon,M.Tech,11,Docker,ML Engineer,17,LinkedIn
CAND00244,Sanjay Nair,23,Chennai,M.Tech,6,Deep Learning,Software Engineer,21,Company Website
CAND00245,Aditya Bose,31,Pune,B.Tech,11,SQL,Cloud Engineer,38,LinkedIn
CAND00246,Sanjay Nair,27,Noida,B.Tech,4,NLP,DevOps Engineer,13,Company Website
CAND00247,Vikram Mehta,34,Pune,B.Tech,8,Cybersecurity,DevOps Engineer,29,LinkedIn
CAND00248,Priya Mehta,40,Ahmedabad,MBA,4,Docker,Data Scientist,36,Recruiter Outreach
CAND00249,Aditya Mehta,34,Chennai,B.Tech,14,Tableau,Product Manager,31,Referral
CAND00250,Priya Verma,34,Hyderabad,M.Tech,10,Docker,Data Scientist,35,Recruiter Outreach
CAND00251,Nisha Bose,22,Mumbai,M.Tech,8,Docker,DevOps Engineer,38,LinkedIn
CAND00252,Vikram Singh,36,Pune,M.Tech,6,Tableau,DevOps Engineer,8,Naukri
CAND00253,Rohit Gupta,31,Ahmedabad,B.Tech,7,Cloud Architecture,Software Engineer,14,Naukri
CAND00254,Vikram Gupta,23,Delhi,B.Tech,11,NodeJS,Cloud Engineer,10,LinkedIn
CAND00255,Nisha Das,26,Ahmedabad,PhD,4,Machine Learning,Product Manager,25,Naukri
CAND00256,Pooja Chopra,39,Ahmedabad,M.Sc,12,Cloud Architecture,Data Scientist,19,Referral
CAND00257,Nisha Patel,43,Mumbai,B.Tech,4,Machine Learning,Product Manager,7,Naukri
CAND00258,Aditya Sharma,33,Hyderabad,M.Tech,2,Java,ML Engineer,24,Referral
CAND00259,Kavya Nair,44,Kolkata,MBA,11,Power BI,Cloud Engineer,9,LinkedIn
CAND00260,Neha Iyer,25,Chennai,PhD,10,Excel,Cloud Engineer,19,Company Website
CAND00261,Sneha Chopra,28,Delhi,PhD,5,Cybersecurity,Data Analyst,18,Naukri
CAND00262,Neha Reddy,43,Delhi,M.Sc,9,React,Product Manager,36,Recruiter Outreach
CAND00263,Aditya Iyer,25,Gurgaon,B.Tech,10,Java,Cloud Engineer,29,Recruiter Outreach
CAND00264,Aditya Bose,36,Ahmedabad,MBA,11,Tableau,Data Analyst,27,Referral
CAND00265,Ananya Iyer,26,Kolkata,MBA,14,Cybersecurity,ML Engineer,34,Referral
CAND00266,Rahul Gupta,28,Noida,B.Sc,12,NodeJS,Data Analyst,12,Recruiter Outreach
CAND00267,Ananya Iyer,32,Delhi,PhD,6,AWS,Product Manager,14,Referral
CAND00268,Kavya Patel,29,Hyderabad,M.Tech,3,Kubernetes,ML Engineer,31,LinkedIn
CAND00269,Rohit Sharma,41,Pune,B.Sc,1,Docker,Product Manager,31,Naukri
CAND00270,Meera Sharma,44,Gurgaon,M.Tech,8,Deep Learning,ML Engineer,6,Recruiter Outreach
CAND00271,Sneha Iyer,33,Mumbai,M.Tech,9,Docker,DevOps Engineer,13,Referral
CAND00272,Pooja Sharma,33,Noida,M.Tech,10,React,DevOps Engineer,13,Company Website
CAND00273,Arjun Nair,22,Chennai,M.Sc,0,Java,ML Engineer,6,Referral
CAND00274,Rohit Verma,26,Gurgaon,MBA,10,React,Data Analyst,28,Referral
CAND00275,Sanjay Mehta,21,Ahmedabad,M.Sc,11,Deep Learning,ML Engineer,7,Naukri
CAND00276,Pooja Reddy,41,Delhi,M.Sc,10,Python,Software Engineer,34,LinkedIn
CAND00277,Nisha Kulkarni,26,Delhi,MBA,7,Cybersecurity,Product Manager,25,Referral
CAND00278,Meera Bose,29,Chennai,PhD,0,Excel,Data Scientist,31,Referral
CAND00279,Sanjay Chopra,41,Hyderabad,B.Tech,7,Power BI,Product Manager,22,Recruiter Outreach
CAND00280,Rohit Sharma,38,Mumbai,PhD,9,Kubernetes,DevOps Engineer,38,Referral
CAND00281,Kavya Iyer,35,Mumbai,B.Tech,8,Docker,Cloud Engineer,15,Recruiter Outreach
CAND00282,Aditya Gupta,21,Gurgaon,MBA,8,Kubernetes,ML Engineer,24,LinkedIn
CAND00283,Sneha Gupta,34,Ahmedabad,M.Sc,7,Statistics,Product Manager,6,Naukri
CAND00284,Kiran Kulkarni,34,Mumbai,M.Sc,8,React,ML Engineer,34,Referral
CAND00285,Nisha Mehta,28,Hyderabad,M.Tech,4,Python,Data Analyst,25,Naukri
CAND00286,Vikram Sharma,38,Noida,PhD,9,Deep Learning,Data Scientist,11,Company Website
CAND00287,Amit Mehta,43,Gurgaon,B.Tech,4,Power BI,Product Manager,33,Recruiter Outreach
CAND00288,Aditya Kulkarni,27,Gurgaon,M.Sc,7,Tableau,DevOps Engineer,39,Company Website
CAND00289,Aditya Patel,28,Noida,B.Sc,6,Excel,ML Engineer,8,Naukri
CAND00290,Priya Chopra,28,Mumbai,M.Tech,10,Machine Learning,DevOps Engineer,34,Naukri
CAND00291,Priya Sharma,41,Bangalore,PhD,13,SQL,ML Engineer,31,Recruiter Outreach
CAND00292,Arjun Bose,22,Chennai,M.Sc,9,SQL,Data Analyst,18,Recruiter Outreach
CAND00293,Meera Patel,42,Mumbai,B.Tech,2,TensorFlow,Data Analyst,27,Company Website
CAND00294,Pooja Chopra,39,Hyderabad,B.Tech,10,Excel,Product Manager,32,LinkedIn
CAND00295,Sanjay Bose,32,Hyderabad,B.Tech,4,TensorFlow,Software Engineer,22,Referral
CAND00296,Sneha Jain,35,Ahmedabad,MBA,0,Data Analysis,Data Scientist,28,Referral
CAND00297,Neha Chopra,42,Hyderabad,MBA,2,Data Analysis,Data Analyst,7,Referral
CAND00298,Ananya Das,39,Ahmedabad,M.Sc,14,Tableau,Product Manager,37,Recruiter Outreach
CAND00299,Kiran Nair,27,Gurgaon,M.Sc,6,Statistics,Cloud Engineer,37,LinkedIn
CAND00300,Ananya Das,22,Noida,B.Tech,3,Docker,Data Scientist,13,Recruiter Outreach
CAND00301,Meera Patel,36,Kolkata,MBA,2,Python,Data Scientist,22,Recruiter Outreach
CAND00302,Pooja Kulkarni,24,Kolkata,M.Sc,9,NLP,Cloud Engineer,14,Naukri
CAND00303,Neha Kulkarni,23,Bangalore,PhD,11,TensorFlow,Cloud Engineer,19,Referral
CAND00304,Nisha Bose,44,Chennai,M.Tech,5,Machine Learning,Data Analyst,15,Referral
CAND00305,Pooja Singh,32,Delhi,B.Tech,1,Cloud Architecture,Data Scientist,35,Company Website
CAND00306,Sanjay Mehta,36,Ahmedabad,B.Tech,5,Statistics,ML Engineer,29,Company Website
CAND00307,Kiran Nair,26,Mumbai,MBA,9,Deep Learning,Cloud Engineer,34,Naukri
CAND00308,Sneha Gupta,23,Chennai,MBA,1,Docker,Data Scientist,32,Naukri
CAND00309,Amit Patel,22,Bangalore,MBA,4,Docker,ML Engineer,30,Recruiter Outreach
CAND00310,Arjun Singh,29,Bangalore,B.Tech,0,Cybersecurity,Data Analyst,11,Company Website
CAND00311,Rahul Mehta,21,Gurgaon,MBA,7,Cybersecurity,Cloud Engineer,34,Company Website
CAND00312,Ananya Gupta,31,Bangalore,M.Tech,2,Java,Cloud Engineer,32,Referral
CAND00313,Neha Mehta,28,Gurgaon,MBA,2,Data Analysis,DevOps Engineer,10,LinkedIn
CAND00314,Rohit Mehta,33,Ahmedabad,B.Tech,1,Statistics,Data Analyst,8,Naukri
CAND00315,Meera Reddy,35,Gurgaon,M.Sc,10,Excel,Software Engineer,31,Referral
CAND00316,Arjun Mehta,28,Pune,MBA,7,Deep Learning,Data Scientist,19,Referral
CAND00317,Rahul Verma,31,Pune,M.Tech,14,Kubernetes,ML Engineer,17,Naukri
CAND00318,Sneha Reddy,22,Chennai,PhD,5,Machine Learning,ML Engineer,19,Recruiter Outreach
CAND00319,Sanjay Jain,28,Delhi,M.Sc,3,SQL,Data Scientist,35,Recruiter Outreach
CAND00320,Kiran Bose,44,Gurgaon,B.Tech,3,Cybersecurity,Cloud Engineer,18,Company Website
CAND00321,Pooja Singh,44,Chennai,B.Tech,14,SQL,Software Engineer,18,Company Website
CAND00322,Sanjay Reddy,32,Pune,B.Tech,8,DevOps,Data Analyst,19,Naukri
CAND00323,Kavya Kulkarni,43,Ahmedabad,B.Sc,4,Deep Learning,ML Engineer,7,Naukri
CAND00324,Nisha Chopra,33,Ahmedabad,MBA,9,SQL,DevOps Engineer,7,Naukri
CAND00325,Kavya Verma,24,Noida,MBA,8,NodeJS,Data Scientist,20,Recruiter Outreach
CAND00326,Sneha Chopra,41,Noida,B.Sc,1,Machine Learning,DevOps Engineer,6,Recruiter Outreach
CAND00327,Rohit Kulkarni,30,Ahmedabad,B.Sc,10,Excel,Cloud Engineer,31,Naukri
CAND00328,Sanjay Nair,35,Chennai,B.Tech,1,Excel,Software Engineer,20,Company Website
CAND00329,Priya Reddy,36,Pune,B.Tech,2,AWS,ML Engineer,23,LinkedIn
CAND00330,Rahul Das,28,Noida,M.Sc,10,Tableau,Cloud Engineer,17,Naukri
CAND00331,Amit Iyer,38,Chennai,PhD,6,Machine Learning,ML Engineer,31,Recruiter Outreach
CAND00332,Ananya Verma,33,Gurgaon,PhD,3,Deep Learning,ML Engineer,20,Company Website
CAND00333,Rohit Bose,29,Gurgaon,PhD,1,Machine Learning,Software Engineer,7,Naukri
CAND00334,Aditya Patel,28,Chennai,MBA,8,Java,Product Manager,22,Referral
CAND00335,Nisha Nair,38,Hyderabad,M.Sc,10,React,Data Analyst,12,Recruiter Outreach
CAND00336,Kiran Patel,26,Chennai,PhD,3,Tableau,ML Engineer,26,Recruiter Outreach
CAND00337,Ananya Das,23,Noida,PhD,6,SQL,Data Analyst,25,Referral
CAND00338,Ananya Patel,42,Noida,B.Tech,5,Data Analysis,Software Engineer,22,Recruiter Outreach
CAND00339,Rohit Jain,28,Delhi,B.Tech,13,React,DevOps Engineer,19,Naukri
CAND00340,Meera Patel,36,Delhi,MBA,11,NLP,Data Analyst,26,Referral
CAND00341,Nisha Jain,38,Ahmedabad,B.Sc,4,Power BI,DevOps Engineer,29,Referral
CAND00342,Rahul Chopra,41,Bangalore,PhD,7,NodeJS,Data Analyst,35,Naukri
CAND00343,Arjun Nair,36,Pune,M.Tech,13,React,Data Analyst,38,Naukri
CAND00344,Kavya Das,37,Gurgaon,M.Sc,5,NodeJS,Data Analyst,8,Company Website
CAND00345,Nisha Chopra,41,Ahmedabad,PhD,2,Excel,Software Engineer,28,LinkedIn
CAND00346,Aditya Jain,43,Noida,PhD,4,Tableau,Product Manager,8,Naukri
CAND00347,Priya Gupta,22,Chennai,M.Tech,9,Cloud Architecture,ML Engineer,20,Company Website
CAND00348,Meera Nair,38,Hyderabad,M.Tech,14,DevOps,Cloud Engineer,31,Recruiter Outreach
CAND00349,Amit Patel,25,Chennai,M.Tech,4,Java,DevOps Engineer,24,Referral
CAND00350,Rohit Nair,42,Mumbai,M.Sc,0,Cloud Architecture,Data Analyst,33,Company Website
CAND00351,Rahul Iyer,22,Delhi,M.Sc,2,DevOps,Software Engineer,37,Referral
CAND00352,Rahul Kulkarni,26,Bangalore,MBA,6,Statistics,Data Analyst,39,Company Website
CAND00353,Amit Nair,25,Bangalore,B.Tech,1,NLP,Cloud Engineer,28,Referral
CAND00354,Kavya Singh,35,Delhi,B.Sc,0,AWS,ML Engineer,28,Company Website
CAND00355,Kiran Kulkarni,21,Ahmedabad,M.Sc,9,Python,DevOps Engineer,33,Naukri
CAND00356,Meera Das,21,Bangalore,MBA,12,SQL,Cloud Engineer,13,Referral
CAND00357,Aditya Chopra,33,Ahmedabad,M.Tech,3,Docker,DevOps Engineer,16,Naukri
CAND00358,Rohit Singh,44,Delhi,B.Sc,7,Deep Learning,ML Engineer,17,Company Website
CAND00359,Sneha Nair,33,Ahmedabad,B.Sc,8,Deep Learning,Data Analyst,31,Company Website
CAND00360,Rahul Jain,31,Hyderabad,B.Sc,10,NLP,ML Engineer,17,Company Website
CAND00361,Pooja Patel,36,Ahmedabad,PhD,14,Tableau,Product Manager,10,Company Website
CAND00362,Sanjay Patel,34,Noida,M.Tech,13,Machine Learning,Software Engineer,33,Recruiter Outreach
CAND00363,Meera Patel,30,Noida,B.Sc,4,Cloud Architecture,Software Engineer,31,Naukri
CAND00364,Kavya Verma,35,Delhi,PhD,14,React,Product Manager,26,Naukri
CAND00365,Meera Mehta,21,Chennai,M.Tech,0,Cybersecurity,Software Engineer,35,Naukri
CAND00366,Aditya Das,26,Delhi,M.Tech,14,Statistics,ML Engineer,32,Naukri
CAND00367,Sneha Verma,37,Kolkata,B.Tech,2,Kubernetes,Product Manager,36,LinkedIn
CAND00368,Meera Reddy,29,Gurgaon,MBA,1,Excel,DevOps Engineer,14,Recruiter Outreach
CAND00369,Meera Bose,22,Mumbai,B.Tech,1,TensorFlow,DevOps Engineer,9,Naukri
CAND00370,Pooja Das,23,Noida,M.Sc,1,Docker,Data Scientist,17,Naukri
CAND00371,Kiran Gupta,41,Kolkata,B.Tech,6,Tableau,Data Analyst,34,Recruiter Outreach
CAND00372,Sanjay Mehta,28,Gurgaon,M.Sc,9,Power BI,Data Analyst,37,Naukri
CAND00373,Rohit Reddy,21,Chennai,B.Sc,11,Python,ML Engineer,9,Naukri
CAND00374,Neha Iyer,38,Hyderabad,PhD,0,TensorFlow,Data Analyst,35,Naukri
CAND00375,Nisha Iyer,33,Noida,MBA,4,Cloud Architecture,ML Engineer,22,Recruiter Outreach
CAND00376,Priya Jain,31,Noida,MBA,1,React,Data Analyst,33,Referral
CAND00377,Rohit Singh,42,Hyderabad,M.Tech,2,Deep Learning,Cloud Engineer,29,LinkedIn
CAND00378,Meera Mehta,28,Chennai,B.Sc,11,Statistics,Cloud Engineer,8,LinkedIn
CAND00379,Rahul Das,34,Hyderabad,M.Tech,9,Machine Learning,ML Engineer,22,Company Website
CAND00380,Rahul Kulkarni,38,Mumbai,B.Tech,3,Deep Learning,ML Engineer,9,LinkedIn
CAND00381,Nisha Jain,35,Mumbai,PhD,4,Java,Data Scientist,17,Company Website
CAND00382,Neha Das,25,Mumbai,M.Sc,13,NLP,Software Engineer,31,Recruiter Outreach
CAND00383,Ananya Singh,37,Chennai,B.Tech,8,Data Analysis,Data Scientist,29,Company Website
CAND00384,Rahul Mehta,38,Delhi,B.Sc,3,Cybersecurity,Data Scientist,29,LinkedIn
CAND00385,Kiran Jain,23,Chennai,M.Tech,14,Data Analysis,Product Manager,28,Company Website
CAND00386,Amit Das,24,Ahmedabad,M.Tech,2,TensorFlow,Cloud Engineer,6,Naukri
CAND00387,Pooja Jain,37,Bangalore,MBA,4,Data Analysis,Data Analyst,25,LinkedIn
CAND00388,Arjun Patel,23,Hyderabad,M.Sc,10,AWS,Cloud Engineer,22,LinkedIn
CAND00389,Vikram Chopra,42,Bangalore,B.Tech,7,Docker,Data Analyst,23,Company Website
CAND00390,Aditya Nair,23,Bangalore,MBA,1,Cloud Architecture,DevOps Engineer,13,Naukri
CAND00391,Priya Patel,44,Delhi,PhD,12,Cybersecurity,Product Manager,29,Naukri
CAND00392,Kavya Nair,37,Hyderabad,MBA,3,DevOps,Data Scientist,26,Company Website
CAND00393,Amit Verma,31,Hyderabad,B.Tech,10,Statistics,Software Engineer,19,Naukri
CAND00394,Rohit Sharma,27,Noida,MBA,5,SQL,Data Scientist,7,Recruiter Outreach
CAND00395,Priya Singh,29,Kolkata,M.Sc,11,Java,Cloud Engineer,8,LinkedIn
CAND00396,Meera Chopra,38,Bangalore,PhD,13,Power BI,Cloud Engineer,18,Referral
CAND00397,Arjun Reddy,39,Pune,B.Sc,11,Machine Learning,Cloud Engineer,24,LinkedIn
CAND00398,Nisha Singh,26,Bangalore,B.Tech,13,Tableau,DevOps Engineer,39,Naukri
CAND00399,Neha Singh,34,Delhi,M.Sc,8,Docker,Data Analyst,30,Recruiter Outreach
CAND00400,Amit Reddy,44,Ahmedabad,M.Sc,0,NLP,Data Scientist,22,Naukri
CAND00401,Rohit Bose,27,Pune,B.Sc,8,Java,Cloud Engineer,16,Referral
CAND00402,Meera Das,37,Mumbai,PhD,6,TensorFlow,Product Manager,11,LinkedIn
CAND00403,Rohit Patel,25,Delhi,M.Sc,10,Excel,Product Manager,10,Referral
CAND00404,Arjun Jain,41,Ahmedabad,M.Tech,3,Cloud Architecture,Software Engineer,8,Referral
CAND00405,Amit Bose,25,Delhi,MBA,10,Kubernetes,ML Engineer,37,LinkedIn
CAND00406,Kiran Gupta,28,Ahmedabad,B.Sc,6,React,DevOps Engineer,6,LinkedIn
CAND00407,Sanjay Chopra,32,Noida,MBA,10,Cybersecurity,Data Scientist,35,Company Website
CAND00408,Amit Patel,29,Mumbai,B.Sc,6,NLP,Data Scientist,25,Company Website
CAND00409,Kiran Jain,25,Chennai,M.Sc,5,Deep Learning,Cloud Engineer,27,Company Website
CAND00410,Amit Verma,36,Gurgaon,B.Tech,3,TensorFlow,Product Manager,38,LinkedIn
CAND00411,Rahul Verma,21,Delhi,B.Sc,12,React,Software Engineer,32,Recruiter Outreach
CAND00412,Ananya Patel,44,Pune,B.Tech,1,NLP,Data Analyst,11,Naukri
CAND00413,Kiran Bose,22,Pune,B.Sc,3,Kubernetes,Data Analyst,38,Naukri
CAND00414,Pooja Sharma,29,Noida,MBA,6,Excel,Data Scientist,11,Recruiter Outreach
CAND00415,Sneha Gupta,43,Chennai,M.Tech,2,DevOps,ML Engineer,25,Referral
CAND00416,Kavya Iyer,24,Delhi,PhD,13,AWS,Software Engineer,27,Naukri
CAND00417,Pooja Das,22,Hyderabad,M.Tech,5,Data Analysis,Cloud Engineer,14,LinkedIn
CAND00418,Sanjay Iyer,38,Hyderabad,B.Tech,3,React,Data Analyst,27,Naukri
CAND00419,Amit Bose,22,Noida,MBA,3,Cybersecurity,Cloud Engineer,27,Referral
CAND00420,Vikram Verma,42,Mumbai,M.Sc,2,Excel,ML Engineer,39,LinkedIn
CAND00421,Aditya Sharma,31,Chennai,B.Tech,9,Cybersecurity,Product Manager,37,Company Website
CAND00422,Amit Sharma,41,Hyderabad,MBA,7,Deep Learning,Product Manager,19,LinkedIn
CAND00423,Rahul Sharma,26,Gurgaon,MBA,3,Deep Learning,Data Analyst,29,Recruiter Outreach
CAND00424,Pooja Nair,24,Gurgaon,PhD,13,Cloud Architecture,ML Engineer,33,Referral
CAND00425,Nisha Chopra,44,Chennai,B.Tech,9,Kubernetes,Product Manager,6,LinkedIn
CAND00426,Nisha Gupta,39,Bangalore,B.Tech,6,Python,Cloud Engineer,29,Naukri
CAND00427,Vikram Chopra,42,Bangalore,B.Sc,7,React,Data Analyst,37,Referral
CAND00428,Sneha Sharma,28,Bangalore,M.Tech,9,Data Analysis,ML Engineer,10,Company Website
CAND00429,Kiran Chopra,30,Bangalore,M.Sc,2,NLP,DevOps Engineer,31,Company Website
CAND00430,Nisha Bose,34,Gurgaon,M.Tech,12,Power BI,Software Engineer,8,Naukri
CAND00431,Priya Das,31,Mumbai,B.Sc,3,Tableau,DevOps Engineer,19,Naukri
CAND00432,Pooja Verma,26,Mumbai,B.Tech,0,DevOps,Cloud Engineer,33,Company Website
CAND00433,Pooja Chopra,30,Delhi,M.Sc,7,Power BI,Data Analyst,39,Company Website
CAND00434,Kavya Sharma,35,Bangalore,B.Sc,13,NLP,Data Scientist,30,LinkedIn
CAND00435,Kavya Iyer,21,Kolkata,B.Tech,10,Cybersecurity,Data Analyst,30,Naukri
CAND00436,Priya Patel,29,Gurgaon,M.Tech,4,AWS,Product Manager,14,Company Website
CAND00437,Meera Kulkarni,28,Gurgaon,B.Tech,5,Python,ML Engineer,34,Referral
CAND00438,Rohit Das,22,Chennai,B.Tech,8,Kubernetes,Product Manager,28,Recruiter Outreach
CAND00439,Rohit Nair,23,Chennai,M.Sc,3,AWS,Software Engineer,38,Naukri
CAND00440,Priya Chopra,32,Chennai,MBA,12,Docker,DevOps Engineer,26,Referral
CAND00441,Kavya Iyer,23,Pune,M.Sc,4,Machine Learning,DevOps Engineer,7,Referral
CAND00442,Pooja Das,29,Delhi,M.Tech,3,Tableau,ML Engineer,23,Company Website
CAND00443,Amit Iyer,34,Kolkata,M.Sc,1,Kubernetes,Data Scientist,32,Company Website
CAND00444,Amit Gupta,41,Bangalore,B.Sc,10,React,Product Manager,32,Referral
CAND00445,Priya Verma,23,Mumbai,B.Sc,0,React,DevOps Engineer,19,LinkedIn
CAND00446,Rohit Jain,31,Delhi,M.Sc,12,TensorFlow,DevOps Engineer,11,LinkedIn
CAND00447,Meera Nair,23,Hyderabad,M.Sc,14,AWS,Software Engineer,35,Naukri
CAND00448,Rohit Sharma,31,Gurgaon,M.Sc,1,Power BI,Data Scientist,33,Recruiter Outreach
CAND00449,Priya Nair,32,Kolkata,M.Sc,1,AWS,ML Engineer,35,Recruiter Outreach
CAND00450,Amit Sharma,40,Ahmedabad,MBA,14,Data Analysis,Data Analyst,28,Naukri
CAND00451,Sneha Bose,31,Hyderabad,M.Sc,1,Data Analysis,DevOps Engineer,34,Naukri
CAND00452,Kavya Verma,43,Ahmedabad,PhD,6,React,Software Engineer,19,Naukri
CAND00453,Arjun Iyer,24,Pune,M.Sc,13,Data Analysis,ML Engineer,32,Referral
CAND00454,Neha Patel,22,Hyderabad,B.Sc,2,NodeJS,ML Engineer,22,Naukri
CAND00455,Sanjay Iyer,21,Bangalore,B.Tech,9,NodeJS,Product Manager,33,Recruiter Outreach
CAND00456,Arjun Jain,29,Ahmedabad,MBA,5,TensorFlow,DevOps Engineer,10,Company Website
CAND00457,Ananya Singh,25,Noida,B.Tech,6,SQL,Product Manager,16,Referral
CAND00458,Rohit Das,23,Hyderabad,B.Tech,13,Excel,Data Scientist,13,LinkedIn
CAND00459,Vikram Nair,26,Pune,MBA,9,Cybersecurity,Data Analyst,19,Company Website
CAND00460,Pooja Nair,44,Gurgaon,MBA,4,Power BI,Data Analyst,33,Recruiter Outreach
CAND00461,Kavya Iyer,40,Noida,B.Sc,14,React,Software Engineer,9,LinkedIn
CAND00462,Sneha Jain,21,Kolkata,PhD,8,NodeJS,Software Engineer,30,Referral
CAND00463,Rohit Reddy,42,Chennai,M.Sc,1,DevOps,Data Scientist,34,Recruiter Outreach
CAND00464,Arjun Nair,25,Pune,MBA,5,Deep Learning,Data Scientist,28,Referral
CAND00465,Rohit Verma,30,Hyderabad,MBA,3,NLP,Cloud Engineer,27,LinkedIn
CAND00466,Vikram Verma,28,Noida,M.Sc,9,Tableau,Data Analyst,10,Referral
CAND00467,Kavya Jain,30,Bangalore,M.Tech,12,AWS,ML Engineer,26,Referral
CAND00468,Rahul Iyer,39,Mumbai,PhD,0,Statistics,Software Engineer,13,Naukri
CAND00469,Kavya Kulkarni,38,Kolkata,M.Sc,11,Python,Product Manager,14,Recruiter Outreach
CAND00470,Meera Mehta,35,Delhi,M.Sc,13,Deep Learning,Data Analyst,35,Recruiter Outreach
CAND00471,Aditya Singh,36,Hyderabad,M.Tech,14,Statistics,Product Manager,26,Naukri
CAND00472,Rahul Patel,38,Delhi,B.Sc,9,Kubernetes,ML Engineer,39,LinkedIn
CAND00473,Nisha Patel,25,Gurgaon,M.Sc,4,React,Data Scientist,21,Referral
CAND00474,Nisha Gupta,30,Mumbai,B.Tech,2,Deep Learning,Data Analyst,18,LinkedIn
CAND00475,Priya Reddy,23,Chennai,M.Tech,14,Kubernetes,DevOps Engineer,39,LinkedIn
CAND00476,Ananya Mehta,37,Bangalore,B.Sc,6,Excel,Product Manager,27,Referral
CAND00477,Sanjay Nair,31,Mumbai,MBA,5,NodeJS,Data Analyst,35,LinkedIn
CAND00478,Arjun Nair,36,Mumbai,M.Sc,11,Java,ML Engineer,7,Naukri
CAND00479,Nisha Mehta,34,Chennai,MBA,10,NLP,Data Analyst,23,Referral
CAND00480,Rahul Mehta,27,Delhi,PhD,12,Kubernetes,Software Engineer,33,Company Website
CAND00481,Pooja Gupta,24,Delhi,M.Tech,13,Kubernetes,ML Engineer,33,Naukri
CAND00482,Nisha Nair,44,Gurgaon,MBA,13,Cloud Architecture,Data Scientist,30,Recruiter Outreach
CAND00483,Ananya Reddy,28,Chennai,B.Tech,2,Cloud Architecture,Cloud Engineer,11,Naukri
CAND00484,Aditya Sharma,23,Delhi,M.Tech,2,Python,DevOps Engineer,24,LinkedIn
CAND00485,Vikram Mehta,28,Kolkata,M.Tech,3,Java,ML Engineer,9,Recruiter Outreach
CAND00486,Kavya Singh,42,Noida,M.Sc,9,Excel,Data Analyst,33,Referral
CAND00487,Rahul Gupta,27,Ahmedabad,MBA,8,TensorFlow,Product Manager,27,Company Website
CAND00488,Priya Nair,44,Bangalore,M.Tech,12,Tableau,Cloud Engineer,12,Company Website
CAND00489,Neha Kulkarni,32,Gurgaon,M.Tech,12,DevOps,Data Analyst,30,Recruiter Outreach
CAND00490,Ananya Verma,41,Noida,B.Sc,12,Java,Data Scientist,30,Company Website
CAND00491,Rohit Verma,36,Delhi,M.Sc,1,TensorFlow,DevOps Engineer,7,Naukri
CAND00492,Ananya Verma,22,Mumbai,PhD,10,Java,Data Analyst,9,Referral
CAND00493,Ananya Reddy,33,Delhi,B.Tech,12,Cloud Architecture,Product Manager,12,Naukri
CAND00494,Sneha Chopra,31,Kolkata,PhD,14,DevOps,Data Analyst,8,Company Website
CAND00495,Neha Kulkarni,25,Noida,MBA,5,NLP,Cloud Engineer,24,Naukri
CAND00496,Sneha Singh,34,Mumbai,M.Sc,11,Data Analysis,Data Analyst,35,LinkedIn
CAND00497,Rohit Nair,23,Bangalore,B.Tech,6,Docker,Data Analyst,8,Referral
CAND00498,Rohit Mehta,37,Delhi,B.Sc,2,NodeJS,Software Engineer,26,Recruiter Outreach
CAND00499,Nisha Kulkarni,40,Kolkata,PhD,5,SQL,Software Engineer,20,Referral
CAND00500,Sanjay Das,23,Chennai,B.Tech,3,Deep Learning,Software Engineer,34,Naukri
CAND00501,Rohit Bose,32,Kolkata,M.Sc,13,Cybersecurity,Data Analyst,22,Recruiter Outreach
CAND00502,Rahul Bose,36,Gurgaon,B.Tech,2,Cloud Architecture,Product Manager,28,Referral
CAND00503,Pooja Kulkarni,22,Bangalore,PhD,1,Machine Learning,Software Engineer,37,Company Website
CAND00504,Meera Kulkarni,30,Pune,M.Sc,8,DevOps,Data Analyst,10,Company Website
CAND00505,Vikram Chopra,27,Ahmedabad,PhD,8,DevOps,Product Manager,16,Referral
CAND00506,Sneha Reddy,21,Delhi,PhD,8,DevOps,ML Engineer,15,Recruiter Outreach
CAND00507,Rohit Chopra,40,Kolkata,M.Tech,2,Deep Learning,ML Engineer,11,Naukri
CAND00508,Arjun Singh,31,Ahmedabad,MBA,7,React,Data Analyst,28,Referral
CAND00509,Amit Patel,39,Chennai,M.Sc,13,Machine Learning,Software Engineer,6,Referral
CAND00510,Amit Patel,35,Mumbai,M.Tech,1,Machine Learning,Software Engineer,19,Referral
CAND00511,Pooja Chopra,42,Ahmedabad,M.Tech,11,Java,Cloud Engineer,10,Naukri
CAND00512,Pooja Sharma,44,Delhi,B.Tech,1,Tableau,Data Analyst,26,Referral
CAND00513,Priya Gupta,35,Pune,PhD,3,NodeJS,Software Engineer,31,Referral
CAND00514,Ananya Reddy,29,Delhi,M.Tech,13,Machine Learning,Data Analyst,21,Company Website
CAND00515,Kavya Iyer,31,Mumbai,MBA,4,Machine Learning,Product Manager,21,Recruiter Outreach
CAND00516,Meera Reddy,40,Bangalore,MBA,7,NLP,Product Manager,21,Company Website
CAND00517,Priya Das,31,Hyderabad,MBA,5,Machine Learning,ML Engineer,12,Naukri
CAND00518,Aditya Sharma,33,Chennai,M.Sc,9,Cloud Architecture,Data Scientist,18,Company Website
CAND00519,Arjun Chopra,25,Delhi,PhD,6,Machine Learning,Data Scientist,37,Naukri
CAND00520,Meera Chopra,44,Kolkata,B.Sc,6,NLP,Data Analyst,7,Referral
CAND00521,Arjun Mehta,36,Hyderabad,PhD,12,Data Analysis,DevOps Engineer,32,Company Website
CAND00522,Meera Iyer,28,Gurgaon,B.Tech,8,Deep Learning,Data Scientist,11,LinkedIn
CAND00523,Sneha Nair,35,Ahmedabad,PhD,8,Statistics,Data Analyst,9,Recruiter Outreach
CAND00524,Kiran Patel,30,Gurgaon,B.Tech,12,Deep Learning,Software Engineer,15,Naukri
CAND00525,Rohit Mehta,24,Bangalore,B.Tech,6,Tableau,Product Manager,15,Recruiter Outreach
CAND00526,Rohit Jain,41,Noida,B.Tech,12,Docker,DevOps Engineer,16,LinkedIn
CAND00527,Priya Jain,42,Bangalore,M.Tech,10,NLP,Software Engineer,34,Naukri
CAND00528,Kavya Das,41,Chennai,PhD,13,Tableau,DevOps Engineer,36,Naukri
CAND00529,Arjun Reddy,29,Noida,M.Tech,6,Machine Learning,Data Scientist,29,Referral
CAND00530,Sanjay Verma,27,Bangalore,M.Sc,8,Tableau,Data Analyst,10,Naukri
CAND00531,Rahul Verma,22,Mumbai,MBA,1,Python,Software Engineer,38,Company Website
CAND00532,Sanjay Mehta,38,Kolkata,B.Tech,1,Power BI,ML Engineer,34,Recruiter Outreach
CAND00533,Aditya Nair,28,Gurgaon,MBA,1,Excel,Software Engineer,8,Recruiter Outreach
CAND00534,Neha Sharma,42,Pune,M.Tech,9,Excel,DevOps Engineer,19,Referral
CAND00535,Kiran Iyer,41,Hyderabad,M.Tech,4,SQL,DevOps Engineer,32,Recruiter Outreach
CAND00536,Sanjay Kulkarni,24,Bangalore,B.Sc,4,TensorFlow,Product Manager,9,Naukri
CAND00537,Kavya Iyer,43,Ahmedabad,M.Sc,9,Python,ML Engineer,8,Naukri
CAND00538,Meera Iyer,24,Ahmedabad,B.Sc,5,SQL,DevOps Engineer,26,LinkedIn
CAND00539,Arjun Chopra,32,Noida,M.Tech,2,SQL,Data Analyst,17,Company Website
CAND00540,Aditya Jain,32,Chennai,M.Sc,8,TensorFlow,Product Manager,21,Recruiter Outreach
CAND00541,Nisha Kulkarni,43,Mumbai,M.Sc,8,Data Analysis,Product Manager,31,Referral
CAND00542,Sneha Chopra,36,Bangalore,M.Tech,2,Power BI,DevOps Engineer,24,Recruiter Outreach
CAND00543,Sanjay Jain,42,Mumbai,PhD,4,Cybersecurity,Software Engineer,30,LinkedIn
CAND00544,Kiran Patel,35,Gurgaon,PhD,3,Java,Data Analyst,10,Recruiter Outreach
CAND00545,Rohit Singh,40,Mumbai,B.Sc,10,Java,DevOps Engineer,6,Referral
CAND00546,Pooja Mehta,41,Noida,M.Tech,3,Machine Learning,Cloud Engineer,14,Naukri
CAND00547,Neha Patel,41,Ahmedabad,MBA,0,React,ML Engineer,12,LinkedIn
CAND00548,Pooja Das,30,Hyderabad,MBA,4,TensorFlow,Product Manager,17,Recruiter Outreach
CAND00549,Amit Singh,30,Noida,M.Tech,7,Kubernetes,Cloud Engineer,32,Naukri
CAND00550,Kavya Singh,44,Kolkata,M.Tech,11,DevOps,Data Scientist,11,Recruiter Outreach
CAND00551,Aditya Iyer,39,Chennai,B.Tech,0,DevOps,ML Engineer,10,Referral
CAND00552,Vikram Iyer,43,Chennai,B.Tech,13,NLP,ML Engineer,12,LinkedIn
CAND00553,Sneha Bose,34,Bangalore,M.Sc,4,Machine Learning,DevOps Engineer,17,Company Website
CAND00554,Nisha Sharma,43,Chennai,B.Tech,5,Machine Learning,ML Engineer,12,LinkedIn
CAND00555,Kiran Gupta,38,Kolkata,MBA,0,Cybersecurity,Software Engineer,12,Company Website
CAND00556,Sneha Reddy,38,Noida,MBA,4,React,ML Engineer,25,LinkedIn
CAND00557,Sneha Singh,25,Bangalore,B.Tech,7,DevOps,Data Scientist,9,LinkedIn
CAND00558,Nisha Nair,34,Delhi,M.Sc,9,AWS,Data Analyst,11,Company Website
CAND00559,Meera Singh,38,Gurgaon,PhD,11,TensorFlow,Software Engineer,34,Company Website
CAND00560,Amit Patel,39,Mumbai,B.Sc,7,DevOps,Data Analyst,6,LinkedIn
CAND00561,Vikram Gupta,43,Gurgaon,M.Sc,1,Cloud Architecture,ML Engineer,8,LinkedIn
CAND00562,Pooja Chopra,28,Bangalore,M.Tech,5,Cloud Architecture,Software Engineer,8,Recruiter Outreach
CAND00563,Pooja Nair,28,Bangalore,PhD,11,SQL,Product Manager,24,LinkedIn
CAND00564,Rohit Verma,44,Chennai,M.Sc,9,NodeJS,Cloud Engineer,29,Referral
CAND00565,Arjun Verma,44,Delhi,MBA,8,Statistics,ML Engineer,29,Recruiter Outreach
CAND00566,Sanjay Das,25,Ahmedabad,M.Sc,7,NLP,ML Engineer,29,Naukri
CAND00567,Ananya Sharma,30,Bangalore,PhD,7,Cloud Architecture,Product Manager,7,LinkedIn
CAND00568,Meera Mehta,43,Bangalore,B.Sc,14,Excel,DevOps Engineer,17,Recruiter Outreach
CAND00569,Meera Kulkarni,25,Hyderabad,M.Tech,8,Deep Learning,Data Analyst,27,Referral
CAND00570,Aditya Reddy,39,Kolkata,M.Tech,8,NodeJS,DevOps Engineer,29,Company Website
CAND00571,Aditya Chopra,23,Ahmedabad,M.Tech,5,Machine Learning,ML Engineer,17,Company Website
CAND00572,Neha Singh,25,Chennai,M.Tech,7,Tableau,Software Engineer,34,Referral
CAND00573,Rohit Das,39,Noida,PhD,10,Statistics,Software Engineer,34,Referral
CAND00574,Meera Chopra,35,Ahmedabad,M.Tech,12,Machine Learning,Cloud Engineer,32,Naukri
CAND00575,Neha Kulkarni,34,Kolkata,PhD,11,Machine Learning,ML Engineer,33,Referral
CAND00576,Arjun Bose,41,Noida,M.Tech,9,Statistics,Data Analyst,39,LinkedIn
CAND00577,Vikram Nair,28,Delhi,MBA,11,Cybersecurity,Cloud Engineer,32,Company Website
CAND00578,Priya Chopra,33,Ahmedabad,B.Sc,0,Tableau,ML Engineer,25,Company Website
CAND00579,Arjun Reddy,35,Bangalore,B.Tech,4,Power BI,Data Scientist,19,Company Website
CAND00580,Ananya Singh,38,Hyderabad,M.Tech,3,TensorFlow,Cloud Engineer,18,Company Website
CAND00581,Pooja Kulkarni,28,Gurgaon,M.Tech,9,NodeJS,Product Manager,33,Naukri
CAND00582,Rohit Patel,36,Mumbai,B.Tech,11,Statistics,Data Analyst,16,Recruiter Outreach
CAND00583,Amit Mehta,31,Delhi,M.Sc,2,Java,Data Scientist,27,Recruiter Outreach
CAND00584,Nisha Bose,34,Kolkata,B.Sc,2,AWS,Data Analyst,23,Recruiter Outreach
CAND00585,Kiran Nair,41,Pune,PhD,7,NodeJS,Software Engineer,18,LinkedIn
CAND00586,Arjun Iyer,30,Kolkata,PhD,14,Python,DevOps Engineer,21,LinkedIn
CAND00587,Amit Reddy,37,Chennai,MBA,0,AWS,Data Scientist,8,Naukri
CAND00588,Neha Iyer,43,Kolkata,M.Sc,13,Java,Cloud Engineer,30,Company Website
CAND00589,Vikram Sharma,39,Noida,B.Tech,2,Statistics,DevOps Engineer,8,Referral
CAND00590,Ananya Bose,44,Pune,MBA,4,React,DevOps Engineer,8,LinkedIn
CAND00591,Meera Singh,35,Gurgaon,B.Sc,9,Machine Learning,Data Analyst,14,LinkedIn
CAND00592,Arjun Reddy,27,Mumbai,MBA,10,AWS,ML Engineer,24,Naukri
CAND00593,Rahul Nair,44,Bangalore,M.Sc,13,SQL,Product Manager,16,Recruiter Outreach
CAND00594,Ananya Sharma,36,Kolkata,PhD,0,Cloud Architecture,ML Engineer,35,Naukri
CAND00595,Arjun Gupta,26,Kolkata,MBA,0,Machine Learning,Software Engineer,37,Company Website
CAND00596,Rahul Verma,28,Mumbai,M.Tech,7,Kubernetes,Product Manager,19,LinkedIn
CAND00597,Rohit Nair,27,Hyderabad,B.Sc,8,Java,Data Scientist,39,Referral
CAND00598,Meera Jain,41,Mumbai,PhD,3,Machine Learning,Data Scientist,9,Company Website
CAND00599,Sanjay Nair,23,Bangalore,PhD,9,TensorFlow,Cloud Engineer,10,Naukri
CAND00600,Aditya Singh,38,Ahmedabad,M.Sc,3,Excel,Software Engineer,17,LinkedIn
CAND00601,Nisha Das,34,Pune,M.Tech,13,SQL,DevOps Engineer,38,Referral
CAND00602,Kiran Bose,22,Noida,M.Tech,2,React,DevOps Engineer,23,Company Website
CAND00603,Rohit Das,35,Kolkata,B.Sc,9,Deep Learning,Cloud Engineer,30,Company Website
CAND00604,Vikram Jain,39,Kolkata,MBA,7,Docker,DevOps Engineer,28,Recruiter Outreach
CAND00605,Ananya Das,38,Hyderabad,B.Sc,1,Cloud Architecture,Software Engineer,22,Referral
CAND00606,Kavya Bose,33,Noida,PhD,9,React,Data Analyst,37,Recruiter Outreach
CAND00607,Priya Patel,29,Chennai,B.Sc,2,Deep Learning,Cloud Engineer,38,Recruiter Outreach
CAND00608,Rohit Das,24,Pune,MBA,8,Deep Learning,Software Engineer,21,Referral
CAND00609,Sanjay Singh,21,Bangalore,PhD,9,Deep Learning,ML Engineer,30,Referral
CAND00610,Kiran Kulkarni,29,Gurgaon,MBA,1,Kubernetes,Data Analyst,27,Recruiter Outreach
CAND00611,Nisha Verma,36,Noida,B.Sc,3,React,Product Manager,26,Referral
CAND00612,Arjun Jain,21,Delhi,B.Tech,4,AWS,Data Scientist,9,Naukri
CAND00613,Priya Jain,44,Gurgaon,B.Sc,13,Excel,ML Engineer,13,Recruiter Outreach
CAND00614,Rahul Reddy,35,Noida,MBA,3,Java,Product Manager,39,Referral
CAND00615,Pooja Das,28,Hyderabad,B.Tech,13,Cloud Architecture,Cloud Engineer,14,Recruiter Outreach
CAND00616,Nisha Das,44,Bangalore,M.Tech,8,React,Data Scientist,28,LinkedIn
CAND00617,Kiran Reddy,25,Ahmedabad,M.Sc,14,Kubernetes,ML Engineer,36,Referral
CAND00618,Amit Patel,43,Ahmedabad,M.Tech,12,SQL,DevOps Engineer,26,Referral
CAND00619,Vikram Sharma,27,Mumbai,B.Tech,4,NLP,Cloud Engineer,13,Naukri
CAND00620,Rohit Das,30,Gurgaon,B.Tech,8,Data Analysis,Cloud Engineer,35,Referral
CAND00621,Nisha Singh,31,Pune,B.Tech,10,Docker,Product Manager,7,Recruiter Outreach
CAND00622,Aditya Jain,44,Kolkata,MBA,1,Cybersecurity,Data Analyst,30,Company Website
CAND00623,Pooja Singh,27,Delhi,MBA,9,DevOps,Product Manager,15,Company Website
CAND00624,Neha Jain,44,Noida,B.Sc,6,AWS,DevOps Engineer,27,Company Website
CAND00625,Sneha Mehta,29,Gurgaon,B.Sc,0,Excel,Data Analyst,22,Company Website
CAND00626,Priya Chopra,27,Noida,B.Sc,13,Power BI,DevOps Engineer,25,Company Website
CAND00627,Kiran Patel,36,Bangalore,PhD,3,NodeJS,Data Analyst,18,Company Website
CAND00628,Sneha Kulkarni,37,Kolkata,M.Tech,13,Data Analysis,DevOps Engineer,23,Company Website
CAND00629,Rohit Chopra,29,Delhi,M.Sc,3,Power BI,Cloud Engineer,37,Recruiter Outreach
CAND00630,Vikram Bose,24,Delhi,B.Tech,8,Cybersecurity,Product Manager,34,LinkedIn
CAND00631,Kavya Chopra,30,Hyderabad,PhD,5,AWS,DevOps Engineer,20,Naukri
CAND00632,Sneha Sharma,33,Mumbai,MBA,13,Tableau,Data Scientist,38,LinkedIn
CAND00633,Amit Mehta,21,Delhi,MBA,14,NodeJS,DevOps Engineer,36,LinkedIn
CAND00634,Nisha Sharma,22,Hyderabad,B.Tech,11,NLP,ML Engineer,27,Recruiter Outreach
CAND00635,Neha Patel,43,Noida,B.Sc,12,Java,ML Engineer,26,Naukri
CAND00636,Aditya Verma,21,Hyderabad,MBA,11,Cybersecurity,Product Manager,7,Company Website
CAND00637,Sanjay Verma,30,Ahmedabad,PhD,4,Tableau,Data Analyst,23,Company Website
CAND00638,Kiran Das,39,Noida,M.Tech,13,Data Analysis,Cloud Engineer,13,LinkedIn
CAND00639,Amit Bose,28,Chennai,MBA,7,Java,Software Engineer,11,Naukri
CAND00640,Meera Das,32,Gurgaon,PhD,5,Statistics,DevOps Engineer,35,LinkedIn
CAND00641,Arjun Chopra,23,Noida,M.Sc,2,NodeJS,DevOps Engineer,15,Referral
CAND00642,Arjun Sharma,40,Noida,M.Sc,10,NLP,Product Manager,26,LinkedIn
CAND00643,Aditya Gupta,36,Delhi,B.Sc,4,Kubernetes,ML Engineer,35,Company Website
CAND00644,Priya Nair,41,Ahmedabad,PhD,9,Tableau,Data Analyst,26,LinkedIn
CAND00645,Sneha Bose,41,Hyderabad,M.Tech,0,Data Analysis,Software Engineer,32,Naukri
CAND00646,Kavya Sharma,29,Chennai,M.Sc,9,Data Analysis,Data Analyst,32,Referral
CAND00647,Nisha Kulkarni,21,Bangalore,B.Sc,9,Java,Cloud Engineer,21,Recruiter Outreach
CAND00648,Vikram Verma,29,Delhi,MBA,7,TensorFlow,Data Scientist,37,Company Website
CAND00649,Rohit Sharma,24,Ahmedabad,M.Tech,9,Statistics,Data Analyst,36,Referral
CAND00650,Sanjay Mehta,33,Noida,B.Sc,14,DevOps,Software Engineer,17,Referral
CAND00651,Meera Bose,24,Bangalore,B.Tech,12,Data Analysis,Product Manager,33,Company Website
CAND00652,Ananya Verma,43,Ahmedabad,M.Sc,6,TensorFlow,ML Engineer,12,Company Website
CAND00653,Vikram Gupta,35,Gurgaon,M.Tech,13,NLP,ML Engineer,9,Naukri
CAND00654,Arjun Chopra,27,Chennai,MBA,14,Cloud Architecture,Data Scientist,24,LinkedIn
CAND00655,Rohit Reddy,43,Pune,M.Tech,2,SQL,Data Analyst,26,LinkedIn
CAND00656,Sanjay Chopra,39,Chennai,MBA,5,Data Analysis,Data Scientist,25,Company Website
CAND00657,Aditya Reddy,31,Kolkata,MBA,11,Docker,Data Analyst,33,Naukri
CAND00658,Meera Nair,24,Delhi,M.Tech,7,TensorFlow,ML Engineer,19,Recruiter Outreach
CAND00659,Kavya Mehta,29,Pune,PhD,2,NLP,Software Engineer,33,LinkedIn
CAND00660,Priya Gupta,35,Pune,M.Sc,7,Power BI,DevOps Engineer,36,LinkedIn
CAND00661,Rohit Bose,39,Ahmedabad,MBA,5,Cloud Architecture,DevOps Engineer,9,Company Website
CAND00662,Pooja Iyer,27,Chennai,B.Tech,11,Tableau,Data Scientist,21,Recruiter Outreach
CAND00663,Kiran Patel,38,Noida,PhD,7,React,ML Engineer,13,Company Website
CAND00664,Kiran Reddy,27,Hyderabad,M.Sc,2,Power BI,Software Engineer,28,LinkedIn
CAND00665,Kavya Das,26,Mumbai,B.Sc,0,Python,Data Analyst,20,LinkedIn
CAND00666,Arjun Chopra,31,Chennai,B.Sc,4,NLP,Product Manager,15,Recruiter Outreach
CAND00667,Rohit Jain,24,Noida,B.Tech,2,Docker,Data Scientist,14,Naukri
CAND00668,Kiran Reddy,30,Hyderabad,MBA,13,Python,Data Scientist,18,Naukri
CAND00669,Sanjay Mehta,29,Noida,M.Tech,4,Deep Learning,DevOps Engineer,9,Recruiter Outreach
CAND00670,Rohit Patel,27,Chennai,B.Sc,9,TensorFlow,Product Manager,9,Referral
CAND00671,Priya Nair,39,Hyderabad,PhD,1,Python,Cloud Engineer,27,Referral
CAND00672,Rahul Jain,28,Bangalore,B.Sc,6,Deep Learning,Data Analyst,38,Company Website
CAND00673,Pooja Verma,37,Bangalore,B.Sc,14,Kubernetes,Data Scientist,23,Recruiter Outreach
CAND00674,Meera Nair,38,Bangalore,M.Sc,9,Docker,DevOps Engineer,37,Referral
CAND00675,Amit Mehta,36,Gurgaon,PhD,4,Deep Learning,Data Analyst,11,LinkedIn
CAND00676,Kavya Bose,27,Hyderabad,B.Tech,11,Java,Data Analyst,39,LinkedIn
CAND00677,Sneha Singh,40,Gurgaon,M.Tech,7,DevOps,Data Analyst,25,LinkedIn
CAND00678,Neha Patel,26,Hyderabad,M.Tech,3,Docker,Data Analyst,31,Referral
CAND00679,Priya Mehta,27,Hyderabad,M.Sc,14,Docker,Cloud Engineer,8,Naukri
CAND00680,Priya Sharma,41,Ahmedabad,MBA,14,Java,ML Engineer,26,Naukri
CAND00681,Neha Iyer,29,Kolkata,M.Sc,8,Deep Learning,Data Scientist,19,Referral
CAND00682,Rohit Sharma,37,Chennai,MBA,0,Java,Data Scientist,36,Company Website
CAND00683,Vikram Singh,22,Bangalore,PhD,6,TensorFlow,Software Engineer,32,Recruiter Outreach
CAND00684,Nisha Nair,35,Gurgaon,M.Sc,7,Cybersecurity,Data Analyst,35,Referral
CAND00685,Aditya Reddy,41,Mumbai,B.Tech,13,AWS,Cloud Engineer,36,Company Website
CAND00686,Kavya Mehta,38,Chennai,PhD,10,React,Data Analyst,30,Naukri
CAND00687,Aditya Jain,34,Delhi,PhD,3,Machine Learning,Data Analyst,14,Company Website
CAND00688,Nisha Das,41,Noida,B.Tech,7,TensorFlow,Product Manager,15,LinkedIn
CAND00689,Rohit Kulkarni,28,Pune,MBA,2,AWS,Cloud Engineer,35,Company Website
CAND00690,Nisha Gupta,30,Mumbai,PhD,7,AWS,DevOps Engineer,26,Company Website
CAND00691,Neha Bose,22,Bangalore,PhD,8,TensorFlow,Software Engineer,36,Company Website
CAND00692,Arjun Gupta,37,Pune,MBA,7,Java,ML Engineer,33,Recruiter Outreach
CAND00693,Rohit Reddy,38,Delhi,B.Sc,6,Power BI,Product Manager,26,Company Website
CAND00694,Aditya Bose,39,Ahmedabad,B.Tech,6,Java,Data Analyst,11,Recruiter Outreach
CAND00695,Vikram Kulkarni,38,Bangalore,B.Sc,11,Power BI,Data Scientist,39,Company Website
CAND00696,Nisha Das,24,Chennai,B.Sc,7,NLP,Data Analyst,14,Naukri
CAND00697,Sneha Nair,36,Bangalore,MBA,0,Tableau,Data Scientist,14,Recruiter Outreach
CAND00698,Ananya Verma,39,Mumbai,M.Tech,11,NodeJS,Product Manager,10,Company Website
CAND00699,Amit Reddy,25,Gurgaon,M.Sc,9,NLP,Data Analyst,8,Naukri
CAND00700,Pooja Gupta,32,Bangalore,MBA,10,Java,Cloud Engineer,18,Naukri
CAND00701,Vikram Reddy,42,Delhi,M.Tech,10,Machine Learning,Data Analyst,34,Referral
CAND00702,Rahul Iyer,30,Noida,MBA,2,NodeJS,Data Scientist,35,Company Website
CAND00703,Neha Bose,39,Kolkata,MBA,14,Docker,DevOps Engineer,22,Naukri
CAND00704,Amit Gupta,33,Pune,M.Tech,14,TensorFlow,DevOps Engineer,16,LinkedIn
CAND00705,Amit Kulkarni,36,Delhi,B.Sc,2,DevOps,ML Engineer,17,Naukri
CAND00706,Vikram Chopra,36,Ahmedabad,PhD,3,Machine Learning,Cloud Engineer,37,Recruiter Outreach
CAND00707,Ananya Das,36,Chennai,M.Sc,3,NodeJS,ML Engineer,7,Referral
CAND00708,Kiran Singh,39,Mumbai,M.Tech,14,Java,DevOps Engineer,7,Company Website
CAND00709,Pooja Singh,42,Bangalore,MBA,13,Java,Cloud Engineer,8,Naukri
CAND00710,Nisha Jain,28,Gurgaon,B.Sc,3,Cybersecurity,Data Scientist,36,Referral
CAND00711,Ananya Verma,43,Gurgaon,M.Sc,9,Power BI,Software Engineer,9,Referral
CAND00712,Vikram Chopra,36,Hyderabad,M.Sc,3,TensorFlow,ML Engineer,38,Recruiter Outreach
CAND00713,Kiran Bose,35,Pune,MBA,0,Python,Cloud Engineer,12,LinkedIn
CAND00714,Vikram Chopra,28,Bangalore,M.Tech,3,AWS,ML Engineer,24,Company Website
CAND00715,Kavya Iyer,31,Bangalore,B.Sc,1,Data Analysis,DevOps Engineer,38,Recruiter Outreach
CAND00716,Rahul Kulkarni,36,Gurgaon,B.Tech,12,TensorFlow,Software Engineer,9,LinkedIn
CAND00717,Neha Patel,29,Kolkata,M.Sc,11,React,Data Scientist,15,Company Website
CAND00718,Arjun Verma,27,Mumbai,PhD,2,Cybersecurity,Product Manager,30,Company Website
CAND00719,Neha Jain,40,Gurgaon,M.Sc,8,NLP,DevOps Engineer,33,Referral
CAND00720,Sanjay Kulkarni,30,Gurgaon,MBA,3,DevOps,ML Engineer,36,LinkedIn
CAND00721,Aditya Singh,36,Noida,M.Sc,8,Cloud Architecture,Product Manager,6,Recruiter Outreach
CAND00722,Rahul Sharma,21,Kolkata,B.Sc,13,Cybersecurity,DevOps Engineer,32,LinkedIn
CAND00723,Nisha Jain,22,Mumbai,B.Sc,13,Tableau,Cloud Engineer,16,Recruiter Outreach
CAND00724,Meera Patel,41,Noida,PhD,12,Statistics,ML Engineer,24,Company Website
CAND00725,Vikram Sharma,24,Pune,M.Tech,3,React,Data Scientist,36,Recruiter Outreach
CAND00726,Amit Gupta,40,Kolkata,M.Sc,2,Java,Data Scientist,36,Referral
CAND00727,Ananya Sharma,42,Chennai,M.Sc,2,DevOps,Data Analyst,12,LinkedIn
CAND00728,Nisha Singh,32,Mumbai,B.Sc,1,Python,Cloud Engineer,22,Company Website
CAND00729,Vikram Kulkarni,42,Gurgaon,B.Tech,9,React,Product Manager,15,Referral
CAND00730,Sanjay Reddy,31,Gurgaon,M.Sc,9,Deep Learning,Product Manager,26,Naukri
CAND00731,Amit Sharma,43,Chennai,M.Tech,13,DevOps,DevOps Engineer,34,Naukri
CAND00732,Pooja Patel,26,Hyderabad,PhD,1,NodeJS,DevOps Engineer,16,Referral
CAND00733,Kiran Mehta,31,Mumbai,M.Sc,3,Cloud Architecture,Software Engineer,10,Company Website
CAND00734,Sanjay Sharma,30,Ahmedabad,MBA,10,React,Data Scientist,8,Naukri
CAND00735,Aditya Verma,39,Pune,MBA,10,Docker,ML Engineer,7,Company Website
CAND00736,Kavya Iyer,22,Kolkata,B.Tech,6,DevOps,Data Scientist,18,Company Website
CAND00737,Nisha Reddy,40,Delhi,MBA,2,NLP,DevOps Engineer,38,Company Website
CAND00738,Kavya Mehta,21,Noida,B.Tech,7,AWS,Data Analyst,14,Referral
CAND00739,Sneha Mehta,28,Noida,PhD,2,NLP,Cloud Engineer,19,Company Website
CAND00740,Rahul Sharma,35,Kolkata,B.Sc,8,SQL,ML Engineer,28,Referral
CAND00741,Vikram Patel,24,Mumbai,M.Tech,13,DevOps,Product Manager,28,Recruiter Outreach
CAND00742,Arjun Bose,32,Ahmedabad,M.Sc,2,Tableau,Cloud Engineer,15,Recruiter Outreach
CAND00743,Rahul Sharma,44,Mumbai,B.Tech,1,Java,Product Manager,10,Naukri
CAND00744,Priya Kulkarni,40,Ahmedabad,B.Sc,11,Cloud Architecture,DevOps Engineer,11,LinkedIn
CAND00745,Vikram Singh,21,Bangalore,B.Tech,0,Statistics,Software Engineer,13,Recruiter Outreach
CAND00746,Amit Reddy,35,Kolkata,B.Tech,14,React,DevOps Engineer,8,Naukri
CAND00747,Arjun Singh,35,Mumbai,M.Tech,11,Data Analysis,DevOps Engineer,21,Recruiter Outreach
CAND00748,Rohit Das,22,Chennai,M.Tech,6,DevOps,ML Engineer,27,LinkedIn
CAND00749,Kavya Chopra,36,Delhi,M.Sc,5,NodeJS,Data Scientist,28,Referral
CAND00750,Rohit Gupta,33,Ahmedabad,PhD,5,NLP,DevOps Engineer,36,Referral
CAND00751,Sneha Reddy,37,Pune,M.Sc,5,Data Analysis,Data Scientist,15,Recruiter Outreach
CAND00752,Ananya Gupta,28,Mumbai,M.Sc,12,TensorFlow,Data Scientist,28,Naukri
CAND00753,Aditya Singh,27,Noida,B.Sc,11,TensorFlow,Data Scientist,36,LinkedIn
CAND00754,Pooja Verma,38,Mumbai,MBA,3,React,DevOps Engineer,6,Company Website
CAND00755,Neha Gupta,38,Gurgaon,M.Tech,2,Python,Product Manager,32,LinkedIn
CAND00756,Meera Reddy,24,Mumbai,PhD,8,Deep Learning,Data Analyst,8,Naukri
CAND00757,Sneha Jain,26,Ahmedabad,B.Sc,9,Excel,ML Engineer,24,Recruiter Outreach
CAND00758,Kavya Sharma,35,Delhi,B.Sc,10,AWS,Data Analyst,34,Naukri
CAND00759,Kavya Singh,40,Ahmedabad,B.Tech,4,DevOps,Data Analyst,21,Naukri
CAND00760,Pooja Verma,25,Pune,MBA,7,Cloud Architecture,DevOps Engineer,25,LinkedIn
CAND00761,Sneha Iyer,26,Bangalore,M.Sc,1,NLP,Data Analyst,27,Naukri
CAND00762,Ananya Sharma,40,Chennai,MBA,6,SQL,Data Analyst,25,Recruiter Outreach
CAND00763,Neha Patel,37,Mumbai,B.Sc,10,NLP,Software Engineer,30,Recruiter Outreach
CAND00764,Amit Bose,42,Pune,M.Sc,4,Deep Learning,Product Manager,35,Recruiter Outreach
CAND00765,Priya Sharma,39,Hyderabad,B.Tech,4,DevOps,Data Analyst,10,Referral
CAND00766,Aditya Iyer,43,Gurgaon,PhD,6,Python,Software Engineer,20,LinkedIn
CAND00767,Pooja Sharma,25,Gurgaon,M.Sc,12,Cloud Architecture,Data Scientist,34,Referral
CAND00768,Rahul Patel,27,Mumbai,MBA,9,React,DevOps Engineer,18,Referral
CAND00769,Meera Nair,26,Mumbai,M.Sc,13,SQL,Software Engineer,22,LinkedIn
CAND00770,Kavya Gupta,22,Noida,B.Tech,0,React,ML Engineer,31,Company Website
CAND00771,Priya Kulkarni,39,Hyderabad,M.Tech,12,Docker,Data Analyst,37,Naukri
CAND00772,Sneha Nair,36,Gurgaon,B.Tech,0,Python,Data Analyst,14,Company Website
CAND00773,Kiran Chopra,23,Bangalore,B.Sc,4,Deep Learning,Cloud Engineer,38,LinkedIn
CAND00774,Kavya Sharma,25,Hyderabad,PhD,6,Data Analysis,Data Analyst,30,Company Website
CAND00775,Vikram Chopra,25,Bangalore,B.Sc,3,Deep Learning,DevOps Engineer,7,LinkedIn
CAND00776,Rohit Nair,30,Bangalore,M.Sc,14,Docker,DevOps Engineer,35,Company Website
CAND00777,Kavya Iyer,31,Gurgaon,B.Tech,13,Kubernetes,Cloud Engineer,19,Recruiter Outreach
CAND00778,Aditya Das,27,Chennai,PhD,8,Machine Learning,Data Scientist,15,Referral
CAND00779,Nisha Chopra,43,Noida,M.Tech,6,SQL,Software Engineer,23,Referral
CAND00780,Vikram Gupta,26,Mumbai,B.Sc,11,React,Cloud Engineer,25,Naukri
CAND00781,Sneha Bose,34,Delhi,M.Sc,10,Tableau,Data Scientist,24,Naukri
CAND00782,Rohit Singh,31,Chennai,PhD,7,NLP,Data Analyst,7,Naukri
CAND00783,Nisha Nair,30,Ahmedabad,PhD,12,NLP,Software Engineer,33,LinkedIn
CAND00784,Aditya Jain,40,Chennai,B.Sc,2,Python,Cloud Engineer,17,Referral
CAND00785,Priya Mehta,44,Pune,B.Sc,4,DevOps,Product Manager,10,Naukri
CAND00786,Meera Chopra,21,Noida,MBA,0,Cloud Architecture,Data Scientist,25,Company Website
CAND00787,Rahul Reddy,32,Pune,B.Sc,1,Docker,ML Engineer,27,Company Website
CAND00788,Rohit Chopra,23,Ahmedabad,M.Sc,2,Data Analysis,Cloud Engineer,9,Company Website
CAND00789,Priya Nair,31,Hyderabad,B.Sc,9,Deep Learning,ML Engineer,38,Naukri
CAND00790,Vikram Gupta,35,Gurgaon,B.Sc,12,Data Analysis,Data Analyst,26,Naukri
CAND00791,Rohit Mehta,30,Noida,MBA,8,Statistics,Product Manager,39,Referral
CAND00792,Kiran Reddy,28,Chennai,M.Tech,6,Java,Product Manager,28,Referral
CAND00793,Pooja Patel,28,Delhi,B.Tech,4,Cloud Architecture,Product Manager,6,Referral
CAND00794,Pooja Sharma,28,Pune,MBA,1,Data Analysis,Data Scientist,13,Naukri
CAND00795,Meera Reddy,28,Mumbai,MBA,8,NLP,ML Engineer,39,LinkedIn
CAND00796,Arjun Sharma,29,Gurgaon,B.Sc,2,Cloud Architecture,ML Engineer,25,Referral
CAND00797,Meera Iyer,37,Ahmedabad,PhD,11,TensorFlow,Cloud Engineer,10,LinkedIn
CAND00798,Kiran Das,23,Kolkata,M.Sc,6,TensorFlow,ML Engineer,8,Naukri
CAND00799,Pooja Verma,21,Hyderabad,M.Sc,5,NLP,Data Analyst,24,Naukri
CAND00800,Vikram Das,33,Hyderabad,B.Sc,0,Docker,Cloud Engineer,26,LinkedIn
CAND00801,Pooja Reddy,37,Hyderabad,PhD,3,NLP,Data Analyst,14,LinkedIn
CAND00802,Priya Bose,27,Gurgaon,PhD,0,Machine Learning,Product Manager,12,Naukri
CAND00803,Rahul Nair,25,Noida,B.Tech,10,Excel,Data Analyst,26,Referral
CAND00804,Sneha Patel,35,Gurgaon,B.Sc,7,Java,Software Engineer,20,Recruiter Outreach
CAND00805,Sanjay Iyer,30,Ahmedabad,B.Sc,11,Machine Learning,Product Manager,7,LinkedIn
CAND00806,Kiran Verma,38,Hyderabad,PhD,8,Docker,Data Analyst,7,Naukri
CAND00807,Amit Iyer,24,Noida,B.Sc,14,React,ML Engineer,14,Recruiter Outreach
CAND00808,Sanjay Kulkarni,23,Delhi,B.Tech,11,NLP,DevOps Engineer,25,LinkedIn
CAND00809,Priya Jain,34,Ahmedabad,M.Tech,2,Docker,Cloud Engineer,16,Naukri
CAND00810,Vikram Sharma,30,Hyderabad,B.Tech,1,Cybersecurity,Cloud Engineer,6,Naukri
CAND00811,Aditya Sharma,38,Pune,M.Tech,13,DevOps,Data Scientist,37,Naukri
CAND00812,Rohit Jain,33,Hyderabad,B.Tech,4,Docker,Data Scientist,29,Recruiter Outreach
CAND00813,Ananya Nair,29,Noida,M.Sc,11,Deep Learning,DevOps Engineer,25,Naukri
CAND00814,Arjun Patel,24,Ahmedabad,MBA,9,NodeJS,Cloud Engineer,14,Referral
CAND00815,Ananya Bose,24,Kolkata,M.Sc,10,Machine Learning,DevOps Engineer,30,Referral
CAND00816,Priya Bose,39,Mumbai,PhD,4,SQL,Software Engineer,38,Company Website
CAND00817,Arjun Kulkarni,26,Delhi,B.Sc,4,Excel,Cloud Engineer,28,Referral
CAND00818,Rahul Nair,33,Pune,MBA,8,Data Analysis,DevOps Engineer,16,Company Website
CAND00819,Rahul Gupta,40,Hyderabad,M.Tech,0,SQL,Product Manager,19,Referral
CAND00820,Meera Sharma,42,Ahmedabad,M.Sc,4,Java,Software Engineer,37,LinkedIn
CAND00821,Kavya Nair,27,Ahmedabad,B.Sc,7,Statistics,Cloud Engineer,6,Naukri
CAND00822,Rahul Reddy,23,Pune,M.Sc,3,React,ML Engineer,13,Referral
CAND00823,Neha Verma,39,Pune,B.Tech,4,NodeJS,Cloud Engineer,9,Referral
CAND00824,Nisha Chopra,37,Noida,B.Tech,14,Java,Cloud Engineer,27,Referral
CAND00825,Sneha Sharma,28,Chennai,B.Tech,4,Cybersecurity,ML Engineer,21,LinkedIn
CAND00826,Amit Nair,35,Chennai,M.Sc,13,Excel,Data Scientist,10,Referral
CAND00827,Rahul Gupta,25,Kolkata,B.Sc,13,NodeJS,Product Manager,38,Recruiter Outreach
CAND00828,Pooja Bose,37,Ahmedabad,M.Tech,10,Tableau,Data Scientist,24,Referral
CAND00829,Pooja Gupta,38,Ahmedabad,M.Tech,2,Deep Learning,Data Analyst,14,Company Website
CAND00830,Ananya Nair,28,Gurgaon,B.Sc,3,NLP,Data Scientist,38,Naukri
CAND00831,Rahul Kulkarni,32,Ahmedabad,PhD,14,SQL,Software Engineer,29,LinkedIn
CAND00832,Rohit Mehta,29,Gurgaon,PhD,0,Cloud Architecture,Cloud Engineer,10,Recruiter Outreach
CAND00833,Sanjay Verma,21,Kolkata,MBA,7,Power BI,Data Analyst,34,Recruiter Outreach
CAND00834,Rohit Das,24,Delhi,M.Sc,8,Cybersecurity,ML Engineer,8,Referral
CAND00835,Sanjay Kulkarni,44,Mumbai,B.Tech,12,Cloud Architecture,Software Engineer,36,LinkedIn
CAND00836,Vikram Das,31,Kolkata,PhD,13,Machine Learning,Data Scientist,19,Recruiter Outreach
CAND00837,Meera Jain,24,Ahmedabad,B.Tech,4,Data Analysis,DevOps Engineer,15,LinkedIn
CAND00838,Rahul Mehta,22,Hyderabad,MBA,7,SQL,Data Scientist,7,Recruiter Outreach
CAND00839,Aditya Kulkarni,29,Chennai,M.Sc,9,Python,Software Engineer,37,LinkedIn
CAND00840,Nisha Sharma,44,Delhi,PhD,14,TensorFlow,Data Scientist,25,Recruiter Outreach
CAND00841,Amit Chopra,30,Noida,M.Tech,8,React,ML Engineer,26,Recruiter Outreach
CAND00842,Neha Kulkarni,44,Noida,B.Sc,1,Tableau,Data Scientist,34,Referral
CAND00843,Arjun Mehta,32,Hyderabad,M.Tech,13,Deep Learning,Product Manager,23,Referral
CAND00844,Nisha Patel,39,Kolkata,B.Tech,7,Docker,Cloud Engineer,15,LinkedIn
CAND00845,Sanjay Bose,39,Kolkata,MBA,2,AWS,Product Manager,32,Company Website
CAND00846,Kiran Mehta,21,Ahmedabad,B.Sc,2,Deep Learning,DevOps Engineer,24,Referral
CAND00847,Rahul Verma,21,Delhi,M.Tech,3,Python,Data Analyst,14,Company Website
CAND00848,Kavya Iyer,43,Mumbai,PhD,10,Tableau,ML Engineer,34,Company Website
CAND00849,Neha Jain,43,Kolkata,B.Sc,14,AWS,Product Manager,33,Naukri
CAND00850,Vikram Iyer,24,Mumbai,MBA,6,Cybersecurity,Product Manager,14,Referral
CAND00851,Kiran Iyer,36,Pune,MBA,1,Excel,Software Engineer,28,Referral
CAND00852,Aditya Bose,43,Bangalore,MBA,13,Java,ML Engineer,37,Naukri
CAND00853,Nisha Bose,43,Pune,B.Tech,9,DevOps,Software Engineer,33,LinkedIn
CAND00854,Sneha Iyer,28,Gurgaon,B.Sc,8,Power BI,Software Engineer,12,Naukri
CAND00855,Neha Singh,40,Chennai,M.Sc,0,NodeJS,Product Manager,35,Company Website
CAND00856,Aditya Das,36,Bangalore,MBA,14,Python,Data Scientist,7,Naukri
CAND00857,Kiran Bose,43,Mumbai,MBA,1,Python,DevOps Engineer,26,Referral
CAND00858,Kiran Mehta,24,Bangalore,PhD,9,Python,Cloud Engineer,23,Recruiter Outreach
CAND00859,Arjun Kulkarni,35,Noida,B.Sc,8,Cybersecurity,Cloud Engineer,7,Naukri
CAND00860,Priya Das,21,Gurgaon,M.Tech,7,Deep Learning,ML Engineer,30,Company Website
CAND00861,Kiran Das,29,Bangalore,B.Tech,8,Cybersecurity,Software Engineer,16,LinkedIn
CAND00862,Rohit Das,21,Mumbai,M.Sc,5,Statistics,Software Engineer,34,Recruiter Outreach
CAND00863,Nisha Kulkarni,31,Delhi,B.Sc,8,React,Software Engineer,35,Company Website
CAND00864,Kavya Patel,40,Gurgaon,B.Sc,5,TensorFlow,Data Scientist,26,Recruiter Outreach
CAND00865,Sanjay Bose,36,Mumbai,M.Tech,7,Statistics,Data Scientist,27,Company Website
CAND00866,Meera Bose,28,Gurgaon,M.Tech,10,NodeJS,Data Scientist,7,Naukri
CAND00867,Pooja Chopra,31,Pune,MBA,11,Cloud Architecture,Product Manager,36,Naukri
CAND00868,Rohit Patel,29,Bangalore,M.Sc,2,Kubernetes,Software Engineer,29,Company Website
CAND00869,Amit Iyer,38,Noida,M.Tech,14,Deep Learning,ML Engineer,19,Naukri
CAND00870,Arjun Das,27,Mumbai,B.Sc,1,SQL,Cloud Engineer,8,Company Website
CAND00871,Kavya Sharma,23,Hyderabad,PhD,4,Excel,Data Analyst,23,Referral
CAND00872,Sneha Jain,33,Pune,M.Tech,5,Tableau,Software Engineer,36,Company Website
CAND00873,Nisha Mehta,40,Bangalore,M.Tech,4,Data Analysis,Data Scientist,35,Referral
CAND00874,Sanjay Das,32,Gurgaon,M.Tech,5,SQL,Software Engineer,9,Naukri
CAND00875,Aditya Bose,25,Bangalore,PhD,4,AWS,DevOps Engineer,31,LinkedIn
CAND00876,Kiran Mehta,22,Mumbai,B.Sc,6,Tableau,DevOps Engineer,8,Recruiter Outreach
CAND00877,Kiran Reddy,43,Bangalore,PhD,11,TensorFlow,Software Engineer,18,Company Website
CAND00878,Neha Nair,39,Mumbai,PhD,12,TensorFlow,DevOps Engineer,21,Referral
CAND00879,Ananya Nair,24,Noida,MBA,5,Kubernetes,Cloud Engineer,6,LinkedIn
CAND00880,Arjun Mehta,22,Ahmedabad,B.Tech,3,DevOps,Product Manager,10,Recruiter Outreach
CAND00881,Amit Nair,24,Pune,M.Tech,10,Data Analysis,Data Analyst,35,LinkedIn
CAND00882,Ananya Jain,30,Gurgaon,B.Sc,0,TensorFlow,ML Engineer,27,Naukri
CAND00883,Rohit Singh,40,Hyderabad,MBA,6,Statistics,Data Scientist,32,LinkedIn
CAND00884,Priya Iyer,24,Mumbai,B.Tech,3,SQL,ML Engineer,25,Company Website
CAND00885,Neha Mehta,40,Noida,PhD,9,NodeJS,Data Scientist,21,Referral
CAND00886,Neha Mehta,21,Bangalore,M.Tech,1,Tableau,Data Analyst,6,Naukri
CAND00887,Sanjay Patel,38,Delhi,B.Sc,12,NLP,ML Engineer,24,Naukri
CAND00888,Neha Iyer,27,Delhi,PhD,4,Power BI,ML Engineer,32,Referral
CAND00889,Vikram Verma,44,Delhi,B.Sc,7,Statistics,Cloud Engineer,12,Company Website
CAND00890,Amit Reddy,32,Pune,M.Sc,8,Statistics,Software Engineer,22,Naukri
CAND00891,Amit Jain,27,Bangalore,B.Tech,7,Data Analysis,Cloud Engineer,20,Naukri
CAND00892,Meera Gupta,26,Gurgaon,M.Sc,6,Tableau,Data Scientist,35,Referral
CAND00893,Sneha Patel,40,Ahmedabad,PhD,4,AWS,Software Engineer,11,Naukri
CAND00894,Kavya Das,30,Mumbai,PhD,11,NodeJS,Data Scientist,9,Referral
CAND00895,Ananya Bose,29,Chennai,B.Tech,7,Tableau,Data Analyst,13,Naukri
CAND00896,Neha Gupta,38,Kolkata,M.Tech,3,Excel,Data Scientist,11,Company Website
CAND00897,Kavya Iyer,33,Bangalore,B.Tech,3,Statistics,ML Engineer,34,Naukri
CAND00898,Nisha Iyer,36,Chennai,PhD,6,Excel,Cloud Engineer,14,LinkedIn
CAND00899,Kavya Kulkarni,31,Ahmedabad,M.Tech,12,NLP,Product Manager,18,Recruiter Outreach
CAND00900,Amit Singh,22,Ahmedabad,B.Sc,14,Data Analysis,Data Analyst,14,Company Website
CAND00901,Kavya Gupta,21,Noida,MBA,5,Data Analysis,Product Manager,33,Recruiter Outreach
CAND00902,Rahul Sharma,21,Noida,M.Sc,5,Docker,Cloud Engineer,28,LinkedIn
CAND00903,Amit Singh,34,Noida,PhD,1,React,Cloud Engineer,22,Recruiter Outreach
CAND00904,Priya Jain,33,Bangalore,M.Tech,8,SQL,Product Manager,33,Naukri
CAND00905,Sneha Verma,38,Kolkata,M.Sc,3,DevOps,Data Scientist,8,Recruiter Outreach
CAND00906,Kiran Singh,42,Mumbai,M.Tech,12,NLP,ML Engineer,29,Company Website
CAND00907,Aditya Patel,25,Mumbai,M.Tech,8,SQL,Data Analyst,18,Recruiter Outreach
CAND00908,Sneha Gupta,43,Noida,B.Tech,3,React,DevOps Engineer,18,LinkedIn
CAND00909,Rahul Reddy,43,Kolkata,MBA,13,Deep Learning,Product Manager,11,Naukri
CAND00910,Neha Das,35,Kolkata,B.Sc,12,Cybersecurity,Data Scientist,9,Company Website
CAND00911,Vikram Bose,33,Noida,M.Sc,4,Statistics,ML Engineer,29,Naukri
CAND00912,Sanjay Bose,25,Hyderabad,PhD,1,React,Software Engineer,34,Recruiter Outreach
CAND00913,Priya Jain,25,Hyderabad,B.Sc,3,Cybersecurity,DevOps Engineer,36,Company Website
CAND00914,Ananya Jain,21,Chennai,MBA,5,Tableau,Product Manager,14,LinkedIn
CAND00915,Neha Jain,36,Bangalore,M.Tech,6,Data Analysis,Product Manager,31,LinkedIn
CAND00916,Ananya Patel,31,Chennai,PhD,12,Kubernetes,Cloud Engineer,9,Company Website
CAND00917,Arjun Patel,25,Pune,MBA,14,Excel,Cloud Engineer,32,Referral
CAND00918,Nisha Reddy,24,Hyderabad,M.Sc,11,DevOps,Software Engineer,25,Referral
CAND00919,Sneha Kulkarni,22,Ahmedabad,B.Sc,12,Tableau,DevOps Engineer,35,Recruiter Outreach
CAND00920,Arjun Patel,36,Gurgaon,PhD,1,Tableau,ML Engineer,8,LinkedIn
CAND00921,Pooja Chopra,37,Pune,PhD,2,React,Data Analyst,32,Naukri
CAND00922,Meera Nair,36,Bangalore,M.Sc,13,Machine Learning,Software Engineer,21,Referral
CAND00923,Arjun Kulkarni,23,Bangalore,B.Sc,9,Docker,Product Manager,25,LinkedIn
CAND00924,Rohit Iyer,21,Bangalore,B.Tech,3,Cybersecurity,Software Engineer,24,Referral
CAND00925,Priya Gupta,23,Noida,B.Tech,11,Cybersecurity,Software Engineer,30,Naukri
CAND00926,Kavya Iyer,39,Kolkata,B.Sc,2,Deep Learning,Software Engineer,26,Naukri
CAND00927,Priya Chopra,38,Gurgaon,M.Sc,11,Java,Product Manager,20,LinkedIn
CAND00928,Neha Nair,28,Chennai,M.Sc,13,Machine Learning,Product Manager,20,Company Website
CAND00929,Rohit Das,22,Pune,M.Tech,7,Cloud Architecture,Data Analyst,8,Referral
CAND00930,Meera Reddy,28,Pune,B.Sc,9,NLP,Product Manager,30,Naukri
CAND00931,Pooja Mehta,40,Kolkata,PhD,10,Java,Cloud Engineer,29,Naukri
CAND00932,Pooja Mehta,24,Noida,B.Tech,13,Docker,Cloud Engineer,25,Naukri
CAND00933,Priya Das,40,Delhi,MBA,8,DevOps,Product Manager,30,Naukri
CAND00934,Amit Das,32,Delhi,PhD,4,Deep Learning,Software Engineer,15,Referral
CAND00935,Amit Iyer,24,Kolkata,M.Tech,3,Python,Data Analyst,13,Naukri
CAND00936,Ananya Jain,43,Kolkata,M.Tech,5,SQL,ML Engineer,37,Naukri
CAND00937,Arjun Patel,33,Mumbai,MBA,0,SQL,Software Engineer,38,LinkedIn
CAND00938,Sneha Bose,37,Hyderabad,M.Sc,10,Deep Learning,Data Analyst,34,Company Website
CAND00939,Meera Patel,23,Mumbai,M.Tech,5,Machine Learning,Data Scientist,7,Naukri
CAND00940,Arjun Gupta,29,Hyderabad,M.Sc,10,Kubernetes,ML Engineer,24,Referral
CAND00941,Rahul Chopra,36,Noida,M.Tech,0,Deep Learning,Cloud Engineer,31,LinkedIn
CAND00942,Ananya Iyer,36,Bangalore,MBA,4,AWS,ML Engineer,7,Referral
CAND00943,Kiran Mehta,22,Pune,B.Sc,5,Power BI,DevOps Engineer,38,Naukri
CAND00944,Amit Singh,35,Chennai,B.Tech,1,React,Cloud Engineer,32,Recruiter Outreach
CAND00945,Rahul Gupta,43,Delhi,M.Sc,12,React,ML Engineer,16,Company Website
CAND00946,Aditya Verma,39,Gurgaon,M.Sc,8,Docker,Data Analyst,23,Naukri
CAND00947,Rahul Chopra,25,Mumbai,PhD,12,DevOps,Product Manager,37,LinkedIn
CAND00948,Ananya Bose,42,Bangalore,M.Tech,12,Machine Learning,Cloud Engineer,35,Referral
CAND00949,Meera Reddy,37,Gurgaon,MBA,0,AWS,Product Manager,34,Recruiter Outreach
CAND00950,Rohit Kulkarni,22,Noida,PhD,12,Excel,DevOps Engineer,39,LinkedIn
CAND00951,Meera Gupta,24,Kolkata,B.Tech,1,AWS,Product Manager,31,Company Website
CAND00952,Neha Gupta,43,Kolkata,MBA,13,SQL,Software Engineer,37,Naukri
CAND00953,Vikram Iyer,26,Kolkata,MBA,10,Data Analysis,DevOps Engineer,38,Referral
CAND00954,Amit Jain,23,Delhi,MBA,12,Statistics,DevOps Engineer,6,Recruiter Outreach
CAND00955,Priya Bose,31,Ahmedabad,MBA,7,Cloud Architecture,Product Manager,28,Referral
CAND00956,Amit Das,33,Chennai,M.Sc,2,Power BI,Software Engineer,17,Company Website
CAND00957,Neha Kulkarni,34,Ahmedabad,M.Tech,2,SQL,Product Manager,22,LinkedIn
CAND00958,Vikram Singh,36,Hyderabad,PhD,1,Kubernetes,Data Analyst,11,Recruiter Outreach
CAND00959,Kavya Kulkarni,44,Chennai,PhD,12,Data Analysis,Data Scientist,28,LinkedIn
CAND00960,Arjun Kulkarni,39,Noida,M.Tech,8,Data Analysis,DevOps Engineer,34,Referral
CAND00961,Pooja Singh,21,Hyderabad,PhD,3,Java,Product Manager,20,Recruiter Outreach
CAND00962,Neha Patel,23,Pune,M.Tech,1,NLP,Data Analyst,29,Company Website
CAND00963,Neha Patel,21,Kolkata,B.Tech,1,Deep Learning,Data Analyst,17,Company Website
CAND00964,Rahul Jain,30,Chennai,MBA,3,Python,Product Manager,31,Referral
CAND00965,Priya Singh,29,Ahmedabad,M.Sc,11,Docker,Product Manager,8,Company Website
CAND00966,Pooja Jain,43,Hyderabad,PhD,13,TensorFlow,Software Engineer,35,Recruiter Outreach
CAND00967,Rahul Iyer,29,Ahmedabad,B.Sc,9,SQL,Cloud Engineer,18,Company Website
CAND00968,Neha Kulkarni,21,Noida,M.Sc,14,Java,DevOps Engineer,23,Referral
CAND00969,Nisha Iyer,42,Gurgaon,M.Tech,5,SQL,DevOps Engineer,33,Recruiter Outreach
CAND00970,Rahul Gupta,27,Gurgaon,PhD,4,AWS,Cloud Engineer,7,LinkedIn
CAND00971,Pooja Sharma,42,Bangalore,B.Sc,10,Cloud Architecture,Software Engineer,38,Recruiter Outreach
CAND00972,Arjun Patel,39,Kolkata,B.Tech,2,Data Analysis,Software Engineer,26,LinkedIn
CAND00973,Rahul Bose,42,Ahmedabad,B.Tech,13,SQL,Data Scientist,39,LinkedIn
CAND00974,Amit Reddy,40,Noida,M.Tech,11,Java,Cloud Engineer,24,LinkedIn
CAND00975,Aditya Nair,24,Ahmedabad,B.Tech,0,Kubernetes,ML Engineer,13,LinkedIn
CAND00976,Priya Singh,36,Kolkata,M.Tech,2,Excel,DevOps Engineer,25,Company Website
CAND00977,Nisha Mehta,30,Noida,PhD,9,Excel,DevOps Engineer,25,Referral
CAND00978,Rohit Kulkarni,36,Chennai,M.Tech,11,Deep Learning,DevOps Engineer,37,LinkedIn
CAND00979,Kiran Iyer,38,Kolkata,B.Sc,3,DevOps,Product Manager,25,Referral
CAND00980,Pooja Jain,33,Pune,PhD,11,Excel,Product Manager,19,Recruiter Outreach
CAND00981,Rahul Chopra,28,Delhi,M.Tech,7,NodeJS,Data Scientist,11,Naukri
CAND00982,Pooja Das,42,Kolkata,M.Sc,10,NodeJS,Cloud Engineer,17,Company Website
CAND00983,Neha Singh,36,Ahmedabad,MBA,6,Java,ML Engineer,25,Referral
CAND00984,Pooja Iyer,42,Bangalore,M.Tech,6,Deep Learning,DevOps Engineer,18,Naukri
CAND00985,Pooja Bose,26,Mumbai,PhD,5,DevOps,DevOps Engineer,18,Company Website
CAND00986,Kiran Reddy,41,Hyderabad,B.Sc,2,DevOps,Data Scientist,6,Company Website
CAND00987,Rohit Sharma,28,Kolkata,MBA,2,Power BI,ML Engineer,38,LinkedIn
CAND00988,Aditya Reddy,32,Delhi,M.Sc,2,Machine Learning,Product Manager,34,Company Website
CAND00989,Amit Chopra,41,Mumbai,PhD,12,NLP,Data Scientist,14,Company Website
CAND00990,Kiran Nair,29,Pune,M.Sc,6,Statistics,ML Engineer,10,LinkedIn
CAND00991,Amit Das,27,Hyderabad,PhD,5,React,Data Scientist,34,Referral
CAND00992,Kiran Chopra,42,Hyderabad,M.Tech,12,Java,ML Engineer,34,Company Website
CAND00993,Pooja Iyer,44,Pune,MBA,13,NodeJS,DevOps Engineer,36,LinkedIn
CAND00994,Sneha Bose,28,Chennai,M.Tech,3,SQL,Cloud Engineer,24,Company Website
CAND00995,Rohit Singh,28,Chennai,M.Sc,5,Data Analysis,DevOps Engineer,31,Recruiter Outreach
CAND00996,Vikram Nair,26,Pune,M.Sc,6,Tableau,ML Engineer,30,Naukri
CAND00997,Sanjay Sharma,21,Bangalore,B.Sc,12,Excel,Product Manager,13,Naukri
CAND00998,Rohit Jain,34,Noida,B.Sc,10,React,Software Engineer,23,LinkedIn
CAND00999,Vikram Gupta,27,Ahmedabad,M.Sc,8,Machine Learning,Software Engineer,14,Company Website
CAND01000,Aditya Sharma,41,Ahmedabad,M.Tech,3,DevOps,Data Analyst,31,Recruiter Outreach
CAND01001,Arjun Singh,25,Delhi,MBA,5,Docker,Data Scientist,39,Recruiter Outreach
CAND01002,Sanjay Patel,36,Mumbai,M.Sc,0,Data Analysis,Software Engineer,8,Naukri
CAND01003,Arjun Iyer,33,Kolkata,B.Tech,10,TensorFlow,Cloud Engineer,8,LinkedIn
CAND01004,Sanjay Nair,35,Ahmedabad,PhD,13,Tableau,DevOps Engineer,14,Referral
CAND01005,Kavya Mehta,23,Bangalore,M.Tech,11,Power BI,Product Manager,9,Referral
CAND01006,Rahul Bose,32,Chennai,M.Sc,4,Python,Cloud Engineer,6,LinkedIn
CAND01007,Kiran Reddy,36,Mumbai,B.Sc,7,TensorFlow,Software Engineer,39,LinkedIn
CAND01008,Arjun Das,29,Kolkata,PhD,14,Cloud Architecture,Cloud Engineer,25,Naukri
CAND01009,Meera Singh,41,Gurgaon,M.Sc,6,Machine Learning,Product Manager,32,LinkedIn
CAND01010,Vikram Verma,33,Mumbai,B.Sc,12,Statistics,DevOps Engineer,25,LinkedIn
CAND01011,Kiran Nair,29,Gurgaon,M.Sc,8,Cybersecurity,Cloud Engineer,31,Recruiter Outreach
CAND01012,Priya Singh,21,Chennai,MBA,7,Power BI,Data Analyst,29,Company Website
CAND01013,Ananya Jain,25,Delhi,B.Sc,8,Statistics,Product Manager,11,Recruiter Outreach
CAND01014,Rohit Reddy,32,Bangalore,PhD,3,Docker,ML Engineer,11,Referral
CAND01015,Rohit Iyer,30,Kolkata,B.Tech,6,React,Software Engineer,22,Referral
CAND01016,Priya Verma,41,Chennai,MBA,4,Machine Learning,ML Engineer,18,Company Website
CAND01017,Nisha Chopra,39,Kolkata,B.Tech,11,SQL,Data Scientist,34,Company Website
CAND01018,Ananya Sharma,24,Pune,B.Sc,9,AWS,DevOps Engineer,16,Referral
CAND01019,Nisha Singh,35,Delhi,M.Sc,5,Data Analysis,Data Scientist,17,Recruiter Outreach
CAND01020,Vikram Bose,31,Hyderabad,B.Tech,12,TensorFlow,ML Engineer,23,Company Website
CAND01021,Meera Das,23,Ahmedabad,B.Sc,6,Java,Cloud Engineer,12,Referral
CAND01022,Vikram Jain,36,Delhi,MBA,14,Cybersecurity,ML Engineer,35,LinkedIn
CAND01023,Kavya Kulkarni,33,Gurgaon,M.Sc,9,Kubernetes,Product Manager,6,LinkedIn
CAND01024,Sanjay Verma,23,Mumbai,M.Tech,13,DevOps,Data Scientist,34,Recruiter Outreach
CAND01025,Rahul Reddy,32,Noida,B.Tech,14,TensorFlow,Data Analyst,27,Recruiter Outreach
CAND01026,Neha Jain,38,Pune,B.Tech,4,DevOps,Data Scientist,36,Naukri
CAND01027,Meera Mehta,28,Hyderabad,MBA,3,Excel,Data Scientist,15,Company Website
CAND01028,Meera Das,29,Bangalore,MBA,12,React,Cloud Engineer,36,Recruiter Outreach
CAND01029,Arjun Mehta,23,Mumbai,PhD,3,Machine Learning,Data Scientist,35,LinkedIn
CAND01030,Aditya Kulkarni,25,Delhi,MBA,11,Tableau,Product Manager,21,Recruiter Outreach
CAND01031,Rahul Das,44,Bangalore,M.Tech,2,NLP,DevOps Engineer,15,Naukri
CAND01032,Ananya Kulkarni,35,Delhi,M.Sc,13,NLP,Data Analyst,12,Naukri
CAND01033,Meera Bose,25,Gurgaon,B.Tech,10,Docker,Product Manager,11,LinkedIn
CAND01034,Neha Mehta,32,Pune,MBA,7,SQL,Software Engineer,25,Company Website
CAND01035,Sneha Verma,25,Gurgaon,B.Sc,6,Docker,Software Engineer,38,Company Website
CAND01036,Arjun Reddy,31,Bangalore,M.Tech,9,Power BI,Software Engineer,25,LinkedIn
CAND01037,Meera Mehta,24,Hyderabad,B.Sc,5,Deep Learning,DevOps Engineer,38,Company Website
CAND01038,Kavya Singh,35,Delhi,MBA,5,Docker,Cloud Engineer,31,LinkedIn
CAND01039,Vikram Patel,34,Noida,PhD,3,Cybersecurity,Data Analyst,29,Referral
CAND01040,Pooja Patel,36,Noida,M.Tech,2,Kubernetes,ML Engineer,30,Company Website
CAND01041,Neha Verma,31,Pune,PhD,13,Java,Product Manager,37,Company Website
CAND01042,Rahul Verma,27,Delhi,B.Sc,11,Docker,DevOps Engineer,35,LinkedIn
CAND01043,Meera Verma,26,Bangalore,M.Sc,6,Kubernetes,Cloud Engineer,11,Naukri
CAND01044,Vikram Sharma,26,Bangalore,M.Tech,12,React,Data Analyst,25,Referral
CAND01045,Aditya Reddy,31,Ahmedabad,B.Tech,9,Power BI,ML Engineer,21,Company Website
CAND01046,Sanjay Iyer,31,Pune,M.Sc,8,Java,Product Manager,35,Recruiter Outreach
CAND01047,Rahul Das,37,Chennai,MBA,1,SQL,DevOps Engineer,12,Company Website
CAND01048,Nisha Bose,22,Chennai,M.Tech,8,Data Analysis,Software Engineer,33,Company Website
CAND01049,Sanjay Gupta,27,Bangalore,PhD,1,Kubernetes,Cloud Engineer,22,Naukri
CAND01050,Aditya Verma,41,Gurgaon,M.Tech,10,NodeJS,Data Scientist,37,Naukri
CAND01051,Rahul Patel,42,Chennai,MBA,1,React,Product Manager,32,Referral
CAND01052,Pooja Gupta,43,Gurgaon,M.Sc,7,Data Analysis,DevOps Engineer,17,Recruiter Outreach
CAND01053,Sanjay Patel,28,Hyderabad,PhD,5,Power BI,DevOps Engineer,34,Referral
CAND01054,Vikram Gupta,24,Kolkata,PhD,1,Python,Data Scientist,12,Recruiter Outreach
CAND01055,Vikram Verma,25,Gurgaon,B.Sc,7,Cybersecurity,ML Engineer,6,Company Website
CAND01056,Aditya Bose,24,Hyderabad,B.Tech,3,Excel,Cloud Engineer,23,Recruiter Outreach
CAND01057,Meera Iyer,43,Ahmedabad,B.Tech,3,AWS,Data Analyst,19,Company Website
CAND01058,Nisha Kulkarni,42,Kolkata,M.Sc,13,Power BI,Data Scientist,10,Referral
CAND01059,Rohit Verma,40,Delhi,B.Sc,5,NLP,DevOps Engineer,39,Referral
CAND01060,Sanjay Jain,38,Mumbai,B.Tech,6,Machine Learning,Cloud Engineer,7,LinkedIn
CAND01061,Ananya Nair,29,Delhi,M.Sc,0,TensorFlow,ML Engineer,26,Recruiter Outreach
CAND01062,Meera Gupta,32,Noida,PhD,4,SQL,DevOps Engineer,14,LinkedIn
CAND01063,Vikram Nair,41,Hyderabad,B.Tech,5,Statistics,Product Manager,16,Recruiter Outreach
CAND01064,Priya Reddy,40,Pune,M.Sc,10,SQL,Data Analyst,13,Company Website
CAND01065,Meera Jain,33,Delhi,MBA,1,Java,ML Engineer,19,LinkedIn
CAND01066,Rohit Mehta,41,Kolkata,MBA,13,Statistics,Product Manager,28,Recruiter Outreach
CAND01067,Kavya Verma,29,Hyderabad,M.Sc,1,Statistics,Product Manager,16,LinkedIn
CAND01068,Rohit Sharma,30,Chennai,M.Tech,9,DevOps,Data Analyst,30,LinkedIn
CAND01069,Rohit Mehta,41,Mumbai,B.Tech,0,Cybersecurity,Software Engineer,21,Naukri
CAND01070,Meera Bose,30,Gurgaon,PhD,12,Tableau,Cloud Engineer,32,LinkedIn
CAND01071,Nisha Nair,39,Kolkata,MBA,10,SQL,Data Scientist,21,LinkedIn
CAND01072,Neha Singh,31,Gurgaon,M.Tech,12,Docker,Software Engineer,18,Company Website
CAND01073,Rahul Jain,28,Chennai,M.Sc,13,AWS,Data Analyst,23,Recruiter Outreach
CAND01074,Pooja Chopra,26,Mumbai,M.Tech,12,NodeJS,DevOps Engineer,29,LinkedIn
CAND01075,Neha Reddy,35,Chennai,M.Sc,9,Python,DevOps Engineer,21,Company Website
CAND01076,Pooja Kulkarni,32,Ahmedabad,B.Tech,12,Java,Software Engineer,36,Company Website
CAND01077,Meera Singh,29,Mumbai,B.Sc,1,Docker,Product Manager,23,LinkedIn
CAND01078,Kavya Nair,38,Bangalore,MBA,9,DevOps,DevOps Engineer,16,LinkedIn
CAND01079,Pooja Reddy,21,Kolkata,PhD,14,Statistics,Data Analyst,6,Naukri
CAND01080,Sanjay Gupta,23,Delhi,B.Sc,5,Docker,Product Manager,19,Company Website
CAND01081,Arjun Bose,44,Pune,PhD,14,Excel,Data Scientist,7,Referral
CAND01082,Nisha Bose,36,Mumbai,M.Tech,7,Tableau,DevOps Engineer,7,Naukri
CAND01083,Neha Chopra,34,Chennai,MBA,7,AWS,Product Manager,18,Naukri
CAND01084,Aditya Jain,21,Delhi,M.Sc,4,Kubernetes,DevOps Engineer,15,Company Website
CAND01085,Amit Das,35,Kolkata,B.Tech,1,Deep Learning,Data Analyst,36,Referral
CAND01086,Nisha Das,31,Kolkata,PhD,13,Excel,Software Engineer,30,Company Website
CAND01087,Sneha Das,35,Chennai,M.Sc,10,AWS,ML Engineer,32,Recruiter Outreach
CAND01088,Priya Singh,21,Chennai,M.Sc,6,DevOps,Data Analyst,24,Naukri
CAND01089,Kiran Singh,34,Ahmedabad,M.Tech,14,Cloud Architecture,Product Manager,9,Company Website
CAND01090,Meera Gupta,34,Gurgaon,M.Sc,2,Cybersecurity,Data Analyst,34,LinkedIn
CAND01091,Ananya Verma,27,Bangalore,PhD,11,Deep Learning,Data Scientist,22,Recruiter Outreach
CAND01092,Kiran Reddy,22,Noida,M.Tech,6,Power BI,Data Analyst,20,Referral
CAND01093,Vikram Gupta,44,Gurgaon,B.Sc,9,Docker,Data Scientist,26,LinkedIn
CAND01094,Kavya Nair,38,Bangalore,B.Tech,0,TensorFlow,Product Manager,11,Naukri
CAND01095,Neha Mehta,35,Ahmedabad,MBA,9,Excel,Data Analyst,22,Referral
CAND01096,Vikram Gupta,39,Bangalore,B.Tech,10,Statistics,ML Engineer,26,Naukri
CAND01097,Kiran Chopra,37,Delhi,B.Sc,14,NodeJS,DevOps Engineer,29,Recruiter Outreach
CAND01098,Vikram Bose,24,Chennai,B.Sc,5,Kubernetes,Data Analyst,23,Naukri
CAND01099,Ananya Iyer,31,Noida,B.Sc,1,NodeJS,Data Analyst,39,Referral
CAND01100,Neha Sharma,42,Ahmedabad,M.Sc,0,Cybersecurity,DevOps Engineer,39,Recruiter Outreach
CAND01101,Amit Reddy,27,Hyderabad,PhD,2,React,Product Manager,9,Referral
CAND01102,Kavya Chopra,44,Hyderabad,M.Tech,4,React,Cloud Engineer,8,Recruiter Outreach
CAND01103,Rahul Chopra,22,Gurgaon,M.Tech,12,Excel,ML Engineer,23,Recruiter Outreach
CAND01104,Sneha Patel,28,Ahmedabad,M.Tech,2,Power BI,ML Engineer,34,Naukri
CAND01105,Meera Das,29,Ahmedabad,PhD,2,Docker,Product Manager,23,Company Website
CAND01106,Ananya Patel,35,Gurgaon,B.Tech,0,Cloud Architecture,DevOps Engineer,13,Company Website
CAND01107,Priya Mehta,25,Gurgaon,B.Tech,5,React,Data Scientist,25,Recruiter Outreach
CAND01108,Kavya Jain,26,Gurgaon,B.Tech,9,TensorFlow,Data Analyst,38,Naukri
CAND01109,Vikram Iyer,36,Ahmedabad,M.Sc,4,React,Data Scientist,11,Naukri
CAND01110,Nisha Iyer,27,Mumbai,B.Sc,7,Power BI,Data Scientist,21,Referral
CAND01111,Amit Mehta,42,Delhi,PhD,3,Docker,ML Engineer,27,Naukri
CAND01112,Arjun Nair,41,Mumbai,M.Tech,12,Kubernetes,ML Engineer,19,Company Website
CAND01113,Aditya Jain,28,Delhi,MBA,0,DevOps,Data Scientist,7,Naukri
CAND01114,Vikram Jain,34,Hyderabad,B.Sc,3,NLP,Cloud Engineer,28,Referral
CAND01115,Kiran Sharma,28,Hyderabad,B.Tech,8,Deep Learning,Data Analyst,31,Naukri
CAND01116,Nisha Patel,29,Kolkata,PhD,12,Deep Learning,Data Analyst,28,Naukri
CAND01117,Ananya Chopra,37,Gurgaon,M.Sc,6,Java,Product Manager,28,LinkedIn
CAND01118,Sneha Gupta,28,Delhi,B.Tech,1,React,Cloud Engineer,28,Company Website
CAND01119,Kavya Bose,24,Kolkata,PhD,8,TensorFlow,Cloud Engineer,17,Recruiter Outreach
CAND01120,Sneha Verma,27,Mumbai,MBA,4,Kubernetes,ML Engineer,6,Referral
CAND01121,Kavya Patel,43,Noida,MBA,4,Java,Cloud Engineer,39,Referral
CAND01122,Meera Chopra,27,Pune,PhD,13,Excel,Product Manager,12,LinkedIn
CAND01123,Ananya Iyer,29,Bangalore,B.Sc,14,Statistics,Data Scientist,34,Naukri
CAND01124,Rahul Mehta,36,Pune,M.Tech,3,Java,Product Manager,24,Naukri
CAND01125,Rohit Kulkarni,23,Delhi,M.Sc,8,Kubernetes,Product Manager,24,Recruiter Outreach
CAND01126,Sneha Kulkarni,27,Noida,M.Sc,8,Power BI,Cloud Engineer,6,Recruiter Outreach
CAND01127,Vikram Verma,25,Gurgaon,M.Tech,14,Statistics,Software Engineer,39,Company Website
CAND01128,Sanjay Verma,43,Chennai,M.Sc,14,AWS,ML Engineer,23,Referral
CAND01129,Amit Jain,43,Ahmedabad,B.Sc,5,Docker,Cloud Engineer,34,LinkedIn
CAND01130,Amit Jain,39,Hyderabad,M.Tech,0,NodeJS,DevOps Engineer,32,Naukri
CAND01131,Amit Kulkarni,26,Pune,MBA,0,Cloud Architecture,Cloud Engineer,10,Company Website
CAND01132,Priya Patel,35,Mumbai,PhD,0,AWS,ML Engineer,38,LinkedIn
CAND01133,Kiran Das,36,Pune,M.Tech,11,NodeJS,ML Engineer,26,Naukri
CAND01134,Priya Jain,41,Chennai,M.Sc,11,Cloud Architecture,Product Manager,12,LinkedIn
CAND01135,Neha Reddy,24,Chennai,M.Sc,12,AWS,Data Analyst,25,Referral
CAND01136,Vikram Singh,38,Kolkata,PhD,2,NodeJS,Cloud Engineer,26,Referral
CAND01137,Rahul Mehta,25,Pune,M.Tech,0,Excel,Product Manager,28,LinkedIn
CAND01138,Sneha Sharma,34,Bangalore,M.Tech,2,Excel,Data Analyst,16,Referral
CAND01139,Neha Verma,42,Ahmedabad,PhD,9,Python,ML Engineer,37,Company Website
CAND01140,Sanjay Reddy,22,Mumbai,MBA,0,React,Product Manager,14,Recruiter Outreach
CAND01141,Neha Chopra,24,Chennai,B.Sc,9,NLP,Cloud Engineer,22,Company Website
CAND01142,Kiran Chopra,40,Pune,B.Sc,13,Cloud Architecture,DevOps Engineer,34,Referral
CAND01143,Aditya Chopra,21,Delhi,B.Sc,2,TensorFlow,Product Manager,8,Recruiter Outreach
CAND01144,Aditya Mehta,37,Ahmedabad,B.Sc,11,DevOps,ML Engineer,19,Naukri
CAND01145,Arjun Reddy,33,Bangalore,MBA,8,NLP,Software Engineer,22,Referral
CAND01146,Sneha Das,29,Hyderabad,MBA,14,React,Data Scientist,32,Recruiter Outreach
CAND01147,Meera Chopra,41,Chennai,MBA,3,Cybersecurity,Software Engineer,32,Referral
CAND01148,Rahul Singh,41,Gurgaon,B.Sc,3,AWS,Data Analyst,33,Company Website
CAND01149,Sneha Bose,28,Ahmedabad,M.Sc,0,AWS,Data Analyst,18,LinkedIn
CAND01150,Vikram Iyer,21,Mumbai,B.Sc,10,Power BI,ML Engineer,22,Referral
CAND01151,Ananya Bose,24,Chennai,M.Sc,13,Data Analysis,Cloud Engineer,6,Recruiter Outreach
CAND01152,Aditya Patel,23,Gurgaon,MBA,0,Docker,Data Analyst,33,Referral
CAND01153,Neha Iyer,44,Mumbai,M.Sc,7,TensorFlow,Data Analyst,16,Recruiter Outreach
CAND01154,Vikram Kulkarni,35,Kolkata,MBA,10,Deep Learning,Product Manager,21,Naukri
CAND01155,Vikram Sharma,37,Bangalore,MBA,11,Python,Data Analyst,29,Recruiter Outreach
CAND01156,Rohit Sharma,26,Delhi,B.Tech,13,Java,Product Manager,32,Naukri
CAND01157,Sneha Sharma,41,Ahmedabad,M.Tech,10,Docker,ML Engineer,8,Naukri
CAND01158,Priya Singh,38,Noida,M.Sc,13,NLP,Cloud Engineer,32,Referral
CAND01159,Pooja Das,39,Ahmedabad,B.Tech,14,Tableau,Product Manager,18,Referral
CAND01160,Priya Sharma,32,Noida,M.Tech,13,TensorFlow,Cloud Engineer,20,Recruiter Outreach
CAND01161,Neha Verma,37,Bangalore,M.Sc,6,Java,Product Manager,10,Naukri
CAND01162,Meera Chopra,34,Noida,PhD,6,Machine Learning,Cloud Engineer,30,Naukri
CAND01163,Neha Iyer,30,Noida,MBA,6,Deep Learning,DevOps Engineer,22,Referral
CAND01164,Amit Iyer,35,Hyderabad,MBA,14,Tableau,Cloud Engineer,9,Company Website
CAND01165,Priya Bose,28,Mumbai,B.Sc,4,React,Product Manager,10,Referral
CAND01166,Vikram Chopra,43,Noida,M.Sc,11,Machine Learning,DevOps Engineer,30,Referral
CAND01167,Rohit Kulkarni,38,Delhi,MBA,9,SQL,DevOps Engineer,9,LinkedIn
CAND01168,Kavya Chopra,38,Gurgaon,M.Tech,0,Java,Data Scientist,23,Recruiter Outreach
CAND01169,Amit Patel,38,Pune,MBA,7,Cloud Architecture,Product Manager,29,LinkedIn
CAND01170,Arjun Mehta,31,Delhi,M.Tech,2,Python,Cloud Engineer,37,Recruiter Outreach
CAND01171,Rohit Das,43,Kolkata,M.Sc,10,Kubernetes,ML Engineer,11,Referral
CAND01172,Ananya Gupta,25,Kolkata,B.Tech,6,Docker,Software Engineer,16,LinkedIn
CAND01173,Neha Das,34,Ahmedabad,B.Sc,5,SQL,ML Engineer,11,Recruiter Outreach
CAND01174,Sneha Kulkarni,22,Bangalore,B.Tech,0,Docker,Software Engineer,35,Company Website
CAND01175,Rohit Das,28,Pune,PhD,1,NLP,Product Manager,26,Company Website
CAND01176,Meera Singh,34,Delhi,B.Sc,11,AWS,Data Analyst,39,Naukri
CAND01177,Vikram Mehta,32,Chennai,B.Tech,12,SQL,Software Engineer,7,Company Website
CAND01178,Arjun Gupta,43,Bangalore,PhD,4,React,Cloud Engineer,30,LinkedIn
CAND01179,Kiran Iyer,35,Pune,B.Sc,12,Cybersecurity,Software Engineer,7,Referral
CAND01180,Kiran Das,30,Pune,B.Sc,8,Python,Product Manager,9,Naukri
CAND01181,Nisha Patel,31,Hyderabad,B.Tech,5,AWS,Cloud Engineer,20,Company Website
CAND01182,Sanjay Patel,35,Gurgaon,M.Tech,6,Kubernetes,ML Engineer,18,Naukri
CAND01183,Neha Iyer,39,Mumbai,M.Sc,10,Python,DevOps Engineer,18,Naukri
CAND01184,Rahul Iyer,27,Pune,MBA,13,NodeJS,Data Analyst,8,Company Website
CAND01185,Amit Chopra,35,Bangalore,B.Sc,7,AWS,Software Engineer,24,LinkedIn
CAND01186,Amit Mehta,34,Kolkata,PhD,5,Data Analysis,Product Manager,17,Naukri
CAND01187,Meera Jain,21,Ahmedabad,MBA,11,Tableau,Software Engineer,39,Referral
CAND01188,Pooja Patel,42,Chennai,MBA,7,React,Data Scientist,32,Naukri
CAND01189,Nisha Verma,34,Mumbai,M.Sc,5,Kubernetes,Software Engineer,20,LinkedIn
CAND01190,Rahul Singh,26,Mumbai,B.Tech,6,Cybersecurity,Data Analyst,32,Recruiter Outreach
CAND01191,Aditya Mehta,36,Kolkata,MBA,8,Python,Data Scientist,25,Recruiter Outreach
CAND01192,Rahul Bose,37,Chennai,PhD,2,Cybersecurity,Cloud Engineer,22,Recruiter Outreach
CAND01193,Nisha Jain,42,Mumbai,M.Tech,0,Python,ML Engineer,37,Recruiter Outreach
CAND01194,Nisha Bose,21,Kolkata,M.Tech,9,React,Data Scientist,25,Company Website
CAND01195,Kavya Iyer,30,Delhi,MBA,2,Data Analysis,Data Analyst,22,Referral
CAND01196,Ananya Gupta,25,Hyderabad,B.Tech,7,Java,ML Engineer,25,LinkedIn
CAND01197,Kavya Verma,34,Chennai,B.Tech,11,React,Cloud Engineer,32,Company Website
CAND01198,Nisha Reddy,33,Bangalore,M.Tech,3,Docker,Data Scientist,31,Recruiter Outreach
CAND01199,Vikram Das,32,Ahmedabad,PhD,5,React,Software Engineer,24,Referral
CAND01200,Amit Kulkarni,44,Gurgaon,M.Tech,14,Excel,Data Scientist,12,Recruiter Outreach
CAND01201,Meera Kulkarni,33,Pune,M.Sc,0,NLP,Software Engineer,27,LinkedIn
CAND01202,Arjun Chopra,30,Gurgaon,MBA,11,Kubernetes,Product Manager,20,Referral
CAND01203,Neha Verma,22,Pune,M.Sc,2,Deep Learning,DevOps Engineer,37,Company Website
CAND01204,Kavya Sharma,27,Chennai,M.Tech,13,Cloud Architecture,Data Analyst,36,Naukri
CAND01205,Rohit Sharma,42,Gurgaon,PhD,6,React,ML Engineer,6,Company Website
CAND01206,Aditya Nair,31,Mumbai,MBA,0,TensorFlow,Software Engineer,39,Referral
CAND01207,Neha Singh,42,Gurgaon,M.Sc,10,Python,Software Engineer,36,Company Website
CAND01208,Ananya Gupta,33,Bangalore,M.Sc,2,Docker,DevOps Engineer,36,Referral
CAND01209,Vikram Mehta,34,Noida,MBA,5,Docker,ML Engineer,22,LinkedIn
CAND01210,Vikram Das,31,Chennai,M.Sc,7,DevOps,Product Manager,15,Naukri
CAND01211,Priya Chopra,34,Mumbai,B.Tech,11,Power BI,DevOps Engineer,26,Naukri
CAND01212,Neha Kulkarni,22,Gurgaon,MBA,6,Statistics,Software Engineer,36,Naukri
CAND01213,Rahul Mehta,22,Bangalore,MBA,12,Deep Learning,Data Scientist,21,LinkedIn
CAND01214,Sanjay Gupta,32,Ahmedabad,PhD,7,DevOps,DevOps Engineer,39,Naukri
CAND01215,Rahul Kulkarni,35,Kolkata,PhD,5,AWS,Data Analyst,14,LinkedIn
CAND01216,Rahul Reddy,34,Pune,M.Sc,5,Statistics,DevOps Engineer,35,Recruiter Outreach
CAND01217,Kavya Kulkarni,31,Noida,PhD,12,Deep Learning,DevOps Engineer,8,LinkedIn
CAND01218,Kiran Verma,28,Hyderabad,PhD,9,NLP,DevOps Engineer,34,Recruiter Outreach
CAND01219,Pooja Sharma,38,Noida,M.Sc,1,Docker,Cloud Engineer,38,LinkedIn
CAND01220,Neha Sharma,35,Delhi,B.Sc,11,Docker,Data Analyst,29,Company Website
CAND01221,Amit Iyer,22,Bangalore,M.Tech,6,SQL,Cloud Engineer,27,Referral
CAND01222,Ananya Bose,31,Noida,M.Sc,5,React,Software Engineer,19,LinkedIn
CAND01223,Sanjay Verma,38,Bangalore,M.Tech,1,Power BI,Product Manager,35,Referral
CAND01224,Sanjay Iyer,39,Ahmedabad,M.Tech,14,Machine Learning,Software Engineer,10,LinkedIn
CAND01225,Pooja Bose,27,Ahmedabad,PhD,0,AWS,DevOps Engineer,15,Company Website
CAND01226,Priya Singh,43,Pune,B.Tech,14,React,Product Manager,10,Recruiter Outreach
CAND01227,Pooja Singh,36,Gurgaon,B.Tech,0,Python,Software Engineer,15,Referral
CAND01228,Pooja Jain,31,Ahmedabad,B.Sc,7,Statistics,Data Scientist,23,Naukri
CAND01229,Kavya Sharma,36,Pune,B.Sc,1,Kubernetes,ML Engineer,17,LinkedIn
CAND01230,Neha Gupta,41,Gurgaon,B.Tech,7,NLP,ML Engineer,20,Naukri
CAND01231,Kavya Nair,26,Ahmedabad,MBA,12,Cybersecurity,Data Scientist,13,Recruiter Outreach
CAND01232,Kavya Iyer,24,Bangalore,M.Tech,8,Cloud Architecture,Data Analyst,17,Naukri
CAND01233,Vikram Verma,31,Delhi,M.Tech,8,TensorFlow,ML Engineer,22,Recruiter Outreach
CAND01234,Amit Iyer,23,Gurgaon,M.Tech,1,Cybersecurity,Data Scientist,13,Company Website
CAND01235,Aditya Patel,41,Hyderabad,M.Sc,14,Deep Learning,Data Scientist,37,LinkedIn
CAND01236,Arjun Iyer,44,Bangalore,MBA,5,Machine Learning,ML Engineer,36,LinkedIn
CAND01237,Priya Mehta,35,Hyderabad,PhD,8,Deep Learning,Software Engineer,35,Referral
CAND01238,Rohit Iyer,44,Hyderabad,B.Tech,13,DevOps,Product Manager,6,Recruiter Outreach
CAND01239,Priya Patel,22,Gurgaon,M.Sc,9,Data Analysis,DevOps Engineer,22,LinkedIn
CAND01240,Kiran Bose,36,Hyderabad,PhD,11,Data Analysis,Cloud Engineer,33,LinkedIn
CAND01241,Rahul Reddy,31,Hyderabad,MBA,2,DevOps,DevOps Engineer,17,Recruiter Outreach
CAND01242,Neha Mehta,27,Ahmedabad,M.Sc,6,Deep Learning,Cloud Engineer,13,LinkedIn
CAND01243,Sneha Sharma,28,Delhi,MBA,8,Power BI,Software Engineer,26,Referral
CAND01244,Rohit Mehta,34,Ahmedabad,B.Sc,2,NLP,Data Scientist,6,Company Website
CAND01245,Neha Gupta,36,Gurgaon,PhD,5,Data Analysis,Data Analyst,26,LinkedIn
CAND01246,Aditya Nair,24,Kolkata,B.Sc,12,Docker,Data Scientist,21,LinkedIn
CAND01247,Arjun Iyer,35,Pune,B.Sc,13,NodeJS,ML Engineer,29,Company Website
CAND01248,Sanjay Bose,43,Ahmedabad,PhD,12,NLP,Cloud Engineer,29,LinkedIn
CAND01249,Amit Jain,21,Ahmedabad,MBA,14,Python,Data Analyst,24,Company Website
CAND01250,Meera Patel,42,Mumbai,M.Tech,14,Kubernetes,DevOps Engineer,25,Naukri
CAND01251,Sanjay Patel,35,Hyderabad,M.Sc,2,AWS,Data Analyst,6,Referral
CAND01252,Amit Patel,29,Chennai,M.Sc,12,React,Data Analyst,39,Company Website
CAND01253,Kavya Nair,38,Chennai,M.Tech,9,Tableau,Software Engineer,8,Referral
CAND01254,Arjun Patel,35,Gurgaon,M.Sc,12,Cybersecurity,ML Engineer,39,Recruiter Outreach
CAND01255,Sneha Chopra,39,Noida,B.Tech,9,Kubernetes,ML Engineer,39,Naukri
CAND01256,Nisha Das,22,Bangalore,M.Tech,1,Cybersecurity,Cloud Engineer,30,Company Website
CAND01257,Priya Chopra,22,Noida,PhD,8,NodeJS,Product Manager,31,Referral
CAND01258,Meera Kulkarni,36,Ahmedabad,B.Sc,11,Tableau,Data Scientist,7,Recruiter Outreach
CAND01259,Rahul Jain,28,Chennai,B.Sc,1,Data Analysis,Data Analyst,38,Referral
CAND01260,Kavya Sharma,26,Ahmedabad,B.Sc,7,Docker,Data Analyst,23,Naukri
CAND01261,Sneha Mehta,31,Noida,B.Tech,9,Kubernetes,Data Analyst,17,Recruiter Outreach
CAND01262,Amit Reddy,38,Ahmedabad,PhD,6,Docker,ML Engineer,28,Recruiter Outreach
CAND01263,Kavya Jain,25,Ahmedabad,M.Tech,11,AWS,Data Scientist,24,Company Website
CAND01264,Priya Nair,44,Mumbai,M.Sc,1,Data Analysis,ML Engineer,18,Company Website
CAND01265,Aditya Chopra,31,Kolkata,PhD,5,SQL,ML Engineer,16,Company Website
CAND01266,Aditya Iyer,24,Pune,M.Tech,14,Power BI,Data Scientist,10,Naukri
CAND01267,Sanjay Jain,22,Kolkata,B.Sc,7,DevOps,Software Engineer,36,Company Website
CAND01268,Neha Singh,41,Kolkata,B.Tech,2,NodeJS,DevOps Engineer,28,Naukri
CAND01269,Rohit Singh,23,Bangalore,B.Sc,1,Cybersecurity,Product Manager,15,Naukri
CAND01270,Vikram Jain,31,Mumbai,MBA,8,NodeJS,DevOps Engineer,30,Referral
CAND01271,Nisha Mehta,37,Chennai,B.Tech,13,Statistics,ML Engineer,29,Referral
CAND01272,Sanjay Mehta,33,Hyderabad,M.Sc,0,Deep Learning,Software Engineer,10,LinkedIn
CAND01273,Sanjay Nair,27,Delhi,PhD,1,NodeJS,Software Engineer,11,Company Website
CAND01274,Kavya Patel,23,Mumbai,B.Tech,5,Java,ML Engineer,13,LinkedIn
CAND01275,Kiran Reddy,38,Mumbai,PhD,3,Deep Learning,Product Manager,9,LinkedIn
CAND01276,Sneha Iyer,32,Chennai,PhD,1,Python,DevOps Engineer,33,Referral
CAND01277,Nisha Patel,22,Gurgaon,B.Sc,4,Power BI,Data Analyst,11,LinkedIn
CAND01278,Sanjay Bose,25,Hyderabad,PhD,9,SQL,Data Analyst,33,Company Website
CAND01279,Amit Nair,34,Hyderabad,M.Tech,12,Excel,Software Engineer,24,LinkedIn
CAND01280,Ananya Mehta,25,Pune,M.Sc,4,SQL,Software Engineer,9,Naukri
CAND01281,Kiran Mehta,30,Bangalore,M.Sc,10,Python,DevOps Engineer,34,Company Website
CAND01282,Kavya Singh,23,Bangalore,B.Sc,12,Tableau,Product Manager,11,Naukri
CAND01283,Sanjay Nair,40,Bangalore,PhD,0,Power BI,Data Analyst,39,Naukri
CAND01284,Arjun Bose,36,Hyderabad,PhD,12,Power BI,ML Engineer,6,Referral
CAND01285,Sanjay Jain,39,Bangalore,M.Sc,2,Data Analysis,Product Manager,27,Naukri
CAND01286,Meera Mehta,22,Noida,B.Sc,10,Power BI,Software Engineer,16,Company Website
CAND01287,Sanjay Reddy,30,Hyderabad,PhD,11,Python,Data Scientist,24,Naukri
CAND01288,Vikram Singh,27,Gurgaon,B.Sc,12,Tableau,Data Analyst,34,Company Website
CAND01289,Nisha Kulkarni,35,Noida,B.Sc,6,Cloud Architecture,Cloud Engineer,32,Recruiter Outreach
CAND01290,Arjun Singh,40,Noida,M.Tech,9,SQL,ML Engineer,15,Referral
CAND01291,Vikram Verma,26,Delhi,M.Tech,0,SQL,ML Engineer,8,LinkedIn
CAND01292,Neha Kulkarni,39,Ahmedabad,PhD,6,Cybersecurity,Software Engineer,15,Naukri
CAND01293,Neha Reddy,34,Bangalore,MBA,14,AWS,Cloud Engineer,33,Referral
CAND01294,Nisha Reddy,40,Ahmedabad,B.Sc,2,NLP,Product Manager,23,LinkedIn
CAND01295,Priya Mehta,22,Bangalore,M.Sc,2,Cybersecurity,Cloud Engineer,31,Company Website
CAND01296,Rohit Patel,44,Pune,M.Tech,10,Data Analysis,ML Engineer,22,Company Website
CAND01297,Vikram Iyer,31,Kolkata,M.Tech,7,Kubernetes,Cloud Engineer,24,Company Website
CAND01298,Rohit Das,27,Kolkata,B.Tech,6,Docker,Software Engineer,8,Company Website
CAND01299,Nisha Mehta,25,Mumbai,M.Tech,3,Machine Learning,Product Manager,6,Naukri
CAND01300,Pooja Gupta,44,Delhi,B.Sc,2,Cybersecurity,Product Manager,29,Naukri
CAND01301,Sanjay Kulkarni,42,Delhi,M.Sc,11,Kubernetes,Cloud Engineer,12,Referral
CAND01302,Sanjay Das,24,Bangalore,M.Tech,5,Deep Learning,Product Manager,18,Company Website
CAND01303,Rohit Gupta,31,Delhi,MBA,11,Cybersecurity,Data Scientist,18,Recruiter Outreach
CAND01304,Rohit Chopra,38,Noida,M.Tech,6,Kubernetes,DevOps Engineer,27,Recruiter Outreach
CAND01305,Nisha Bose,35,Delhi,M.Sc,5,DevOps,Data Scientist,38,Naukri
CAND01306,Rahul Nair,25,Delhi,B.Sc,3,Cloud Architecture,DevOps Engineer,31,LinkedIn
CAND01307,Priya Verma,29,Kolkata,B.Tech,9,Data Analysis,Software Engineer,27,Recruiter Outreach
CAND01308,Nisha Sharma,29,Bangalore,B.Sc,4,Statistics,Product Manager,34,Naukri
CAND01309,Kiran Jain,27,Noida,MBA,13,Python,Data Analyst,23,Company Website
CAND01310,Pooja Mehta,44,Hyderabad,PhD,6,Data Analysis,Cloud Engineer,10,Referral
CAND01311,Priya Bose,25,Ahmedabad,M.Tech,12,Kubernetes,Software Engineer,22,Recruiter Outreach
CAND01312,Aditya Nair,37,Bangalore,PhD,7,AWS,Data Scientist,39,Recruiter Outreach
CAND01313,Nisha Sharma,42,Kolkata,M.Sc,6,Deep Learning,Cloud Engineer,32,LinkedIn
CAND01314,Ananya Sharma,40,Noida,B.Tech,6,Machine Learning,ML Engineer,17,Naukri
CAND01315,Aditya Verma,40,Bangalore,M.Sc,6,Cybersecurity,Cloud Engineer,17,Naukri
CAND01316,Aditya Kulkarni,24,Gurgaon,M.Sc,7,DevOps,Data Analyst,37,Company Website
CAND01317,Priya Sharma,24,Bangalore,MBA,13,React,Product Manager,9,Referral
CAND01318,Neha Das,39,Bangalore,B.Tech,10,AWS,Software Engineer,37,LinkedIn
CAND01319,Rahul Chopra,38,Hyderabad,MBA,0,Cybersecurity,Software Engineer,29,Referral
CAND01320,Sneha Singh,38,Noida,B.Sc,0,Deep Learning,Cloud Engineer,33,Naukri
CAND01321,Sneha Singh,31,Hyderabad,B.Tech,0,TensorFlow,Cloud Engineer,17,Referral
CAND01322,Kavya Sharma,33,Delhi,MBA,10,SQL,Data Scientist,28,Naukri
CAND01323,Ananya Chopra,21,Delhi,M.Sc,3,Docker,Cloud Engineer,17,Referral
CAND01324,Aditya Reddy,27,Pune,B.Sc,5,Data Analysis,Data Analyst,6,Company Website
CAND01325,Aditya Bose,33,Bangalore,PhD,12,Statistics,Product Manager,21,Naukri
CAND01326,Nisha Mehta,24,Hyderabad,M.Tech,1,Deep Learning,DevOps Engineer,39,LinkedIn
CAND01327,Pooja Kulkarni,24,Bangalore,M.Sc,2,Kubernetes,Cloud Engineer,14,Company Website
CAND01328,Amit Gupta,22,Ahmedabad,MBA,1,Machine Learning,Software Engineer,11,Referral
CAND01329,Kiran Iyer,26,Hyderabad,M.Tech,4,Machine Learning,ML Engineer,37,Referral
CAND01330,Arjun Das,44,Chennai,PhD,1,Power BI,Cloud Engineer,36,Company Website
CAND01331,Rahul Singh,37,Noida,B.Sc,9,Cybersecurity,Data Scientist,34,Referral
CAND01332,Sneha Kulkarni,43,Gurgaon,B.Sc,11,NLP,DevOps Engineer,39,LinkedIn
CAND01333,Sneha Jain,27,Noida,M.Tech,2,React,Product Manager,39,Referral
CAND01334,Priya Jain,35,Delhi,PhD,7,Docker,Product Manager,37,Referral
CAND01335,Sanjay Chopra,42,Ahmedabad,B.Tech,4,TensorFlow,Cloud Engineer,38,Company Website
CAND01336,Pooja Iyer,29,Kolkata,B.Tech,1,Data Analysis,Data Analyst,31,Company Website
CAND01337,Aditya Nair,36,Bangalore,M.Tech,7,Deep Learning,Cloud Engineer,16,LinkedIn
CAND01338,Nisha Bose,37,Pune,B.Sc,10,Statistics,Data Scientist,21,Company Website
CAND01339,Ananya Mehta,40,Hyderabad,B.Tech,3,Data Analysis,Cloud Engineer,18,Company Website
CAND01340,Priya Patel,44,Kolkata,M.Sc,11,Deep Learning,ML Engineer,23,LinkedIn
CAND01341,Arjun Chopra,35,Ahmedabad,M.Tech,14,Cloud Architecture,Cloud Engineer,29,Referral
CAND01342,Rohit Singh,34,Gurgaon,M.Sc,0,Cloud Architecture,Software Engineer,14,Company Website
CAND01343,Sneha Kulkarni,41,Noida,M.Sc,2,Java,Cloud Engineer,6,Naukri
CAND01344,Kiran Jain,37,Bangalore,PhD,4,DevOps,DevOps Engineer,26,Referral
CAND01345,Meera Nair,29,Delhi,M.Tech,12,Kubernetes,Product Manager,39,Company Website
CAND01346,Aditya Mehta,36,Pune,B.Tech,2,NLP,Cloud Engineer,35,Company Website
CAND01347,Aditya Mehta,34,Delhi,M.Sc,7,AWS,Product Manager,6,Naukri
CAND01348,Rahul Mehta,26,Pune,MBA,8,Deep Learning,ML Engineer,26,LinkedIn
CAND01349,Rahul Patel,33,Mumbai,PhD,1,Machine Learning,Software Engineer,24,Company Website
CAND01350,Aditya Chopra,35,Ahmedabad,M.Tech,0,SQL,Data Analyst,20,LinkedIn
CAND01351,Sneha Chopra,42,Kolkata,B.Sc,1,Machine Learning,Data Scientist,28,Recruiter Outreach
CAND01352,Priya Gupta,34,Noida,B.Tech,0,Docker,Data Scientist,20,LinkedIn
CAND01353,Meera Reddy,24,Noida,MBA,7,Cloud Architecture,Data Scientist,37,LinkedIn
CAND01354,Meera Bose,44,Bangalore,B.Tech,14,Tableau,Cloud Engineer,36,Referral
CAND01355,Priya Sharma,34,Delhi,M.Sc,5,Python,Data Analyst,27,Referral
CAND01356,Nisha Kulkarni,27,Gurgaon,B.Sc,3,Power BI,Cloud Engineer,21,Referral
CAND01357,Rohit Singh,39,Delhi,B.Tech,3,NodeJS,Cloud Engineer,26,Recruiter Outreach
CAND01358,Arjun Verma,30,Bangalore,MBA,14,Cloud Architecture,Data Scientist,36,Referral
CAND01359,Ananya Iyer,29,Hyderabad,MBA,14,NodeJS,Cloud Engineer,16,Recruiter Outreach
CAND01360,Kiran Verma,41,Kolkata,M.Sc,9,Excel,ML Engineer,35,LinkedIn
CAND01361,Priya Mehta,41,Bangalore,MBA,6,Kubernetes,Software Engineer,26,Company Website
CAND01362,Sanjay Nair,33,Ahmedabad,MBA,2,Java,Product Manager,8,LinkedIn
CAND01363,Rahul Sharma,29,Gurgaon,M.Sc,13,Power BI,Software Engineer,31,Referral
CAND01364,Ananya Singh,41,Kolkata,B.Sc,0,AWS,Product Manager,12,LinkedIn
CAND01365,Nisha Kulkarni,25,Delhi,M.Sc,2,Python,Data Analyst,23,Referral
CAND01366,Aditya Gupta,38,Bangalore,PhD,10,Python,Data Scientist,38,Naukri
CAND01367,Kavya Patel,35,Mumbai,PhD,2,Cloud Architecture,Cloud Engineer,32,Recruiter Outreach
CAND01368,Ananya Iyer,41,Delhi,PhD,1,Deep Learning,Data Scientist,29,Company Website
CAND01369,Kavya Reddy,31,Hyderabad,M.Sc,8,SQL,DevOps Engineer,8,Company Website
CAND01370,Rahul Patel,40,Pune,B.Sc,0,Docker,Data Analyst,35,Naukri
CAND01371,Rohit Jain,21,Ahmedabad,B.Sc,4,NLP,Data Scientist,17,Referral
CAND01372,Sneha Mehta,39,Ahmedabad,M.Tech,9,TensorFlow,Data Analyst,7,Referral
CAND01373,Sneha Chopra,22,Hyderabad,M.Sc,2,Statistics,Software Engineer,38,LinkedIn
CAND01374,Arjun Jain,36,Noida,M.Sc,11,Cloud Architecture,Data Scientist,12,Company Website
CAND01375,Sneha Patel,25,Chennai,PhD,1,Data Analysis,Data Analyst,16,Company Website
CAND01376,Ananya Verma,44,Chennai,M.Sc,9,DevOps,Data Scientist,10,Naukri
CAND01377,Nisha Bose,39,Noida,MBA,1,NLP,Data Analyst,27,Naukri
CAND01378,Aditya Nair,23,Chennai,M.Tech,10,Deep Learning,ML Engineer,35,Referral
CAND01379,Neha Singh,42,Kolkata,PhD,11,TensorFlow,Cloud Engineer,23,Recruiter Outreach
CAND01380,Rahul Singh,27,Pune,M.Sc,11,React,Product Manager,35,Recruiter Outreach
CAND01381,Neha Sharma,34,Noida,PhD,4,Java,Product Manager,37,Naukri
CAND01382,Sneha Kulkarni,23,Ahmedabad,B.Sc,3,DevOps,Product Manager,35,Company Website
CAND01383,Neha Jain,23,Kolkata,B.Sc,14,Machine Learning,Data Scientist,11,Referral
CAND01384,Kavya Jain,26,Mumbai,B.Tech,10,React,Data Analyst,13,LinkedIn
CAND01385,Kiran Sharma,33,Pune,B.Tech,2,Power BI,ML Engineer,16,Referral
CAND01386,Sneha Verma,34,Noida,M.Sc,0,Python,Data Scientist,27,Recruiter Outreach
CAND01387,Rohit Reddy,41,Ahmedabad,M.Tech,5,Cybersecurity,Software Engineer,35,Naukri
CAND01388,Rohit Bose,24,Kolkata,B.Tech,9,React,Data Analyst,16,Recruiter Outreach
CAND01389,Arjun Sharma,38,Ahmedabad,M.Sc,5,DevOps,Software Engineer,28,Referral
CAND01390,Vikram Jain,21,Pune,B.Sc,12,Kubernetes,Data Scientist,12,Naukri
CAND01391,Sanjay Chopra,27,Delhi,B.Tech,7,Cybersecurity,Software Engineer,24,LinkedIn
CAND01392,Aditya Patel,25,Gurgaon,MBA,14,Statistics,ML Engineer,32,Company Website
CAND01393,Vikram Sharma,23,Noida,MBA,13,TensorFlow,Data Scientist,19,Referral
CAND01394,Amit Chopra,35,Gurgaon,B.Tech,7,Docker,Data Analyst,11,LinkedIn
CAND01395,Aditya Iyer,42,Bangalore,B.Sc,12,Python,Data Scientist,19,Referral
CAND01396,Meera Kulkarni,37,Chennai,MBA,6,Data Analysis,Product Manager,31,Company Website
CAND01397,Priya Bose,41,Chennai,PhD,0,Kubernetes,Cloud Engineer,37,Recruiter Outreach
CAND01398,Pooja Kulkarni,35,Ahmedabad,B.Tech,4,SQL,Product Manager,26,Recruiter Outreach
CAND01399,Meera Mehta,22,Bangalore,PhD,6,SQL,Data Scientist,28,Referral
CAND01400,Sanjay Singh,29,Hyderabad,B.Tech,14,Excel,Data Analyst,20,Naukri
CAND01401,Nisha Sharma,40,Mumbai,M.Sc,12,Statistics,Cloud Engineer,37,Naukri
CAND01402,Rahul Jain,22,Pune,M.Sc,2,Data Analysis,DevOps Engineer,35,Company Website
CAND01403,Vikram Reddy,23,Ahmedabad,MBA,0,Statistics,Software Engineer,39,Company Website
CAND01404,Sanjay Iyer,41,Kolkata,M.Tech,7,Cloud Architecture,Cloud Engineer,35,LinkedIn
CAND01405,Rohit Reddy,22,Bangalore,B.Tech,8,Data Analysis,Software Engineer,24,LinkedIn
CAND01406,Sneha Jain,44,Gurgaon,MBA,11,Deep Learning,Product Manager,38,Naukri
CAND01407,Sneha Patel,39,Delhi,M.Sc,3,Cloud Architecture,Data Scientist,26,Naukri
CAND01408,Kiran Bose,36,Ahmedabad,M.Sc,12,Cybersecurity,DevOps Engineer,26,Recruiter Outreach
CAND01409,Rahul Verma,33,Hyderabad,M.Tech,6,Kubernetes,Data Scientist,28,Recruiter Outreach
CAND01410,Rohit Chopra,23,Ahmedabad,B.Tech,5,TensorFlow,Product Manager,12,LinkedIn
CAND01411,Rahul Jain,30,Hyderabad,B.Sc,6,SQL,Software Engineer,34,Naukri
CAND01412,Ananya Chopra,40,Gurgaon,B.Sc,14,Excel,Data Scientist,18,Naukri
CAND01413,Neha Jain,42,Hyderabad,PhD,5,Kubernetes,Cloud Engineer,28,Naukri
CAND01414,Kiran Patel,31,Noida,M.Sc,8,Java,Product Manager,34,LinkedIn
CAND01415,Aditya Chopra,41,Hyderabad,B.Sc,13,TensorFlow,Product Manager,9,Recruiter Outreach
CAND01416,Vikram Kulkarni,39,Kolkata,B.Sc,0,Docker,Data Analyst,16,LinkedIn
CAND01417,Arjun Kulkarni,22,Noida,B.Sc,8,Data Analysis,Data Scientist,38,Recruiter Outreach
CAND01418,Nisha Bose,35,Bangalore,MBA,10,Deep Learning,ML Engineer,18,Recruiter Outreach
CAND01419,Sneha Jain,35,Ahmedabad,M.Sc,13,Python,Data Scientist,28,Recruiter Outreach
CAND01420,Kavya Verma,34,Gurgaon,M.Tech,0,Docker,Data Scientist,25,LinkedIn
CAND01421,Sanjay Singh,39,Chennai,M.Sc,10,TensorFlow,ML Engineer,35,Naukri
CAND01422,Kavya Singh,42,Pune,PhD,12,Python,Data Analyst,23,LinkedIn
CAND01423,Pooja Mehta,34,Ahmedabad,MBA,5,Power BI,Cloud Engineer,20,Company Website
CAND01424,Vikram Mehta,28,Gurgaon,MBA,11,React,DevOps Engineer,6,Recruiter Outreach
CAND01425,Sneha Mehta,44,Noida,MBA,7,Power BI,ML Engineer,22,Naukri
CAND01426,Priya Patel,44,Kolkata,M.Sc,9,React,DevOps Engineer,25,LinkedIn
CAND01427,Meera Patel,37,Noida,M.Tech,5,NodeJS,ML Engineer,29,Referral
CAND01428,Ananya Das,36,Bangalore,MBA,2,TensorFlow,Data Analyst,32,LinkedIn
CAND01429,Meera Singh,23,Bangalore,B.Sc,12,Kubernetes,Product Manager,32,Naukri
CAND01430,Sneha Jain,30,Mumbai,M.Sc,3,NodeJS,Data Scientist,21,Referral
CAND01431,Pooja Nair,25,Mumbai,M.Tech,2,Data Analysis,Product Manager,8,Recruiter Outreach
CAND01432,Priya Sharma,33,Gurgaon,B.Tech,13,Machine Learning,ML Engineer,14,Referral
CAND01433,Neha Iyer,40,Kolkata,B.Sc,14,Java,DevOps Engineer,19,Referral
CAND01434,Pooja Iyer,26,Pune,B.Sc,9,SQL,ML Engineer,39,Referral
CAND01435,Vikram Jain,44,Delhi,M.Sc,8,Cloud Architecture,ML Engineer,32,Recruiter Outreach
CAND01436,Pooja Gupta,24,Pune,B.Tech,5,Python,Data Analyst,36,Referral
CAND01437,Arjun Kulkarni,23,Chennai,B.Tech,9,Tableau,Software Engineer,39,Recruiter Outreach
CAND01438,Kiran Jain,44,Gurgaon,MBA,9,Kubernetes,Data Analyst,10,Company Website
CAND01439,Pooja Jain,23,Kolkata,B.Sc,7,React,ML Engineer,6,Referral
CAND01440,Amit Gupta,38,Ahmedabad,B.Tech,9,Java,Product Manager,25,Naukri
CAND01441,Ananya Sharma,39,Hyderabad,M.Tech,8,DevOps,DevOps Engineer,15,LinkedIn
CAND01442,Neha Iyer,28,Ahmedabad,MBA,13,Power BI,Cloud Engineer,35,Recruiter Outreach
CAND01443,Aditya Sharma,22,Gurgaon,M.Tech,10,Python,Cloud Engineer,21,Recruiter Outreach
CAND01444,Rahul Iyer,28,Hyderabad,M.Sc,5,SQL,Cloud Engineer,6,Referral
CAND01445,Rahul Kulkarni,22,Hyderabad,B.Tech,9,DevOps,Data Scientist,13,LinkedIn
CAND01446,Neha Bose,37,Pune,PhD,3,Statistics,DevOps Engineer,17,Naukri
CAND01447,Vikram Kulkarni,42,Ahmedabad,M.Tech,3,Cybersecurity,Product Manager,6,Company Website
CAND01448,Kiran Nair,44,Bangalore,MBA,12,Data Analysis,Data Scientist,16,Company Website
CAND01449,Sanjay Iyer,40,Bangalore,PhD,8,Statistics,Data Analyst,24,LinkedIn
CAND01450,Rohit Chopra,39,Chennai,B.Sc,0,NLP,ML Engineer,36,LinkedIn
CAND01451,Pooja Nair,42,Pune,PhD,5,Deep Learning,Cloud Engineer,28,Referral
CAND01452,Kiran Bose,39,Kolkata,B.Tech,14,Cybersecurity,Product Manager,9,Company Website
CAND01453,Ananya Jain,36,Noida,M.Sc,9,Data Analysis,Data Scientist,20,Referral
CAND01454,Rahul Reddy,44,Pune,B.Tech,13,AWS,Cloud Engineer,32,Recruiter Outreach
CAND01455,Priya Patel,28,Pune,B.Sc,8,React,Software Engineer,18,Referral
CAND01456,Kavya Gupta,30,Mumbai,M.Tech,0,Machine Learning,Product Manager,25,Recruiter Outreach
CAND01457,Arjun Singh,42,Ahmedabad,M.Sc,2,Statistics,Data Scientist,39,Recruiter Outreach
CAND01458,Ananya Jain,28,Chennai,B.Tech,1,Machine Learning,ML Engineer,10,Company Website
CAND01459,Pooja Mehta,28,Noida,PhD,11,TensorFlow,Cloud Engineer,22,LinkedIn
CAND01460,Neha Das,24,Pune,MBA,11,NLP,Cloud Engineer,26,LinkedIn
CAND01461,Priya Kulkarni,27,Bangalore,B.Sc,6,Power BI,Data Scientist,33,LinkedIn
CAND01462,Arjun Iyer,35,Delhi,B.Sc,10,NLP,ML Engineer,34,Company Website
CAND01463,Ananya Reddy,42,Bangalore,B.Tech,8,AWS,Software Engineer,15,Company Website
CAND01464,Rahul Verma,24,Noida,M.Tech,11,Python,Data Scientist,21,Recruiter Outreach
CAND01465,Rahul Verma,37,Ahmedabad,M.Sc,10,Machine Learning,Cloud Engineer,34,Recruiter Outreach
CAND01466,Rahul Singh,39,Hyderabad,PhD,6,AWS,DevOps Engineer,34,Referral
CAND01467,Sanjay Gupta,42,Noida,PhD,9,React,Cloud Engineer,34,Referral
CAND01468,Sanjay Das,39,Ahmedabad,B.Sc,4,TensorFlow,Data Analyst,28,Company Website
CAND01469,Aditya Iyer,24,Kolkata,M.Tech,11,Cloud Architecture,DevOps Engineer,15,Company Website
CAND01470,Meera Jain,32,Mumbai,MBA,13,Statistics,DevOps Engineer,18,Referral
CAND01471,Sanjay Iyer,43,Pune,MBA,3,Cybersecurity,DevOps Engineer,28,LinkedIn
CAND01472,Pooja Patel,42,Ahmedabad,MBA,10,Cybersecurity,Data Analyst,14,LinkedIn
CAND01473,Ananya Singh,35,Ahmedabad,MBA,1,Data Analysis,DevOps Engineer,29,Recruiter Outreach
CAND01474,Rohit Kulkarni,44,Hyderabad,PhD,5,Statistics,DevOps Engineer,23,Referral
CAND01475,Amit Kulkarni,37,Delhi,MBA,10,TensorFlow,DevOps Engineer,21,Company Website
CAND01476,Aditya Singh,22,Delhi,B.Tech,4,AWS,Product Manager,18,Recruiter Outreach
CAND01477,Vikram Jain,42,Noida,M.Sc,3,SQL,Software Engineer,32,Recruiter Outreach
CAND01478,Priya Singh,25,Gurgaon,B.Sc,5,Python,Product Manager,21,Naukri
CAND01479,Rohit Singh,30,Hyderabad,MBA,1,Tableau,Data Scientist,16,Company Website
CAND01480,Aditya Mehta,26,Kolkata,B.Sc,9,Kubernetes,Data Analyst,19,LinkedIn
CAND01481,Nisha Sharma,38,Mumbai,PhD,1,Docker,Data Analyst,22,Recruiter Outreach
CAND01482,Meera Nair,21,Mumbai,PhD,4,DevOps,Product Manager,26,Recruiter Outreach
CAND01483,Sneha Gupta,36,Ahmedabad,M.Sc,4,AWS,Data Scientist,39,Referral
CAND01484,Meera Nair,41,Pune,B.Sc,14,React,ML Engineer,17,Referral
CAND01485,Ananya Sharma,39,Ahmedabad,B.Tech,14,Cybersecurity,Data Analyst,12,Company Website
CAND01486,Ananya Jain,28,Bangalore,B.Sc,1,DevOps,Cloud Engineer,39,Naukri
CAND01487,Amit Singh,42,Hyderabad,M.Sc,2,Kubernetes,Data Analyst,11,Company Website
CAND01488,Kavya Bose,29,Mumbai,PhD,10,Docker,DevOps Engineer,36,LinkedIn
CAND01489,Vikram Singh,37,Ahmedabad,M.Sc,4,Java,ML Engineer,10,Referral
CAND01490,Meera Sharma,33,Hyderabad,PhD,9,Kubernetes,Product Manager,18,Company Website
CAND01491,Sanjay Chopra,22,Pune,B.Sc,13,Machine Learning,Cloud Engineer,39,Recruiter Outreach
CAND01492,Meera Verma,21,Chennai,B.Tech,2,Excel,Data Scientist,11,LinkedIn
CAND01493,Meera Das,25,Pune,MBA,14,AWS,DevOps Engineer,11,Company Website
CAND01494,Aditya Mehta,43,Gurgaon,M.Tech,0,Java,Data Scientist,26,LinkedIn
CAND01495,Kavya Nair,43,Mumbai,PhD,3,React,Data Analyst,12,Recruiter Outreach
CAND01496,Sneha Chopra,30,Chennai,M.Sc,7,NLP,DevOps Engineer,6,Referral
CAND01497,Sanjay Nair,44,Hyderabad,MBA,13,AWS,Product Manager,29,Referral
CAND01498,Vikram Reddy,22,Mumbai,MBA,8,Excel,Data Scientist,38,Company Website
CAND01499,Arjun Verma,44,Mumbai,B.Tech,2,Excel,Software Engineer,31,Recruiter Outreach
CAND01500,Sanjay Verma,26,Delhi,B.Tech,3,Excel,DevOps Engineer,38,Naukri
CAND01501,Aditya Jain,21,Hyderabad,M.Tech,11,Java,ML Engineer,23,Referral
CAND01502,Meera Mehta,39,Pune,M.Tech,8,Machine Learning,DevOps Engineer,26,Recruiter Outreach
CAND01503,Ananya Mehta,30,Pune,M.Tech,0,Cybersecurity,ML Engineer,39,Recruiter Outreach
CAND01504,Kiran Chopra,28,Kolkata,PhD,7,SQL,ML Engineer,23,Naukri
CAND01505,Neha Kulkarni,39,Gurgaon,M.Sc,6,Tableau,Data Analyst,7,LinkedIn
CAND01506,Amit Das,28,Noida,B.Sc,0,SQL,DevOps Engineer,14,Recruiter Outreach
CAND01507,Kavya Singh,39,Kolkata,M.Tech,3,AWS,ML Engineer,27,Company Website
CAND01508,Rohit Gupta,25,Mumbai,PhD,14,Kubernetes,Product Manager,35,Naukri
CAND01509,Ananya Das,23,Noida,B.Sc,10,Tableau,Product Manager,26,LinkedIn
CAND01510,Neha Patel,28,Gurgaon,B.Sc,1,Cybersecurity,Data Scientist,19,Recruiter Outreach
CAND01511,Arjun Iyer,35,Bangalore,MBA,0,NLP,Software Engineer,16,Company Website
CAND01512,Neha Nair,26,Delhi,B.Sc,5,Docker,Data Analyst,29,Referral
CAND01513,Priya Das,24,Gurgaon,PhD,6,NLP,Data Analyst,36,Referral
CAND01514,Sneha Bose,38,Noida,M.Sc,6,AWS,ML Engineer,15,Referral
CAND01515,Meera Gupta,32,Bangalore,MBA,10,Java,Data Analyst,24,Recruiter Outreach
CAND01516,Ananya Patel,31,Noida,M.Sc,2,NLP,Product Manager,20,Naukri
CAND01517,Priya Jain,26,Gurgaon,PhD,0,NodeJS,Software Engineer,14,Recruiter Outreach
CAND01518,Sanjay Iyer,21,Mumbai,M.Tech,10,Cybersecurity,ML Engineer,19,Company Website
CAND01519,Vikram Iyer,22,Delhi,PhD,13,NLP,Cloud Engineer,9,Referral
CAND01520,Arjun Reddy,37,Delhi,B.Sc,2,NLP,Data Analyst,24,Naukri
CAND01521,Neha Kulkarni,22,Hyderabad,M.Tech,5,NLP,DevOps Engineer,9,Recruiter Outreach
CAND01522,Sneha Bose,26,Mumbai,PhD,9,NLP,DevOps Engineer,22,Naukri
CAND01523,Meera Das,42,Mumbai,M.Sc,2,TensorFlow,Cloud Engineer,36,Company Website
CAND01524,Rahul Verma,29,Gurgaon,MBA,12,React,Cloud Engineer,10,LinkedIn
CAND01525,Pooja Iyer,38,Kolkata,M.Tech,3,Excel,DevOps Engineer,14,Naukri
CAND01526,Sanjay Mehta,29,Chennai,PhD,7,Tableau,Data Analyst,30,Naukri
CAND01527,Sanjay Singh,43,Ahmedabad,M.Sc,5,AWS,Data Analyst,36,Referral
CAND01528,Sanjay Iyer,40,Ahmedabad,B.Tech,10,Docker,ML Engineer,38,Recruiter Outreach
CAND01529,Arjun Gupta,32,Noida,B.Sc,2,Excel,Data Analyst,10,Referral
CAND01530,Sneha Reddy,37,Delhi,B.Tech,1,TensorFlow,DevOps Engineer,14,Recruiter Outreach
CAND01531,Arjun Patel,30,Ahmedabad,M.Tech,7,NLP,Cloud Engineer,39,LinkedIn
CAND01532,Meera Kulkarni,43,Noida,B.Sc,12,Power BI,Cloud Engineer,23,Naukri
CAND01533,Pooja Verma,29,Ahmedabad,M.Tech,9,Python,Software Engineer,34,Naukri
CAND01534,Rahul Sharma,41,Ahmedabad,B.Sc,11,Tableau,Cloud Engineer,6,Referral
CAND01535,Arjun Singh,35,Pune,MBA,6,DevOps,Data Analyst,9,Naukri
CAND01536,Sneha Das,36,Noida,B.Sc,2,TensorFlow,Software Engineer,12,Recruiter Outreach
CAND01537,Ananya Das,29,Gurgaon,M.Sc,6,Tableau,ML Engineer,8,Naukri
CAND01538,Priya Chopra,40,Kolkata,B.Tech,14,SQL,ML Engineer,36,Naukri
CAND01539,Sneha Singh,38,Hyderabad,M.Sc,11,NodeJS,DevOps Engineer,33,Recruiter Outreach
CAND01540,Kavya Chopra,40,Kolkata,M.Tech,10,Kubernetes,ML Engineer,19,Recruiter Outreach
CAND01541,Vikram Gupta,40,Chennai,B.Tech,4,TensorFlow,Data Scientist,8,LinkedIn
CAND01542,Neha Mehta,24,Hyderabad,MBA,8,AWS,ML Engineer,9,Company Website
CAND01543,Rahul Iyer,42,Pune,M.Tech,9,Python,Product Manager,14,Recruiter Outreach
CAND01544,Sneha Singh,41,Hyderabad,M.Tech,9,Statistics,ML Engineer,30,Recruiter Outreach
CAND01545,Neha Mehta,26,Ahmedabad,MBA,13,React,ML Engineer,33,Recruiter Outreach
CAND01546,Meera Gupta,44,Gurgaon,PhD,10,Cloud Architecture,Software Engineer,24,LinkedIn
CAND01547,Aditya Das,33,Gurgaon,B.Sc,3,SQL,Software Engineer,36,Company Website
CAND01548,Rahul Reddy,28,Kolkata,M.Sc,3,Tableau,Product Manager,37,Recruiter Outreach
CAND01549,Rahul Gupta,26,Bangalore,B.Tech,9,Tableau,ML Engineer,32,Naukri
CAND01550,Neha Patel,29,Noida,B.Tech,12,NLP,Software Engineer,8,LinkedIn
CAND01551,Amit Singh,21,Hyderabad,MBA,14,Cloud Architecture,Software Engineer,36,LinkedIn
CAND01552,Meera Reddy,37,Kolkata,M.Sc,9,Machine Learning,ML Engineer,36,Referral
CAND01553,Pooja Mehta,37,Chennai,PhD,7,Java,Software Engineer,25,Recruiter Outreach
CAND01554,Aditya Gupta,37,Kolkata,B.Tech,12,Deep Learning,ML Engineer,26,LinkedIn
CAND01555,Rohit Das,34,Gurgaon,MBA,14,TensorFlow,Cloud Engineer,32,Company Website
CAND01556,Amit Jain,29,Gurgaon,MBA,0,SQL,Cloud Engineer,26,LinkedIn
CAND01557,Neha Singh,38,Ahmedabad,M.Sc,4,Docker,ML Engineer,17,Recruiter Outreach
CAND01558,Kiran Verma,41,Gurgaon,M.Tech,5,Machine Learning,Data Analyst,29,LinkedIn
CAND01559,Amit Bose,23,Hyderabad,MBA,8,Excel,ML Engineer,32,Referral
CAND01560,Ananya Jain,30,Delhi,PhD,4,Docker,Product Manager,10,LinkedIn
CAND01561,Kavya Nair,44,Chennai,MBA,4,Python,Data Scientist,29,Naukri
CAND01562,Kavya Bose,41,Mumbai,M.Sc,0,Deep Learning,Software Engineer,11,Company Website
CAND01563,Pooja Bose,44,Delhi,B.Sc,0,Docker,Software Engineer,25,Naukri
CAND01564,Rohit Chopra,25,Chennai,B.Sc,6,Python,Software Engineer,9,Naukri
CAND01565,Neha Singh,32,Hyderabad,M.Tech,14,Tableau,Product Manager,39,Company Website
CAND01566,Sanjay Patel,24,Pune,PhD,4,Kubernetes,Data Analyst,28,Naukri
CAND01567,Meera Sharma,41,Delhi,M.Tech,3,Deep Learning,Software Engineer,21,Company Website
CAND01568,Ananya Singh,33,Delhi,PhD,3,Machine Learning,Cloud Engineer,23,Referral
CAND01569,Kavya Singh,26,Pune,PhD,14,Tableau,Cloud Engineer,27,LinkedIn
CAND01570,Kavya Mehta,23,Noida,B.Sc,9,NodeJS,ML Engineer,10,LinkedIn
CAND01571,Kavya Kulkarni,38,Pune,PhD,9,Python,Data Analyst,23,LinkedIn
CAND01572,Sanjay Kulkarni,40,Pune,M.Sc,2,Data Analysis,Software Engineer,30,LinkedIn
CAND01573,Kiran Chopra,42,Chennai,M.Sc,13,TensorFlow,Data Analyst,14,LinkedIn
CAND01574,Nisha Patel,44,Hyderabad,B.Tech,2,Data Analysis,Software Engineer,22,LinkedIn
CAND01575,Meera Gupta,40,Ahmedabad,B.Tech,14,Data Analysis,Cloud Engineer,17,LinkedIn
CAND01576,Sneha Chopra,39,Mumbai,B.Tech,14,NodeJS,Product Manager,11,Company Website
CAND01577,Priya Chopra,40,Hyderabad,B.Tech,8,Tableau,Data Scientist,39,Referral
CAND01578,Sanjay Jain,44,Gurgaon,PhD,13,Excel,Cloud Engineer,26,Naukri
CAND01579,Kiran Bose,32,Bangalore,M.Tech,14,Cybersecurity,Product Manager,19,LinkedIn
CAND01580,Priya Bose,39,Ahmedabad,B.Tech,8,Python,Software Engineer,17,Recruiter Outreach
CAND01581,Rahul Reddy,40,Gurgaon,PhD,11,NodeJS,Data Analyst,29,Referral
CAND01582,Rahul Mehta,23,Ahmedabad,M.Tech,8,Excel,Data Scientist,9,Naukri
CAND01583,Meera Gupta,37,Ahmedabad,M.Sc,7,DevOps,Software Engineer,25,Company Website
CAND01584,Pooja Nair,29,Pune,PhD,5,NodeJS,ML Engineer,13,Recruiter Outreach
CAND01585,Kiran Jain,24,Chennai,B.Sc,9,Statistics,Product Manager,36,Company Website
CAND01586,Arjun Reddy,25,Gurgaon,PhD,4,SQL,Data Scientist,32,Naukri
CAND01587,Nisha Kulkarni,23,Mumbai,PhD,2,Machine Learning,Software Engineer,31,Referral
CAND01588,Ananya Reddy,42,Chennai,B.Tech,4,Statistics,Data Analyst,10,Referral
CAND01589,Sneha Iyer,39,Noida,B.Tech,0,Excel,Product Manager,8,LinkedIn
CAND01590,Sneha Iyer,23,Gurgaon,MBA,14,Cloud Architecture,Cloud Engineer,21,Referral
CAND01591,Meera Sharma,36,Chennai,B.Sc,3,React,Product Manager,18,Company Website
CAND01592,Kiran Jain,36,Kolkata,M.Sc,11,Tableau,Software Engineer,30,Referral
CAND01593,Sanjay Mehta,33,Noida,M.Tech,6,Python,ML Engineer,30,Referral
CAND01594,Amit Chopra,35,Mumbai,M.Tech,5,Java,Data Analyst,19,LinkedIn
CAND01595,Amit Verma,42,Bangalore,M.Tech,3,NodeJS,Software Engineer,11,Referral
CAND01596,Kiran Iyer,33,Ahmedabad,M.Tech,12,Java,Data Scientist,17,LinkedIn
CAND01597,Meera Iyer,36,Mumbai,PhD,7,Python,Cloud Engineer,23,Naukri
CAND01598,Sneha Chopra,34,Pune,MBA,6,Deep Learning,Data Scientist,14,Referral
CAND01599,Nisha Gupta,30,Hyderabad,PhD,9,Statistics,ML Engineer,16,Recruiter Outreach
CAND01600,Aditya Bose,42,Ahmedabad,B.Tech,12,Kubernetes,Product Manager,14,Naukri
CAND01601,Sanjay Patel,30,Gurgaon,B.Tech,9,NodeJS,Cloud Engineer,8,Referral
CAND01602,Vikram Verma,40,Pune,M.Sc,7,React,DevOps Engineer,26,Naukri
CAND01603,Nisha Chopra,35,Hyderabad,M.Tech,13,Docker,Data Scientist,39,Recruiter Outreach
CAND01604,Arjun Gupta,37,Ahmedabad,B.Tech,13,NLP,ML Engineer,38,LinkedIn
CAND01605,Nisha Gupta,39,Bangalore,B.Sc,14,Power BI,ML Engineer,37,Referral
CAND01606,Neha Jain,38,Delhi,B.Tech,1,AWS,DevOps Engineer,28,Naukri
CAND01607,Rohit Gupta,34,Chennai,B.Tech,13,TensorFlow,Data Analyst,31,LinkedIn
CAND01608,Amit Singh,35,Gurgaon,MBA,2,DevOps,Software Engineer,8,Naukri
CAND01609,Nisha Singh,33,Gurgaon,B.Sc,9,NodeJS,Cloud Engineer,12,LinkedIn
CAND01610,Meera Gupta,29,Kolkata,B.Sc,9,Cloud Architecture,Cloud Engineer,30,Recruiter Outreach
CAND01611,Sanjay Das,38,Pune,B.Sc,3,Cloud Architecture,Cloud Engineer,39,Company Website
CAND01612,Ananya Das,42,Chennai,B.Tech,0,React,Data Scientist,36,LinkedIn
CAND01613,Ananya Mehta,37,Noida,M.Tech,14,Cloud Architecture,DevOps Engineer,27,Naukri
CAND01614,Meera Chopra,39,Chennai,MBA,13,Java,ML Engineer,9,Referral
CAND01615,Pooja Iyer,40,Noida,M.Tech,2,Python,ML Engineer,38,Naukri
CAND01616,Kiran Sharma,29,Noida,B.Sc,9,Power BI,Product Manager,16,Naukri
CAND01617,Ananya Kulkarni,22,Hyderabad,M.Tech,2,Java,Software Engineer,7,Recruiter Outreach
CAND01618,Neha Jain,29,Pune,B.Sc,8,Data Analysis,Cloud Engineer,32,LinkedIn
CAND01619,Aditya Sharma,39,Ahmedabad,PhD,4,Machine Learning,ML Engineer,11,Naukri
CAND01620,Sneha Iyer,40,Kolkata,B.Sc,11,TensorFlow,Product Manager,16,Recruiter Outreach
CAND01621,Aditya Kulkarni,33,Kolkata,MBA,8,React,ML Engineer,29,LinkedIn
CAND01622,Meera Chopra,39,Bangalore,MBA,7,Python,ML Engineer,38,Referral
CAND01623,Sanjay Patel,22,Hyderabad,B.Sc,10,Kubernetes,Software Engineer,36,Company Website
CAND01624,Rahul Mehta,36,Hyderabad,M.Sc,7,NodeJS,ML Engineer,11,LinkedIn
CAND01625,Neha Das,37,Mumbai,M.Tech,0,Data Analysis,DevOps Engineer,11,Referral
CAND01626,Rahul Mehta,33,Pune,B.Tech,8,DevOps,ML Engineer,33,Recruiter Outreach
CAND01627,Sneha Iyer,38,Hyderabad,M.Sc,11,TensorFlow,ML Engineer,16,Naukri
CAND01628,Rahul Iyer,32,Ahmedabad,B.Sc,7,TensorFlow,DevOps Engineer,8,LinkedIn
CAND01629,Ananya Mehta,33,Bangalore,B.Tech,2,Java,Data Scientist,25,Recruiter Outreach
CAND01630,Arjun Singh,35,Delhi,B.Sc,0,Power BI,Data Analyst,28,Naukri
CAND01631,Meera Bose,40,Delhi,B.Tech,4,Cybersecurity,DevOps Engineer,39,Naukri
CAND01632,Rohit Nair,26,Hyderabad,B.Sc,11,Power BI,Data Analyst,22,Recruiter Outreach
CAND01633,Meera Verma,28,Ahmedabad,M.Sc,4,Tableau,Data Scientist,33,Referral
CAND01634,Rahul Jain,31,Mumbai,B.Tech,14,Data Analysis,ML Engineer,24,Referral
CAND01635,Rahul Mehta,25,Kolkata,M.Sc,4,Power BI,Product Manager,37,Naukri
CAND01636,Kiran Mehta,29,Gurgaon,B.Tech,6,React,Cloud Engineer,22,Referral
CAND01637,Sneha Bose,29,Hyderabad,M.Tech,11,Python,Software Engineer,28,LinkedIn
CAND01638,Priya Gupta,28,Gurgaon,M.Sc,9,Cybersecurity,Product Manager,38,LinkedIn
CAND01639,Nisha Das,30,Chennai,MBA,0,NodeJS,Data Scientist,35,Referral
CAND01640,Priya Das,33,Ahmedabad,PhD,1,SQL,Data Scientist,19,LinkedIn
CAND01641,Nisha Patel,37,Mumbai,PhD,2,Cybersecurity,Product Manager,23,Naukri
CAND01642,Arjun Singh,28,Mumbai,PhD,13,AWS,DevOps Engineer,26,Recruiter Outreach
CAND01643,Rahul Iyer,41,Delhi,B.Tech,0,Data Analysis,DevOps Engineer,10,Referral
CAND01644,Rahul Iyer,32,Ahmedabad,M.Tech,1,Tableau,Software Engineer,13,LinkedIn
CAND01645,Arjun Singh,38,Mumbai,M.Tech,11,AWS,Cloud Engineer,30,LinkedIn
CAND01646,Sneha Reddy,23,Gurgaon,B.Sc,9,Deep Learning,DevOps Engineer,8,LinkedIn
CAND01647,Sneha Chopra,25,Ahmedabad,MBA,14,Kubernetes,Data Analyst,26,Naukri
CAND01648,Sneha Bose,31,Chennai,M.Sc,3,Kubernetes,Software Engineer,22,Naukri
CAND01649,Rohit Chopra,29,Kolkata,M.Tech,9,Excel,Software Engineer,22,Naukri
CAND01650,Kiran Gupta,32,Gurgaon,M.Tech,2,Tableau,DevOps Engineer,34,Company Website
CAND01651,Ananya Gupta,24,Bangalore,B.Sc,8,Kubernetes,DevOps Engineer,15,Referral
CAND01652,Priya Gupta,32,Kolkata,B.Sc,1,AWS,Cloud Engineer,32,Company Website
CAND01653,Vikram Patel,37,Noida,M.Sc,13,Power BI,Software Engineer,32,Recruiter Outreach
CAND01654,Amit Jain,38,Mumbai,M.Tech,6,TensorFlow,ML Engineer,39,LinkedIn
CAND01655,Rohit Mehta,26,Delhi,B.Sc,3,DevOps,Data Analyst,33,LinkedIn
CAND01656,Aditya Gupta,29,Noida,PhD,14,Excel,DevOps Engineer,23,Referral
CAND01657,Arjun Chopra,33,Kolkata,B.Sc,0,NodeJS,ML Engineer,18,LinkedIn
CAND01658,Kiran Mehta,33,Gurgaon,PhD,11,Cloud Architecture,Data Scientist,32,Recruiter Outreach
CAND01659,Vikram Sharma,40,Chennai,MBA,7,SQL,Software Engineer,37,Recruiter Outreach
CAND01660,Priya Iyer,30,Bangalore,B.Tech,10,Docker,Data Scientist,15,Naukri
CAND01661,Sanjay Nair,37,Pune,M.Sc,3,Cybersecurity,Data Scientist,18,LinkedIn
CAND01662,Arjun Das,42,Mumbai,MBA,13,Java,Product Manager,22,Recruiter Outreach
CAND01663,Rahul Iyer,28,Noida,B.Tech,6,Data Analysis,Cloud Engineer,9,Recruiter Outreach
CAND01664,Arjun Bose,40,Ahmedabad,B.Tech,6,Cybersecurity,Data Scientist,16,Naukri
CAND01665,Ananya Chopra,28,Mumbai,M.Tech,6,Statistics,Software Engineer,11,Company Website
CAND01666,Sneha Chopra,29,Gurgaon,M.Tech,4,TensorFlow,ML Engineer,32,Company Website
CAND01667,Priya Gupta,36,Delhi,M.Sc,4,Kubernetes,Product Manager,22,Naukri
CAND01668,Rohit Sharma,35,Pune,B.Sc,2,Python,Data Analyst,26,Referral
CAND01669,Pooja Bose,34,Bangalore,M.Tech,7,Python,ML Engineer,8,Referral
CAND01670,Rohit Reddy,26,Bangalore,B.Tech,7,Cloud Architecture,DevOps Engineer,25,Referral
CAND01671,Priya Nair,23,Noida,B.Tech,5,NodeJS,Data Analyst,30,Referral
CAND01672,Rohit Das,42,Bangalore,PhD,14,Machine Learning,ML Engineer,29,Company Website
CAND01673,Ananya Patel,41,Kolkata,MBA,1,SQL,Software Engineer,33,Recruiter Outreach
CAND01674,Priya Das,42,Hyderabad,B.Tech,13,SQL,Data Scientist,9,LinkedIn
CAND01675,Rahul Jain,33,Pune,M.Sc,13,DevOps,DevOps Engineer,24,LinkedIn
CAND01676,Priya Das,42,Mumbai,PhD,0,Cybersecurity,Product Manager,22,Naukri
CAND01677,Nisha Singh,32,Chennai,B.Tech,10,Statistics,Cloud Engineer,36,Company Website
CAND01678,Amit Bose,22,Chennai,PhD,3,SQL,Software Engineer,29,Naukri
CAND01679,Rahul Kulkarni,25,Gurgaon,M.Sc,0,React,Data Analyst,38,Recruiter Outreach
CAND01680,Nisha Das,27,Chennai,M.Tech,12,Statistics,Data Scientist,6,Company Website
CAND01681,Amit Chopra,30,Pune,M.Sc,1,AWS,Software Engineer,21,Company Website
CAND01682,Rahul Das,43,Bangalore,MBA,4,Cybersecurity,Data Scientist,29,Naukri
CAND01683,Ananya Reddy,28,Delhi,B.Sc,1,Kubernetes,Cloud Engineer,9,LinkedIn
CAND01684,Arjun Patel,35,Hyderabad,B.Tech,2,Python,Product Manager,28,LinkedIn
CAND01685,Nisha Gupta,27,Noida,M.Tech,0,Power BI,ML Engineer,13,Company Website
CAND01686,Vikram Kulkarni,36,Ahmedabad,M.Sc,12,NLP,DevOps Engineer,8,Referral
CAND01687,Kiran Kulkarni,34,Hyderabad,M.Sc,0,Java,DevOps Engineer,28,Company Website
CAND01688,Rohit Nair,24,Delhi,B.Tech,11,Docker,Software Engineer,20,Referral
CAND01689,Pooja Mehta,32,Kolkata,M.Tech,2,Statistics,Cloud Engineer,19,LinkedIn
CAND01690,Pooja Chopra,23,Bangalore,B.Sc,13,Java,DevOps Engineer,17,Company Website
CAND01691,Nisha Bose,42,Delhi,PhD,12,Data Analysis,ML Engineer,29,Recruiter Outreach
CAND01692,Sanjay Gupta,37,Hyderabad,M.Sc,9,React,Cloud Engineer,27,Naukri
CAND01693,Sanjay Das,43,Noida,M.Sc,12,Data Analysis,DevOps Engineer,28,LinkedIn
CAND01694,Vikram Verma,42,Gurgaon,MBA,4,SQL,Software Engineer,32,Naukri
CAND01695,Vikram Kulkarni,26,Pune,B.Tech,11,Machine Learning,Cloud Engineer,26,Recruiter Outreach
CAND01696,Sanjay Iyer,37,Pune,M.Sc,3,Python,DevOps Engineer,8,Referral
CAND01697,Neha Chopra,23,Mumbai,M.Sc,9,TensorFlow,Data Scientist,11,LinkedIn
CAND01698,Kavya Jain,44,Mumbai,MBA,13,Tableau,ML Engineer,39,Company Website
CAND01699,Amit Das,39,Mumbai,B.Sc,10,Statistics,Software Engineer,15,Referral
CAND01700,Pooja Bose,37,Gurgaon,M.Tech,4,React,Data Scientist,20,LinkedIn
CAND01701,Rahul Jain,44,Ahmedabad,MBA,11,Data Analysis,Software Engineer,18,Company Website
CAND01702,Arjun Reddy,41,Chennai,M.Tech,13,Statistics,Data Analyst,39,Referral
CAND01703,Neha Nair,41,Kolkata,MBA,13,NLP,Cloud Engineer,34,LinkedIn
CAND01704,Kiran Singh,23,Gurgaon,B.Tech,11,Machine Learning,ML Engineer,22,LinkedIn
CAND01705,Priya Jain,21,Kolkata,B.Sc,10,Cloud Architecture,Data Analyst,29,LinkedIn
CAND01706,Sneha Patel,44,Gurgaon,M.Tech,11,Docker,DevOps Engineer,24,LinkedIn
CAND01707,Ananya Mehta,27,Pune,M.Sc,11,Power BI,Data Analyst,27,LinkedIn
CAND01708,Ananya Bose,31,Delhi,B.Sc,2,Docker,Product Manager,38,Referral
CAND01709,Priya Gupta,22,Delhi,PhD,12,TensorFlow,Software Engineer,28,Recruiter Outreach
CAND01710,Rohit Chopra,35,Noida,M.Tech,2,NLP,Software Engineer,9,Referral
CAND01711,Ananya Mehta,40,Gurgaon,M.Tech,8,Statistics,Data Scientist,23,LinkedIn
CAND01712,Ananya Jain,41,Pune,M.Tech,5,Statistics,Software Engineer,33,Recruiter Outreach
CAND01713,Kavya Bose,34,Noida,B.Sc,3,Cybersecurity,Data Scientist,7,Company Website
CAND01714,Sanjay Reddy,36,Kolkata,B.Tech,4,Machine Learning,Product Manager,18,Recruiter Outreach
CAND01715,Sneha Das,33,Pune,M.Sc,1,Java,ML Engineer,12,Naukri
CAND01716,Sneha Reddy,31,Chennai,M.Sc,6,SQL,Cloud Engineer,30,Naukri
CAND01717,Sneha Nair,34,Kolkata,M.Sc,6,NodeJS,Data Scientist,10,Naukri
CAND01718,Vikram Verma,43,Mumbai,B.Tech,6,Excel,ML Engineer,27,LinkedIn
CAND01719,Aditya Chopra,27,Pune,MBA,1,TensorFlow,Data Scientist,8,Referral
CAND01720,Nisha Sharma,32,Kolkata,B.Sc,9,Python,Software Engineer,37,Naukri
CAND01721,Kavya Gupta,35,Pune,MBA,2,Excel,DevOps Engineer,16,Referral
CAND01722,Aditya Verma,34,Gurgaon,MBA,12,NLP,Software Engineer,19,Recruiter Outreach
CAND01723,Neha Kulkarni,21,Ahmedabad,M.Sc,0,DevOps,DevOps Engineer,32,Recruiter Outreach
CAND01724,Ananya Singh,27,Chennai,PhD,0,SQL,Cloud Engineer,18,Naukri
CAND01725,Kavya Sharma,36,Chennai,M.Tech,4,Power BI,Data Scientist,9,Company Website
CAND01726,Kavya Reddy,37,Chennai,M.Tech,6,DevOps,Software Engineer,36,Referral
CAND01727,Pooja Bose,38,Hyderabad,M.Tech,14,TensorFlow,DevOps Engineer,9,Recruiter Outreach
CAND01728,Sanjay Sharma,44,Hyderabad,MBA,7,Statistics,Data Analyst,22,Company Website
CAND01729,Pooja Mehta,37,Delhi,B.Sc,5,React,ML Engineer,10,Company Website
CAND01730,Arjun Jain,34,Kolkata,M.Sc,12,Machine Learning,ML Engineer,29,Naukri
CAND01731,Pooja Sharma,28,Ahmedabad,M.Tech,3,Java,Software Engineer,15,Recruiter Outreach
CAND01732,Neha Das,29,Kolkata,M.Tech,13,Power BI,DevOps Engineer,37,Naukri
CAND01733,Rohit Gupta,40,Pune,B.Tech,6,Tableau,Product Manager,12,Recruiter Outreach
CAND01734,Rohit Bose,32,Hyderabad,B.Tech,4,AWS,Software Engineer,28,Company Website
CAND01735,Sneha Das,38,Gurgaon,B.Tech,4,Python,Data Analyst,6,Naukri
CAND01736,Meera Bose,23,Delhi,M.Tech,0,React,Software Engineer,9,Referral
CAND01737,Vikram Gupta,24,Hyderabad,M.Sc,10,Excel,Data Scientist,15,Recruiter Outreach
CAND01738,Rohit Kulkarni,26,Hyderabad,M.Sc,8,SQL,Software Engineer,36,LinkedIn
CAND01739,Arjun Das,25,Pune,PhD,9,Statistics,Software Engineer,39,LinkedIn
CAND01740,Sanjay Gupta,35,Hyderabad,B.Sc,9,Excel,ML Engineer,26,LinkedIn
CAND01741,Sanjay Gupta,36,Chennai,MBA,0,Deep Learning,DevOps Engineer,17,LinkedIn
CAND01742,Arjun Sharma,34,Chennai,PhD,13,Tableau,ML Engineer,16,Referral
CAND01743,Neha Jain,27,Delhi,B.Tech,7,TensorFlow,ML Engineer,13,Naukri
CAND01744,Kavya Verma,34,Bangalore,B.Sc,10,Cloud Architecture,Software Engineer,17,Referral
CAND01745,Priya Nair,23,Bangalore,M.Sc,0,Java,Product Manager,22,Naukri
CAND01746,Neha Das,32,Kolkata,B.Sc,11,React,DevOps Engineer,29,Naukri
CAND01747,Aditya Kulkarni,24,Chennai,M.Tech,10,React,Software Engineer,13,Naukri
CAND01748,Priya Singh,22,Bangalore,B.Sc,5,DevOps,Cloud Engineer,7,LinkedIn
CAND01749,Priya Singh,24,Noida,PhD,14,TensorFlow,Data Scientist,25,Naukri
CAND01750,Amit Nair,23,Delhi,M.Tech,9,NodeJS,Software Engineer,14,Referral
CAND01751,Vikram Iyer,32,Delhi,B.Sc,13,React,Data Analyst,19,Naukri
CAND01752,Amit Bose,34,Bangalore,B.Tech,12,Excel,Data Analyst,30,LinkedIn
CAND01753,Pooja Chopra,35,Gurgaon,M.Tech,3,DevOps,DevOps Engineer,36,Recruiter Outreach
CAND01754,Amit Reddy,31,Pune,M.Sc,14,Statistics,DevOps Engineer,24,Company Website
CAND01755,Nisha Nair,25,Kolkata,MBA,11,TensorFlow,Data Analyst,37,Referral
CAND01756,Rahul Patel,21,Chennai,M.Tech,2,TensorFlow,Product Manager,15,Referral
CAND01757,Vikram Jain,38,Chennai,MBA,11,Kubernetes,Product Manager,30,Referral
CAND01758,Rahul Bose,44,Hyderabad,B.Tech,6,TensorFlow,Data Analyst,39,Recruiter Outreach
CAND01759,Kiran Bose,27,Chennai,M.Sc,12,Cybersecurity,Product Manager,13,Company Website
CAND01760,Pooja Reddy,25,Noida,PhD,2,Deep Learning,DevOps Engineer,31,Naukri
CAND01761,Pooja Iyer,28,Chennai,B.Tech,3,Python,Data Scientist,22,Company Website
CAND01762,Vikram Iyer,26,Pune,M.Tech,5,TensorFlow,Data Scientist,35,LinkedIn
CAND01763,Rahul Patel,26,Delhi,PhD,6,Power BI,Data Scientist,16,Recruiter Outreach
CAND01764,Rahul Patel,32,Bangalore,PhD,9,DevOps,ML Engineer,38,Naukri
CAND01765,Arjun Sharma,39,Pune,M.Sc,3,NLP,Software Engineer,33,Referral
CAND01766,Amit Jain,38,Kolkata,M.Sc,10,Excel,Data Scientist,29,Company Website
CAND01767,Priya Patel,44,Hyderabad,PhD,0,Cloud Architecture,DevOps Engineer,6,LinkedIn
CAND01768,Amit Patel,29,Delhi,MBA,4,AWS,Software Engineer,8,Naukri
CAND01769,Rohit Chopra,32,Pune,PhD,9,React,DevOps Engineer,28,Recruiter Outreach
CAND01770,Meera Nair,30,Hyderabad,PhD,3,Data Analysis,Data Analyst,22,Company Website
CAND01771,Priya Das,22,Hyderabad,M.Tech,6,Kubernetes,ML Engineer,16,LinkedIn
CAND01772,Amit Nair,30,Pune,B.Tech,9,Tableau,DevOps Engineer,34,Naukri
CAND01773,Arjun Bose,27,Ahmedabad,B.Sc,3,Statistics,Product Manager,22,Company Website
CAND01774,Vikram Nair,32,Hyderabad,M.Sc,14,Tableau,Software Engineer,21,Naukri
CAND01775,Kavya Kulkarni,24,Delhi,PhD,12,Java,Software Engineer,16,Referral
CAND01776,Nisha Verma,38,Delhi,B.Tech,14,NodeJS,Data Analyst,39,Company Website
CAND01777,Arjun Singh,41,Chennai,MBA,7,TensorFlow,Cloud Engineer,18,Naukri
CAND01778,Meera Reddy,44,Delhi,M.Sc,5,DevOps,Data Analyst,14,Recruiter Outreach
CAND01779,Rahul Singh,23,Delhi,B.Tech,14,SQL,Cloud Engineer,28,Recruiter Outreach
CAND01780,Priya Iyer,23,Mumbai,M.Sc,10,TensorFlow,Data Scientist,7,Recruiter Outreach
CAND01781,Arjun Chopra,44,Noida,M.Tech,11,Data Analysis,Data Scientist,26,Naukri
CAND01782,Sanjay Gupta,41,Pune,B.Tech,2,Cloud Architecture,Software Engineer,25,Company Website
CAND01783,Arjun Iyer,35,Chennai,M.Tech,13,Kubernetes,ML Engineer,14,LinkedIn
CAND01784,Sanjay Gupta,28,Hyderabad,M.Sc,7,TensorFlow,Data Scientist,32,Company Website
CAND01785,Sanjay Chopra,33,Chennai,PhD,11,Data Analysis,ML Engineer,7,Company Website
CAND01786,Meera Reddy,33,Mumbai,B.Tech,12,Kubernetes,ML Engineer,39,Company Website
CAND01787,Nisha Verma,41,Gurgaon,MBA,1,React,Product Manager,35,LinkedIn
CAND01788,Kiran Chopra,33,Chennai,M.Tech,1,Machine Learning,Cloud Engineer,11,Naukri
CAND01789,Aditya Patel,21,Mumbai,M.Sc,0,Cybersecurity,Software Engineer,22,Referral
CAND01790,Aditya Das,37,Mumbai,M.Sc,9,SQL,Product Manager,12,Recruiter Outreach
CAND01791,Sneha Reddy,39,Delhi,PhD,13,Cloud Architecture,Cloud Engineer,27,Naukri
CAND01792,Sanjay Gupta,28,Noida,MBA,0,SQL,ML Engineer,17,Company Website
CAND01793,Kavya Verma,23,Delhi,M.Tech,2,Machine Learning,Data Analyst,22,Naukri
CAND01794,Kiran Bose,24,Gurgaon,M.Tech,7,Tableau,Product Manager,38,LinkedIn
CAND01795,Priya Reddy,41,Gurgaon,M.Sc,5,Machine Learning,Data Analyst,27,Company Website
CAND01796,Nisha Kulkarni,31,Kolkata,MBA,1,Java,Software Engineer,35,Company Website
CAND01797,Sneha Reddy,33,Ahmedabad,B.Tech,9,Java,Product Manager,27,Referral
CAND01798,Neha Kulkarni,44,Kolkata,PhD,13,NLP,DevOps Engineer,22,Company Website
CAND01799,Vikram Nair,22,Gurgaon,B.Tech,3,Tableau,Data Analyst,6,Referral
CAND01800,Kavya Nair,25,Chennai,PhD,0,Python,Product Manager,9,Company Website
CAND01801,Rahul Nair,40,Delhi,B.Tech,3,SQL,Cloud Engineer,24,Referral
CAND01802,Aditya Patel,33,Noida,B.Sc,2,Kubernetes,Software Engineer,23,Company Website
CAND01803,Neha Verma,21,Pune,M.Tech,6,Data Analysis,Software Engineer,23,Recruiter Outreach
CAND01804,Ananya Verma,37,Noida,M.Sc,1,Cybersecurity,Data Scientist,34,Naukri
CAND01805,Rohit Verma,24,Delhi,MBA,5,Cloud Architecture,Data Scientist,9,LinkedIn
CAND01806,Ananya Patel,39,Delhi,MBA,1,Python,Product Manager,28,Company Website
CAND01807,Sanjay Singh,40,Kolkata,MBA,10,Statistics,Data Scientist,31,Recruiter Outreach
CAND01808,Amit Mehta,40,Noida,PhD,7,React,Cloud Engineer,27,Company Website
CAND01809,Arjun Patel,32,Ahmedabad,M.Tech,1,Cloud Architecture,ML Engineer,14,Referral
CAND01810,Nisha Gupta,27,Ahmedabad,M.Tech,0,Tableau,Data Analyst,19,Naukri
CAND01811,Neha Singh,42,Kolkata,B.Tech,7,Python,Cloud Engineer,7,Referral
CAND01812,Pooja Das,34,Bangalore,M.Sc,8,DevOps,Product Manager,12,Company Website
CAND01813,Sanjay Gupta,36,Pune,M.Sc,2,Docker,Software Engineer,33,Company Website
CAND01814,Pooja Chopra,24,Bangalore,B.Sc,4,Python,Product Manager,26,Company Website
CAND01815,Kavya Kulkarni,35,Gurgaon,B.Tech,9,Machine Learning,Data Analyst,35,Referral
CAND01816,Amit Das,34,Kolkata,M.Sc,7,Deep Learning,Product Manager,29,LinkedIn
CAND01817,Nisha Singh,28,Kolkata,M.Sc,1,Excel,Data Scientist,14,Company Website
CAND01818,Rohit Singh,39,Noida,PhD,5,Power BI,ML Engineer,33,Referral
CAND01819,Priya Nair,24,Noida,PhD,2,Power BI,DevOps Engineer,29,Recruiter Outreach
CAND01820,Meera Bose,38,Ahmedabad,M.Tech,13,DevOps,DevOps Engineer,12,LinkedIn
CAND01821,Aditya Singh,44,Noida,M.Sc,12,Statistics,Cloud Engineer,6,Recruiter Outreach
CAND01822,Nisha Kulkarni,34,Pune,MBA,4,React,Software Engineer,31,Company Website
CAND01823,Kiran Nair,23,Delhi,B.Sc,3,Kubernetes,DevOps Engineer,30,Naukri
CAND01824,Nisha Das,34,Hyderabad,M.Tech,2,DevOps,DevOps Engineer,9,Recruiter Outreach
CAND01825,Priya Patel,33,Noida,B.Sc,11,NLP,Product Manager,21,Company Website
CAND01826,Arjun Kulkarni,34,Noida,PhD,13,Docker,Data Scientist,37,LinkedIn
CAND01827,Kiran Singh,27,Bangalore,B.Sc,4,Kubernetes,Data Scientist,32,Referral
CAND01828,Rohit Bose,36,Bangalore,PhD,9,NLP,DevOps Engineer,33,Recruiter Outreach
CAND01829,Neha Singh,27,Mumbai,PhD,3,TensorFlow,Data Scientist,19,Company Website
CAND01830,Rohit Singh,34,Bangalore,B.Tech,13,Deep Learning,ML Engineer,10,LinkedIn
CAND01831,Nisha Jain,35,Kolkata,PhD,4,Java,Data Analyst,17,LinkedIn
CAND01832,Rohit Singh,36,Noida,M.Sc,1,Data Analysis,ML Engineer,29,Recruiter Outreach
CAND01833,Ananya Iyer,40,Ahmedabad,MBA,13,Cloud Architecture,ML Engineer,34,LinkedIn
CAND01834,Arjun Gupta,42,Ahmedabad,B.Sc,14,Excel,Software Engineer,27,Recruiter Outreach
CAND01835,Rahul Patel,39,Kolkata,B.Sc,5,Deep Learning,DevOps Engineer,7,Naukri
CAND01836,Ananya Sharma,40,Pune,M.Sc,13,DevOps,Software Engineer,26,Recruiter Outreach
CAND01837,Kiran Singh,41,Hyderabad,M.Sc,3,Machine Learning,Cloud Engineer,12,Referral
CAND01838,Neha Das,26,Mumbai,B.Tech,4,Machine Learning,ML Engineer,26,Referral
CAND01839,Rohit Das,28,Mumbai,B.Tech,8,DevOps,Data Scientist,20,Company Website
CAND01840,Meera Sharma,33,Bangalore,M.Tech,9,Data Analysis,ML Engineer,24,LinkedIn
CAND01841,Sneha Kulkarni,32,Bangalore,B.Sc,5,Python,Product Manager,26,LinkedIn
CAND01842,Nisha Iyer,37,Mumbai,PhD,11,Power BI,ML Engineer,27,Company Website
CAND01843,Priya Jain,21,Kolkata,B.Sc,11,NodeJS,Data Scientist,6,LinkedIn
CAND01844,Nisha Iyer,24,Delhi,B.Tech,1,Cybersecurity,Software Engineer,38,Recruiter Outreach
CAND01845,Arjun Nair,38,Noida,M.Sc,14,Java,DevOps Engineer,25,Company Website
CAND01846,Sneha Reddy,40,Noida,MBA,2,NLP,Software Engineer,23,Company Website
CAND01847,Arjun Nair,28,Ahmedabad,MBA,7,Kubernetes,Software Engineer,18,Naukri
CAND01848,Vikram Mehta,28,Pune,M.Sc,6,React,Data Scientist,9,Company Website
CAND01849,Vikram Das,34,Hyderabad,M.Tech,6,Kubernetes,DevOps Engineer,27,Recruiter Outreach
CAND01850,Rahul Gupta,32,Hyderabad,B.Sc,1,Data Analysis,ML Engineer,18,LinkedIn
CAND01851,Sneha Bose,25,Delhi,M.Tech,5,DevOps,Data Scientist,36,Referral
CAND01852,Nisha Kulkarni,33,Delhi,MBA,0,Java,Cloud Engineer,28,Company Website
CAND01853,Rahul Das,40,Gurgaon,B.Sc,14,Cloud Architecture,Product Manager,20,LinkedIn
CAND01854,Kavya Chopra,38,Delhi,B.Sc,2,Statistics,DevOps Engineer,7,Referral
CAND01855,Neha Jain,40,Bangalore,PhD,7,React,Product Manager,24,LinkedIn
CAND01856,Sanjay Gupta,36,Delhi,M.Tech,3,Power BI,Software Engineer,34,LinkedIn
CAND01857,Meera Reddy,42,Ahmedabad,PhD,2,Excel,Data Analyst,21,Naukri
CAND01858,Neha Gupta,26,Delhi,M.Sc,5,Power BI,Software Engineer,28,Company Website
CAND01859,Kiran Gupta,22,Delhi,MBA,14,Machine Learning,Data Analyst,10,LinkedIn
CAND01860,Kiran Nair,23,Pune,B.Tech,7,Deep Learning,Product Manager,19,Recruiter Outreach
CAND01861,Sanjay Jain,44,Mumbai,M.Tech,14,Kubernetes,DevOps Engineer,32,Company Website
CAND01862,Amit Jain,36,Bangalore,B.Sc,12,Docker,Data Scientist,20,Company Website
CAND01863,Priya Kulkarni,26,Mumbai,M.Sc,6,Tableau,DevOps Engineer,36,LinkedIn
CAND01864,Neha Nair,41,Chennai,B.Sc,13,Tableau,Software Engineer,19,Naukri
CAND01865,Meera Bose,28,Kolkata,M.Sc,5,Java,Data Analyst,33,Recruiter Outreach
CAND01866,Arjun Jain,35,Chennai,B.Tech,7,DevOps,Data Analyst,27,Referral
CAND01867,Neha Iyer,26,Noida,B.Sc,10,TensorFlow,DevOps Engineer,38,Naukri
CAND01868,Arjun Kulkarni,23,Kolkata,PhD,8,Deep Learning,Product Manager,24,Naukri
CAND01869,Kiran Chopra,27,Gurgaon,MBA,12,Data Analysis,Product Manager,21,Company Website
CAND01870,Sneha Reddy,26,Noida,PhD,2,Kubernetes,Product Manager,18,Recruiter Outreach
CAND01871,Nisha Singh,34,Gurgaon,B.Tech,7,Python,DevOps Engineer,28,LinkedIn
CAND01872,Sneha Jain,21,Bangalore,PhD,9,SQL,ML Engineer,39,LinkedIn
CAND01873,Kavya Jain,26,Chennai,M.Sc,4,Statistics,ML Engineer,11,LinkedIn
CAND01874,Aditya Bose,34,Hyderabad,B.Sc,13,Machine Learning,Cloud Engineer,37,Referral
CAND01875,Ananya Chopra,30,Gurgaon,B.Sc,4,Docker,Product Manager,39,Referral
CAND01876,Nisha Gupta,36,Chennai,PhD,4,DevOps,Data Scientist,32,Recruiter Outreach
CAND01877,Amit Reddy,36,Ahmedabad,MBA,4,NodeJS,ML Engineer,25,Naukri
CAND01878,Kiran Kulkarni,44,Pune,B.Tech,10,NLP,DevOps Engineer,35,Company Website
CAND01879,Priya Kulkarni,41,Pune,PhD,1,Machine Learning,ML Engineer,14,Naukri
CAND01880,Rahul Kulkarni,26,Gurgaon,B.Tech,2,NodeJS,Data Scientist,27,Recruiter Outreach
CAND01881,Ananya Nair,37,Gurgaon,B.Sc,11,Power BI,Product Manager,33,Referral
CAND01882,Arjun Mehta,36,Noida,M.Tech,3,TensorFlow,Data Scientist,33,Company Website
CAND01883,Kiran Das,35,Hyderabad,PhD,1,Kubernetes,ML Engineer,25,Referral
CAND01884,Sanjay Reddy,40,Mumbai,PhD,3,Python,Product Manager,19,Referral
CAND01885,Arjun Reddy,24,Hyderabad,MBA,5,NLP,Data Scientist,38,Recruiter Outreach
CAND01886,Rohit Patel,30,Chennai,B.Sc,0,NodeJS,Cloud Engineer,28,LinkedIn
CAND01887,Arjun Iyer,40,Chennai,MBA,12,NodeJS,Data Analyst,32,Referral
CAND01888,Rohit Chopra,42,Ahmedabad,MBA,1,NodeJS,Data Analyst,27,Referral
CAND01889,Nisha Singh,21,Kolkata,PhD,6,Deep Learning,Cloud Engineer,35,LinkedIn
CAND01890,Amit Gupta,32,Gurgaon,M.Tech,3,Deep Learning,Data Scientist,22,Company Website
CAND01891,Priya Das,27,Mumbai,PhD,4,Deep Learning,Data Scientist,24,Referral
CAND01892,Nisha Kulkarni,25,Pune,B.Sc,0,React,ML Engineer,33,Naukri
CAND01893,Rahul Sharma,22,Chennai,PhD,14,Python,Data Analyst,23,Referral
CAND01894,Nisha Reddy,33,Noida,B.Sc,14,Cloud Architecture,Product Manager,14,Recruiter Outreach
CAND01895,Priya Iyer,37,Noida,M.Sc,1,NLP,Data Scientist,31,Naukri
CAND01896,Vikram Verma,33,Bangalore,MBA,2,Tableau,Software Engineer,18,Company Website
CAND01897,Aditya Gupta,29,Pune,MBA,13,Deep Learning,Data Analyst,9,Company Website
CAND01898,Kiran Sharma,39,Hyderabad,M.Tech,6,Power BI,ML Engineer,18,Recruiter Outreach
CAND01899,Amit Sharma,36,Gurgaon,M.Tech,0,Cybersecurity,Software Engineer,7,Company Website
CAND01900,Aditya Nair,42,Ahmedabad,B.Tech,2,Machine Learning,ML Engineer,35,Recruiter Outreach
CAND01901,Sanjay Sharma,29,Ahmedabad,MBA,6,Docker,Data Scientist,39,Company Website
CAND01902,Amit Chopra,26,Delhi,PhD,8,Java,Data Analyst,15,LinkedIn
CAND01903,Priya Iyer,31,Mumbai,PhD,9,Machine Learning,Product Manager,37,LinkedIn
CAND01904,Rohit Nair,33,Ahmedabad,M.Sc,2,React,Software Engineer,30,Company Website
CAND01905,Sneha Singh,31,Pune,MBA,5,Docker,DevOps Engineer,38,LinkedIn
CAND01906,Kiran Singh,40,Bangalore,B.Sc,3,Kubernetes,DevOps Engineer,11,LinkedIn
CAND01907,Arjun Patel,22,Ahmedabad,M.Sc,8,Deep Learning,Cloud Engineer,8,Company Website
CAND01908,Kavya Chopra,33,Delhi,B.Tech,4,Deep Learning,Cloud Engineer,37,Referral
CAND01909,Kiran Bose,31,Pune,PhD,3,Power BI,Product Manager,15,Referral
CAND01910,Rahul Sharma,26,Delhi,PhD,12,SQL,Cloud Engineer,26,LinkedIn
CAND01911,Rohit Iyer,36,Mumbai,PhD,8,DevOps,Product Manager,36,Referral
CAND01912,Ananya Bose,40,Hyderabad,B.Tech,7,NLP,Product Manager,17,Recruiter Outreach
CAND01913,Neha Kulkarni,34,Ahmedabad,PhD,2,NodeJS,Cloud Engineer,9,Naukri
CAND01914,Kiran Iyer,23,Bangalore,B.Sc,1,Machine Learning,Data Analyst,32,Recruiter Outreach
CAND01915,Aditya Iyer,22,Kolkata,B.Sc,11,React,Software Engineer,21,Company Website
CAND01916,Sanjay Verma,31,Delhi,M.Tech,14,Deep Learning,Data Analyst,6,Referral
CAND01917,Rahul Das,37,Noida,MBA,8,NLP,Cloud Engineer,17,LinkedIn
CAND01918,Sneha Nair,28,Gurgaon,MBA,0,Power BI,Cloud Engineer,24,Recruiter Outreach
CAND01919,Nisha Jain,28,Delhi,PhD,7,SQL,Data Analyst,35,Recruiter Outreach
CAND01920,Pooja Singh,41,Mumbai,MBA,4,SQL,Data Scientist,13,LinkedIn
CAND01921,Rohit Reddy,21,Ahmedabad,M.Tech,0,Cybersecurity,ML Engineer,23,Referral
CAND01922,Aditya Singh,22,Chennai,PhD,2,Data Analysis,DevOps Engineer,12,Company Website
CAND01923,Sanjay Mehta,24,Noida,M.Tech,7,Docker,Software Engineer,15,Recruiter Outreach
CAND01924,Meera Gupta,44,Delhi,PhD,6,Kubernetes,Data Analyst,14,Recruiter Outreach
CAND01925,Meera Sharma,32,Noida,PhD,8,Kubernetes,Software Engineer,23,Referral
CAND01926,Priya Reddy,24,Hyderabad,M.Tech,10,Kubernetes,Data Scientist,28,Recruiter Outreach
CAND01927,Kavya Verma,28,Kolkata,M.Sc,3,TensorFlow,Data Analyst,9,Company Website
CAND01928,Neha Sharma,44,Bangalore,M.Sc,4,Kubernetes,Data Analyst,8,Naukri
CAND01929,Neha Singh,37,Noida,B.Sc,10,Data Analysis,Cloud Engineer,30,Referral
CAND01930,Rohit Verma,26,Delhi,M.Sc,2,NLP,Data Scientist,15,Recruiter Outreach
CAND01931,Sneha Nair,26,Delhi,B.Tech,1,Cloud Architecture,Data Analyst,27,Recruiter Outreach
CAND01932,Kiran Das,22,Mumbai,B.Sc,12,Power BI,Cloud Engineer,8,Recruiter Outreach
CAND01933,Rohit Chopra,39,Hyderabad,B.Sc,3,Docker,ML Engineer,26,Naukri
CAND01934,Sneha Verma,24,Mumbai,B.Sc,1,Cloud Architecture,Software Engineer,36,Referral
CAND01935,Amit Patel,27,Delhi,PhD,11,Deep Learning,Data Scientist,20,Recruiter Outreach
CAND01936,Pooja Singh,29,Noida,M.Sc,7,Deep Learning,DevOps Engineer,25,Referral
CAND01937,Ananya Nair,35,Delhi,B.Sc,2,Java,Cloud Engineer,16,Company Website
CAND01938,Meera Gupta,35,Gurgaon,MBA,12,Java,Data Analyst,15,Naukri
CAND01939,Rahul Sharma,40,Hyderabad,MBA,3,Kubernetes,Software Engineer,8,Naukri
CAND01940,Pooja Gupta,28,Hyderabad,B.Tech,10,AWS,Cloud Engineer,22,Referral
CAND01941,Ananya Singh,30,Chennai,B.Sc,9,NLP,Data Analyst,38,Referral
CAND01942,Rahul Mehta,30,Bangalore,M.Tech,12,Deep Learning,Software Engineer,9,Company Website
CAND01943,Priya Iyer,22,Kolkata,PhD,10,React,Cloud Engineer,20,Referral
CAND01944,Rahul Chopra,38,Kolkata,M.Sc,10,Java,ML Engineer,34,Company Website
CAND01945,Ananya Bose,33,Chennai,PhD,0,NodeJS,Cloud Engineer,22,Recruiter Outreach
CAND01946,Arjun Iyer,32,Gurgaon,PhD,14,Statistics,ML Engineer,31,LinkedIn
CAND01947,Ananya Jain,44,Mumbai,MBA,1,Tableau,Data Analyst,18,Recruiter Outreach
CAND01948,Rohit Sharma,25,Pune,MBA,3,Tableau,ML Engineer,26,LinkedIn
CAND01949,Vikram Bose,44,Bangalore,B.Sc,6,AWS,DevOps Engineer,39,LinkedIn
CAND01950,Rohit Jain,37,Hyderabad,MBA,4,Java,Data Analyst,26,Recruiter Outreach
CAND01951,Rohit Sharma,26,Bangalore,M.Tech,8,Kubernetes,ML Engineer,33,Referral
CAND01952,Pooja Das,37,Delhi,M.Sc,0,Excel,Cloud Engineer,29,Company Website
CAND01953,Meera Jain,39,Gurgaon,MBA,6,Tableau,Product Manager,9,LinkedIn
CAND01954,Sneha Bose,29,Chennai,PhD,5,Python,Data Scientist,11,LinkedIn
CAND01955,Sneha Jain,29,Chennai,M.Tech,9,DevOps,Data Analyst,26,Referral
CAND01956,Sneha Kulkarni,41,Mumbai,MBA,7,Data Analysis,Cloud Engineer,17,Naukri
CAND01957,Sanjay Patel,24,Bangalore,B.Sc,11,Java,Cloud Engineer,22,Referral
CAND01958,Priya Chopra,21,Kolkata,PhD,2,Cybersecurity,ML Engineer,22,Referral
CAND01959,Amit Nair,36,Kolkata,B.Sc,14,TensorFlow,Data Scientist,32,Recruiter Outreach
CAND01960,Nisha Nair,42,Pune,B.Tech,5,AWS,Data Analyst,39,LinkedIn
CAND01961,Kavya Mehta,33,Mumbai,MBA,5,Python,DevOps Engineer,39,LinkedIn
CAND01962,Kiran Nair,24,Kolkata,PhD,8,TensorFlow,Software Engineer,8,LinkedIn
CAND01963,Rohit Iyer,33,Pune,M.Tech,2,Deep Learning,Software Engineer,31,Recruiter Outreach
CAND01964,Kiran Das,27,Delhi,MBA,12,Deep Learning,Data Analyst,30,Naukri
CAND01965,Meera Patel,40,Kolkata,B.Tech,3,NodeJS,Data Analyst,35,Recruiter Outreach
CAND01966,Meera Das,35,Gurgaon,M.Sc,13,Data Analysis,Data Analyst,20,Recruiter Outreach
CAND01967,Rahul Chopra,29,Delhi,B.Tech,2,Java,DevOps Engineer,23,Referral
CAND01968,Rohit Singh,35,Hyderabad,MBA,12,React,Product Manager,21,Company Website
CAND01969,Meera Kulkarni,37,Gurgaon,M.Sc,5,NLP,Cloud Engineer,18,Naukri
CAND01970,Rohit Reddy,37,Noida,PhD,9,DevOps,Data Scientist,14,Naukri
CAND01971,Aditya Jain,29,Kolkata,M.Tech,13,Machine Learning,Software Engineer,27,Naukri
CAND01972,Rahul Das,34,Delhi,M.Tech,1,Statistics,Data Scientist,6,Company Website
CAND01973,Amit Mehta,22,Ahmedabad,B.Tech,5,NodeJS,Product Manager,31,Referral
CAND01974,Nisha Iyer,30,Gurgaon,MBA,14,Deep Learning,DevOps Engineer,34,LinkedIn
CAND01975,Arjun Gupta,30,Mumbai,PhD,2,Docker,ML Engineer,13,Company Website
CAND01976,Meera Singh,33,Bangalore,M.Tech,1,Statistics,Cloud Engineer,13,Recruiter Outreach
CAND01977,Ananya Jain,43,Gurgaon,M.Tech,7,Java,Data Analyst,23,Naukri
CAND01978,Rohit Das,43,Pune,MBA,0,Cloud Architecture,Data Scientist,34,LinkedIn
CAND01979,Priya Gupta,32,Gurgaon,PhD,14,Tableau,ML Engineer,9,LinkedIn
CAND01980,Nisha Bose,36,Hyderabad,B.Sc,13,Statistics,Cloud Engineer,20,Naukri
CAND01981,Kiran Mehta,23,Bangalore,B.Sc,2,Deep Learning,Software Engineer,13,Recruiter Outreach
CAND01982,Sneha Chopra,32,Delhi,M.Sc,2,NodeJS,Data Analyst,34,Company Website
CAND01983,Sanjay Gupta,37,Ahmedabad,M.Sc,11,TensorFlow,Product Manager,35,Referral
CAND01984,Ananya Nair,37,Kolkata,B.Sc,7,Data Analysis,Software Engineer,8,Company Website
CAND01985,Kavya Bose,44,Chennai,B.Sc,12,SQL,Data Scientist,10,LinkedIn
CAND01986,Priya Gupta,32,Mumbai,B.Sc,14,Excel,Data Scientist,11,Naukri
CAND01987,Priya Verma,42,Kolkata,M.Tech,6,Docker,Product Manager,33,Recruiter Outreach
CAND01988,Kiran Jain,44,Kolkata,MBA,3,Kubernetes,DevOps Engineer,36,Company Website
CAND01989,Rohit Iyer,34,Noida,PhD,9,Tableau,Software Engineer,18,LinkedIn
CAND01990,Kavya Patel,23,Noida,B.Tech,9,Statistics,Data Scientist,11,Referral
CAND01991,Kiran Verma,30,Delhi,M.Sc,6,Docker,DevOps Engineer,28,LinkedIn
CAND01992,Pooja Reddy,39,Mumbai,B.Sc,4,Kubernetes,Data Scientist,36,Naukri
CAND01993,Vikram Sharma,34,Pune,MBA,3,TensorFlow,Data Scientist,36,Referral
CAND01994,Arjun Singh,43,Pune,B.Tech,7,Statistics,DevOps Engineer,21,Recruiter Outreach
CAND01995,Sanjay Das,40,Ahmedabad,M.Sc,6,Data Analysis,DevOps Engineer,32,Referral
CAND01996,Rahul Gupta,22,Mumbai,B.Tech,6,NLP,Data Analyst,38,LinkedIn
CAND01997,Rohit Reddy,41,Delhi,B.Sc,1,NodeJS,Product Manager,34,Naukri
CAND01998,Amit Chopra,29,Hyderabad,B.Tech,13,AWS,ML Engineer,22,Company Website
CAND01999,Meera Kulkarni,40,Mumbai,PhD,10,Power BI,Data Analyst,14,Company Website
CAND02000,Neha Chopra,33,Ahmedabad,M.Tech,13,React,Software Engineer,18,Recruiter Outreach
CAND02001,Amit Singh,31,Mumbai,M.Sc,12,React,Software Engineer,18,Referral
CAND02002,Sanjay Jain,22,Kolkata,B.Sc,9,Statistics,ML Engineer,39,Naukri
CAND02003,Vikram Verma,23,Gurgaon,B.Tech,4,Excel,Cloud Engineer,30,Naukri
CAND02004,Sneha Patel,35,Gurgaon,M.Sc,9,Cybersecurity,DevOps Engineer,35,LinkedIn
CAND02005,Neha Bose,34,Pune,PhD,8,Deep Learning,DevOps Engineer,32,LinkedIn
CAND02006,Meera Singh,34,Kolkata,M.Tech,13,Statistics,Data Scientist,22,Company Website
CAND02007,Vikram Patel,24,Delhi,PhD,3,Java,Data Scientist,32,Referral
CAND02008,Vikram Iyer,33,Chennai,M.Sc,0,Cybersecurity,Cloud Engineer,27,Company Website
CAND02009,Rahul Verma,22,Noida,M.Sc,1,SQL,DevOps Engineer,31,Recruiter Outreach
CAND02010,Rahul Sharma,24,Hyderabad,MBA,2,DevOps,Data Scientist,16,Referral
CAND02011,Rohit Reddy,32,Bangalore,B.Tech,9,TensorFlow,DevOps Engineer,13,Company Website
CAND02012,Kavya Patel,35,Bangalore,MBA,2,Cloud Architecture,Product Manager,12,Referral
CAND02013,Sneha Singh,36,Delhi,M.Sc,2,Cybersecurity,Cloud Engineer,15,Company Website
CAND02014,Meera Mehta,44,Noida,B.Sc,5,Tableau,ML Engineer,39,LinkedIn
CAND02015,Rohit Kulkarni,41,Bangalore,B.Sc,11,Deep Learning,Software Engineer,38,Referral
CAND02016,Vikram Gupta,30,Bangalore,M.Sc,6,TensorFlow,Cloud Engineer,10,Naukri
CAND02017,Arjun Sharma,39,Ahmedabad,MBA,4,AWS,Software Engineer,24,Naukri
CAND02018,Kiran Nair,23,Delhi,B.Tech,4,Cloud Architecture,Cloud Engineer,37,LinkedIn
CAND02019,Vikram Mehta,41,Kolkata,PhD,12,NodeJS,Product Manager,31,Recruiter Outreach
CAND02020,Neha Verma,30,Hyderabad,B.Sc,6,NodeJS,Software Engineer,26,LinkedIn
CAND02021,Sanjay Patel,39,Bangalore,B.Sc,5,Excel,DevOps Engineer,26,Recruiter Outreach
CAND02022,Arjun Sharma,44,Bangalore,B.Sc,11,Power BI,Data Analyst,17,Referral
CAND02023,Kavya Gupta,37,Delhi,PhD,5,Power BI,Data Analyst,37,Company Website
CAND02024,Neha Singh,43,Gurgaon,M.Sc,5,Kubernetes,Data Scientist,8,Company Website
CAND02025,Neha Mehta,21,Delhi,M.Sc,11,NodeJS,Product Manager,35,Naukri
CAND02026,Sanjay Chopra,25,Bangalore,M.Sc,4,Machine Learning,Data Analyst,35,Naukri
CAND02027,Amit Mehta,36,Ahmedabad,M.Tech,7,Deep Learning,ML Engineer,14,LinkedIn
CAND02028,Pooja Kulkarni,33,Delhi,M.Sc,9,Python,DevOps Engineer,23,Recruiter Outreach
CAND02029,Sneha Nair,23,Hyderabad,PhD,3,AWS,Software Engineer,36,LinkedIn
CAND02030,Rahul Sharma,38,Mumbai,M.Tech,1,React,Cloud Engineer,22,Company Website
CAND02031,Kiran Kulkarni,22,Delhi,B.Sc,12,Deep Learning,Cloud Engineer,16,LinkedIn
CAND02032,Sanjay Reddy,44,Noida,M.Sc,4,NodeJS,Software Engineer,8,Company Website
CAND02033,Pooja Mehta,24,Ahmedabad,B.Sc,5,Python,DevOps Engineer,20,Referral
CAND02034,Meera Patel,31,Bangalore,PhD,8,DevOps,Data Scientist,15,Naukri
CAND02035,Priya Das,40,Pune,MBA,1,React,Product Manager,34,LinkedIn
CAND02036,Pooja Jain,33,Ahmedabad,M.Tech,0,React,Data Analyst,35,Referral
CAND02037,Neha Sharma,38,Delhi,B.Tech,6,NodeJS,DevOps Engineer,17,Naukri
CAND02038,Nisha Nair,37,Mumbai,PhD,14,Excel,DevOps Engineer,13,Company Website
CAND02039,Sneha Das,43,Pune,M.Sc,8,TensorFlow,Software Engineer,15,Naukri
CAND02040,Aditya Gupta,32,Chennai,B.Sc,8,NodeJS,DevOps Engineer,19,Referral
CAND02041,Sanjay Chopra,44,Noida,MBA,9,Machine Learning,Software Engineer,28,Naukri
CAND02042,Rohit Nair,33,Bangalore,MBA,12,Statistics,DevOps Engineer,11,Referral
CAND02043,Vikram Jain,42,Hyderabad,PhD,12,NodeJS,Data Scientist,39,Naukri
CAND02044,Nisha Jain,38,Gurgaon,M.Sc,0,Data Analysis,ML Engineer,29,Naukri
CAND02045,Meera Sharma,24,Ahmedabad,PhD,8,Statistics,Product Manager,10,Referral
CAND02046,Neha Singh,36,Chennai,M.Sc,8,Deep Learning,Cloud Engineer,16,Referral
CAND02047,Nisha Kulkarni,42,Chennai,M.Sc,3,Kubernetes,Data Scientist,29,Naukri
CAND02048,Rohit Iyer,24,Hyderabad,B.Sc,14,React,ML Engineer,23,Naukri
CAND02049,Sanjay Reddy,41,Pune,M.Tech,3,TensorFlow,Data Analyst,23,Recruiter Outreach
CAND02050,Priya Jain,23,Mumbai,B.Sc,12,Docker,Data Scientist,7,Naukri
CAND02051,Sneha Sharma,41,Kolkata,M.Sc,1,TensorFlow,Software Engineer,19,Naukri
CAND02052,Priya Singh,39,Mumbai,B.Sc,9,NLP,Software Engineer,26,Naukri
CAND02053,Priya Chopra,24,Kolkata,B.Tech,11,Cloud Architecture,Data Scientist,31,Recruiter Outreach
CAND02054,Rohit Reddy,38,Bangalore,PhD,7,Deep Learning,Software Engineer,21,Referral
CAND02055,Amit Singh,23,Noida,M.Sc,1,TensorFlow,Software Engineer,24,Referral
CAND02056,Rahul Jain,34,Ahmedabad,MBA,1,Cybersecurity,Data Scientist,13,Referral
CAND02057,Vikram Singh,43,Gurgaon,MBA,9,Kubernetes,DevOps Engineer,33,Company Website
CAND02058,Amit Patel,25,Gurgaon,B.Tech,12,Java,ML Engineer,29,Company Website
CAND02059,Sneha Sharma,25,Bangalore,PhD,8,Tableau,Data Scientist,31,Naukri
CAND02060,Meera Jain,31,Delhi,M.Tech,1,SQL,Data Scientist,28,Referral
CAND02061,Nisha Gupta,29,Noida,MBA,11,Statistics,Product Manager,39,Company Website
CAND02062,Sanjay Kulkarni,22,Chennai,MBA,6,Excel,Data Scientist,35,Referral
CAND02063,Amit Patel,31,Mumbai,M.Tech,1,Cloud Architecture,Product Manager,33,Recruiter Outreach
CAND02064,Rohit Mehta,27,Ahmedabad,B.Sc,5,Statistics,ML Engineer,17,Company Website
CAND02065,Amit Jain,23,Pune,PhD,3,SQL,Data Scientist,8,Naukri
CAND02066,Meera Kulkarni,27,Ahmedabad,PhD,14,Cybersecurity,Data Analyst,6,Referral
CAND02067,Nisha Jain,21,Ahmedabad,B.Sc,13,Data Analysis,Product Manager,32,Company Website
CAND02068,Nisha Gupta,42,Mumbai,B.Tech,1,SQL,Data Scientist,36,Company Website
CAND02069,Aditya Kulkarni,44,Gurgaon,PhD,8,NLP,Software Engineer,28,Recruiter Outreach
CAND02070,Meera Bose,29,Noida,M.Tech,0,AWS,Cloud Engineer,30,Company Website
CAND02071,Rahul Singh,42,Bangalore,PhD,6,DevOps,Data Scientist,9,Company Website
CAND02072,Rahul Gupta,32,Kolkata,MBA,2,React,ML Engineer,25,LinkedIn
CAND02073,Arjun Chopra,42,Pune,B.Sc,11,Deep Learning,Software Engineer,26,LinkedIn
CAND02074,Pooja Mehta,25,Bangalore,MBA,1,NLP,Cloud Engineer,11,Company Website
CAND02075,Neha Kulkarni,27,Ahmedabad,MBA,13,Data Analysis,Cloud Engineer,31,LinkedIn
CAND02076,Aditya Jain,38,Gurgaon,B.Tech,3,NodeJS,DevOps Engineer,17,Recruiter Outreach
CAND02077,Sneha Iyer,26,Pune,B.Sc,3,AWS,DevOps Engineer,12,Recruiter Outreach
CAND02078,Meera Reddy,40,Pune,MBA,13,Python,Data Scientist,29,Naukri
CAND02079,Sneha Sharma,31,Bangalore,PhD,13,Java,ML Engineer,20,Company Website
CAND02080,Arjun Mehta,30,Mumbai,MBA,1,Java,Product Manager,24,Naukri
CAND02081,Ananya Iyer,31,Pune,PhD,1,TensorFlow,Cloud Engineer,24,Recruiter Outreach
CAND02082,Meera Verma,40,Delhi,M.Tech,12,AWS,ML Engineer,27,LinkedIn
CAND02083,Kavya Iyer,21,Mumbai,M.Tech,14,Tableau,DevOps Engineer,20,Referral
CAND02084,Rohit Verma,39,Bangalore,B.Tech,7,Cybersecurity,Cloud Engineer,33,Company Website
CAND02085,Neha Gupta,39,Hyderabad,M.Sc,2,Machine Learning,Cloud Engineer,35,Company Website
CAND02086,Rohit Reddy,40,Ahmedabad,B.Tech,2,Python,Product Manager,22,Referral
CAND02087,Arjun Reddy,44,Ahmedabad,M.Tech,3,NLP,Data Analyst,11,Recruiter Outreach
CAND02088,Vikram Das,39,Kolkata,PhD,10,Deep Learning,Data Scientist,15,Naukri
CAND02089,Kavya Singh,33,Hyderabad,B.Sc,1,Cybersecurity,Cloud Engineer,32,Recruiter Outreach
CAND02090,Kiran Mehta,32,Delhi,B.Sc,9,Cloud Architecture,Data Scientist,14,Referral
CAND02091,Priya Chopra,30,Delhi,M.Sc,12,Kubernetes,DevOps Engineer,32,Company Website
CAND02092,Amit Nair,40,Kolkata,M.Sc,2,Statistics,Cloud Engineer,28,Referral
CAND02093,Vikram Iyer,30,Gurgaon,PhD,14,Tableau,Data Scientist,21,LinkedIn
CAND02094,Amit Bose,34,Ahmedabad,B.Sc,14,Deep Learning,Cloud Engineer,10,Company Website
CAND02095,Arjun Reddy,23,Delhi,MBA,4,Data Analysis,Cloud Engineer,24,Company Website
CAND02096,Meera Sharma,28,Ahmedabad,B.Tech,1,SQL,DevOps Engineer,29,Referral
CAND02097,Ananya Singh,27,Gurgaon,MBA,4,Statistics,Software Engineer,11,Company Website
CAND02098,Rohit Patel,31,Gurgaon,M.Sc,3,Kubernetes,ML Engineer,34,Recruiter Outreach
CAND02099,Nisha Gupta,33,Noida,M.Tech,4,Cybersecurity,DevOps Engineer,12,Referral
CAND02100,Kiran Das,38,Hyderabad,M.Sc,13,NLP,ML Engineer,20,Naukri
CAND02101,Neha Patel,31,Noida,B.Tech,2,NodeJS,DevOps Engineer,24,Referral
CAND02102,Vikram Chopra,24,Hyderabad,B.Tech,4,Data Analysis,ML Engineer,31,Naukri
CAND02103,Aditya Jain,34,Noida,MBA,11,Power BI,Software Engineer,13,Recruiter Outreach
CAND02104,Sneha Nair,22,Bangalore,M.Tech,0,React,Data Analyst,17,Company Website
CAND02105,Rahul Verma,41,Gurgaon,PhD,0,TensorFlow,ML Engineer,33,LinkedIn
CAND02106,Arjun Verma,39,Delhi,MBA,4,Docker,Cloud Engineer,17,Company Website
CAND02107,Kiran Jain,26,Gurgaon,MBA,14,NodeJS,DevOps Engineer,26,Naukri
CAND02108,Kavya Reddy,27,Bangalore,MBA,12,Docker,Data Scientist,19,LinkedIn
CAND02109,Rohit Iyer,21,Gurgaon,M.Tech,13,Power BI,Cloud Engineer,7,Company Website
CAND02110,Priya Kulkarni,29,Kolkata,PhD,12,Statistics,Cloud Engineer,23,Referral
CAND02111,Pooja Kulkarni,21,Pune,M.Sc,1,TensorFlow,Cloud Engineer,18,Recruiter Outreach
CAND02112,Sanjay Iyer,43,Hyderabad,B.Tech,6,Data Analysis,DevOps Engineer,15,Recruiter Outreach
CAND02113,Kavya Nair,24,Noida,M.Tech,7,DevOps,DevOps Engineer,35,Company Website
CAND02114,Neha Sharma,36,Kolkata,B.Tech,2,Tableau,Software Engineer,32,Company Website
CAND02115,Priya Bose,34,Gurgaon,M.Tech,14,NodeJS,ML Engineer,15,Referral
CAND02116,Ananya Gupta,26,Chennai,B.Sc,9,AWS,ML Engineer,23,LinkedIn
CAND02117,Vikram Sharma,40,Bangalore,PhD,12,Cybersecurity,Software Engineer,30,LinkedIn
CAND02118,Nisha Patel,23,Ahmedabad,MBA,3,DevOps,Software Engineer,7,Naukri
CAND02119,Sanjay Gupta,42,Kolkata,B.Tech,10,Power BI,Cloud Engineer,9,Referral
CAND02120,Neha Gupta,38,Kolkata,B.Tech,1,NodeJS,Data Analyst,24,Recruiter Outreach
CAND02121,Pooja Sharma,36,Hyderabad,MBA,0,AWS,Software Engineer,37,Referral
CAND02122,Neha Gupta,42,Chennai,M.Tech,9,Cybersecurity,Cloud Engineer,37,Referral
CAND02123,Vikram Iyer,30,Bangalore,B.Sc,1,Machine Learning,Cloud Engineer,21,Recruiter Outreach
CAND02124,Aditya Mehta,27,Ahmedabad,B.Tech,4,NodeJS,Product Manager,29,Recruiter Outreach
CAND02125,Arjun Mehta,24,Kolkata,M.Tech,11,Docker,Software Engineer,22,Referral
CAND02126,Nisha Reddy,43,Pune,B.Sc,7,Tableau,ML Engineer,36,LinkedIn
CAND02127,Neha Reddy,30,Bangalore,M.Tech,5,Excel,Data Scientist,25,LinkedIn
CAND02128,Neha Patel,40,Delhi,MBA,4,NodeJS,ML Engineer,36,Naukri
CAND02129,Ananya Sharma,28,Chennai,M.Tech,10,Data Analysis,DevOps Engineer,18,Recruiter Outreach
CAND02130,Sneha Iyer,43,Chennai,B.Tech,14,Python,Cloud Engineer,37,Referral
CAND02131,Vikram Das,41,Hyderabad,MBA,11,Statistics,DevOps Engineer,30,LinkedIn
CAND02132,Ananya Jain,28,Noida,M.Tech,5,Power BI,Product Manager,32,Referral
CAND02133,Neha Bose,32,Kolkata,PhD,6,Machine Learning,DevOps Engineer,6,LinkedIn
CAND02134,Amit Kulkarni,40,Ahmedabad,PhD,1,Deep Learning,Product Manager,33,Naukri
CAND02135,Sanjay Kulkarni,26,Chennai,MBA,2,Cloud Architecture,ML Engineer,11,Naukri
CAND02136,Aditya Reddy,21,Kolkata,M.Tech,4,Data Analysis,Software Engineer,37,Company Website
CAND02137,Amit Das,27,Noida,MBA,5,NLP,Cloud Engineer,12,LinkedIn
CAND02138,Priya Das,35,Pune,B.Sc,14,Tableau,DevOps Engineer,34,Naukri
CAND02139,Meera Chopra,24,Gurgaon,MBA,13,Python,Data Analyst,27,LinkedIn
CAND02140,Kavya Bose,29,Hyderabad,M.Sc,1,Docker,Product Manager,19,Naukri
CAND02141,Rahul Singh,43,Noida,PhD,4,Python,Cloud Engineer,36,Recruiter Outreach
CAND02142,Priya Das,22,Gurgaon,MBA,0,Cloud Architecture,Software Engineer,19,Company Website
CAND02143,Meera Chopra,22,Ahmedabad,B.Tech,0,Power BI,DevOps Engineer,8,Recruiter Outreach
CAND02144,Sanjay Reddy,31,Ahmedabad,B.Tech,5,Deep Learning,Software Engineer,8,LinkedIn
CAND02145,Priya Jain,21,Kolkata,PhD,14,Tableau,Software Engineer,34,Company Website
CAND02146,Kavya Patel,21,Delhi,MBA,2,Machine Learning,Cloud Engineer,19,Recruiter Outreach
CAND02147,Aditya Jain,25,Chennai,M.Tech,10,Data Analysis,DevOps Engineer,33,Company Website
CAND02148,Kavya Das,23,Chennai,B.Sc,5,SQL,Data Scientist,6,Company Website
CAND02149,Amit Patel,40,Ahmedabad,PhD,8,React,DevOps Engineer,8,LinkedIn
CAND02150,Vikram Verma,23,Bangalore,MBA,13,TensorFlow,DevOps Engineer,39,Company Website
CAND02151,Rahul Sharma,33,Delhi,M.Tech,12,Tableau,Data Analyst,10,Recruiter Outreach
CAND02152,Kiran Das,37,Noida,PhD,12,Java,Software Engineer,29,Referral
CAND02153,Meera Chopra,36,Mumbai,B.Tech,6,Java,DevOps Engineer,17,Naukri
CAND02154,Sanjay Nair,36,Noida,PhD,0,Cloud Architecture,Product Manager,23,Naukri
CAND02155,Rohit Chopra,29,Bangalore,B.Sc,14,Data Analysis,Data Scientist,9,LinkedIn
CAND02156,Neha Patel,42,Bangalore,B.Tech,14,NLP,DevOps Engineer,15,LinkedIn
CAND02157,Sanjay Gupta,22,Noida,M.Tech,12,SQL,Product Manager,31,Referral
CAND02158,Nisha Mehta,23,Mumbai,M.Sc,7,React,Software Engineer,24,LinkedIn
CAND02159,Pooja Sharma,41,Pune,M.Sc,4,Java,Software Engineer,23,Naukri
CAND02160,Kiran Singh,22,Chennai,M.Tech,2,Statistics,ML Engineer,38,LinkedIn
CAND02161,Kavya Gupta,25,Delhi,B.Sc,5,Deep Learning,ML Engineer,19,LinkedIn
CAND02162,Nisha Mehta,25,Pune,PhD,5,Java,Software Engineer,33,Company Website
CAND02163,Pooja Mehta,21,Hyderabad,M.Sc,4,NodeJS,Cloud Engineer,30,Referral
CAND02164,Amit Bose,23,Hyderabad,M.Sc,14,Excel,ML Engineer,21,Referral
CAND02165,Rahul Gupta,34,Delhi,M.Tech,9,React,ML Engineer,15,Referral
CAND02166,Pooja Bose,36,Hyderabad,B.Sc,3,Python,Product Manager,18,Naukri
CAND02167,Aditya Mehta,22,Mumbai,M.Sc,9,DevOps,Product Manager,35,Naukri
CAND02168,Sanjay Reddy,43,Delhi,B.Tech,10,Data Analysis,ML Engineer,16,LinkedIn
CAND02169,Meera Kulkarni,23,Kolkata,M.Tech,7,Cybersecurity,Software Engineer,28,LinkedIn
CAND02170,Amit Mehta,37,Delhi,PhD,14,Statistics,Software Engineer,10,Naukri
CAND02171,Kavya Gupta,40,Hyderabad,PhD,14,AWS,Software Engineer,17,Naukri
CAND02172,Neha Kulkarni,33,Chennai,M.Tech,6,Data Analysis,ML Engineer,37,Company Website
CAND02173,Amit Iyer,32,Pune,M.Sc,7,Data Analysis,Data Scientist,24,LinkedIn
CAND02174,Sanjay Reddy,23,Bangalore,B.Sc,3,React,DevOps Engineer,33,LinkedIn
CAND02175,Ananya Kulkarni,26,Chennai,B.Sc,11,Python,Data Scientist,14,Naukri
CAND02176,Rohit Mehta,41,Delhi,B.Sc,13,SQL,DevOps Engineer,31,Recruiter Outreach
CAND02177,Kavya Chopra,29,Chennai,PhD,9,Kubernetes,Data Scientist,39,Referral
CAND02178,Nisha Gupta,21,Ahmedabad,MBA,3,Python,ML Engineer,37,LinkedIn
CAND02179,Kiran Jain,38,Noida,B.Sc,7,NLP,Data Scientist,20,Naukri
CAND02180,Amit Das,37,Mumbai,M.Sc,11,Kubernetes,Software Engineer,29,Naukri
CAND02181,Kavya Jain,22,Delhi,B.Sc,0,NLP,Software Engineer,36,Company Website
CAND02182,Ananya Chopra,22,Delhi,PhD,8,Statistics,Software Engineer,33,LinkedIn
CAND02183,Rahul Patel,23,Mumbai,M.Tech,9,TensorFlow,Software Engineer,39,Company Website
CAND02184,Aditya Kulkarni,22,Hyderabad,PhD,8,Python,Product Manager,7,Referral
CAND02185,Rohit Iyer,35,Kolkata,M.Sc,9,Machine Learning,Data Analyst,24,LinkedIn
CAND02186,Sneha Chopra,24,Hyderabad,PhD,13,Statistics,Cloud Engineer,32,Recruiter Outreach
CAND02187,Vikram Nair,35,Chennai,MBA,1,Python,ML Engineer,30,Naukri
CAND02188,Neha Gupta,25,Bangalore,MBA,8,Tableau,Data Analyst,11,Referral
CAND02189,Rahul Jain,44,Mumbai,B.Tech,11,Statistics,Data Scientist,25,Recruiter Outreach
CAND02190,Nisha Patel,38,Hyderabad,PhD,12,Docker,ML Engineer,11,Company Website
CAND02191,Neha Kulkarni,29,Gurgaon,M.Sc,7,Data Analysis,Data Scientist,9,Referral
CAND02192,Arjun Das,31,Ahmedabad,M.Tech,14,Python,Data Scientist,9,Recruiter Outreach
CAND02193,Vikram Sharma,22,Noida,B.Tech,4,Excel,ML Engineer,38,Naukri
CAND02194,Neha Nair,22,Kolkata,M.Sc,6,AWS,ML Engineer,15,Referral
CAND02195,Rahul Chopra,33,Noida,M.Sc,12,Java,Software Engineer,21,Naukri
CAND02196,Amit Sharma,21,Noida,B.Sc,6,AWS,Cloud Engineer,14,LinkedIn
CAND02197,Rohit Kulkarni,36,Chennai,B.Tech,5,Power BI,ML Engineer,36,Recruiter Outreach
CAND02198,Vikram Gupta,30,Mumbai,PhD,8,Data Analysis,DevOps Engineer,36,Referral
CAND02199,Priya Verma,24,Chennai,MBA,9,TensorFlow,Software Engineer,28,Naukri
CAND02200,Arjun Patel,33,Kolkata,M.Sc,14,DevOps,Software Engineer,34,LinkedIn
CAND02201,Arjun Jain,34,Delhi,PhD,9,React,Product Manager,9,Recruiter Outreach
CAND02202,Vikram Bose,38,Gurgaon,B.Sc,2,Docker,Data Analyst,39,Referral
CAND02203,Vikram Iyer,25,Mumbai,B.Tech,0,Tableau,ML Engineer,20,Company Website
CAND02204,Vikram Reddy,34,Bangalore,PhD,14,Java,ML Engineer,19,Referral
CAND02205,Priya Nair,41,Bangalore,M.Sc,6,Data Analysis,ML Engineer,12,Naukri
CAND02206,Neha Das,27,Hyderabad,PhD,3,Python,Cloud Engineer,35,Naukri
CAND02207,Kavya Singh,41,Ahmedabad,B.Sc,3,Excel,DevOps Engineer,11,Referral
CAND02208,Kavya Iyer,38,Chennai,PhD,1,Tableau,ML Engineer,35,Naukri
CAND02209,Meera Patel,31,Noida,PhD,2,Kubernetes,Data Analyst,30,Naukri
CAND02210,Meera Jain,42,Noida,M.Tech,11,Excel,Data Analyst,32,Referral
CAND02211,Sanjay Singh,44,Chennai,M.Tech,9,NLP,Data Scientist,7,LinkedIn
CAND02212,Neha Bose,26,Ahmedabad,B.Tech,8,NodeJS,Product Manager,31,LinkedIn
CAND02213,Vikram Singh,44,Bangalore,M.Sc,0,Machine Learning,Cloud Engineer,38,Naukri
CAND02214,Sanjay Bose,21,Mumbai,M.Tech,10,SQL,Data Analyst,19,Referral
CAND02215,Aditya Patel,24,Gurgaon,MBA,14,React,Cloud Engineer,21,Referral
CAND02216,Aditya Patel,22,Noida,M.Sc,13,Docker,Data Scientist,9,Company Website
CAND02217,Ananya Jain,29,Bangalore,MBA,5,DevOps,Product Manager,22,Company Website
CAND02218,Kiran Jain,43,Kolkata,B.Tech,9,NodeJS,DevOps Engineer,28,Recruiter Outreach
CAND02219,Neha Reddy,35,Pune,MBA,4,Statistics,Product Manager,16,Company Website
CAND02220,Neha Reddy,35,Bangalore,B.Tech,13,React,Product Manager,31,Naukri
CAND02221,Kiran Singh,23,Pune,MBA,13,Cloud Architecture,DevOps Engineer,8,Recruiter Outreach
CAND02222,Meera Mehta,33,Pune,M.Sc,3,Machine Learning,Software Engineer,28,Recruiter Outreach
CAND02223,Vikram Iyer,30,Gurgaon,B.Sc,7,AWS,DevOps Engineer,26,Referral
CAND02224,Rohit Bose,32,Gurgaon,M.Sc,3,Statistics,Data Analyst,13,LinkedIn
CAND02225,Pooja Gupta,27,Noida,B.Tech,9,Cybersecurity,Software Engineer,17,Recruiter Outreach
CAND02226,Kavya Verma,25,Kolkata,M.Sc,4,Power BI,DevOps Engineer,14,Recruiter Outreach
CAND02227,Ananya Sharma,43,Mumbai,MBA,10,Statistics,Product Manager,27,Recruiter Outreach
CAND02228,Ananya Sharma,34,Noida,M.Tech,14,Data Analysis,ML Engineer,27,Naukri
CAND02229,Priya Verma,30,Pune,B.Sc,13,Python,Data Analyst,24,Recruiter Outreach
CAND02230,Priya Reddy,22,Ahmedabad,B.Tech,2,Cybersecurity,Cloud Engineer,12,Company Website
CAND02231,Ananya Verma,39,Noida,MBA,1,Power BI,Software Engineer,13,Company Website
CAND02232,Kavya Patel,32,Gurgaon,MBA,12,Python,Software Engineer,33,Company Website
CAND02233,Sanjay Jain,30,Delhi,B.Tech,1,Deep Learning,Data Scientist,21,Referral
CAND02234,Aditya Das,37,Hyderabad,PhD,6,Java,Software Engineer,20,Company Website
CAND02235,Arjun Bose,24,Noida,MBA,14,TensorFlow,DevOps Engineer,16,Recruiter Outreach
CAND02236,Kavya Patel,33,Kolkata,B.Tech,6,Cloud Architecture,Product Manager,37,Recruiter Outreach
CAND02237,Pooja Reddy,41,Pune,MBA,0,Statistics,Data Analyst,14,Naukri
CAND02238,Nisha Mehta,32,Kolkata,PhD,14,Machine Learning,Software Engineer,32,LinkedIn
CAND02239,Pooja Kulkarni,21,Gurgaon,M.Sc,10,Cloud Architecture,Cloud Engineer,32,Company Website
CAND02240,Kavya Reddy,26,Mumbai,B.Sc,4,Docker,ML Engineer,14,Referral
CAND02241,Pooja Sharma,22,Ahmedabad,PhD,9,NLP,ML Engineer,6,Referral
CAND02242,Kavya Mehta,33,Pune,B.Tech,9,React,Data Analyst,14,LinkedIn
CAND02243,Rohit Gupta,29,Noida,B.Sc,8,TensorFlow,Cloud Engineer,15,LinkedIn
CAND02244,Kiran Mehta,24,Pune,M.Tech,14,Tableau,ML Engineer,31,Naukri
CAND02245,Sneha Iyer,37,Pune,M.Sc,11,Python,Data Scientist,24,Referral
CAND02246,Meera Gupta,25,Noida,PhD,3,Cloud Architecture,Cloud Engineer,20,Referral
CAND02247,Vikram Nair,29,Noida,B.Tech,14,Machine Learning,DevOps Engineer,22,Naukri
CAND02248,Neha Mehta,44,Noida,B.Tech,14,Machine Learning,DevOps Engineer,38,Naukri
CAND02249,Sneha Reddy,22,Hyderabad,PhD,0,Kubernetes,Software Engineer,37,Naukri
CAND02250,Meera Kulkarni,26,Kolkata,MBA,4,Cybersecurity,Data Scientist,6,Naukri
CAND02251,Nisha Das,28,Mumbai,M.Tech,9,Cybersecurity,Software Engineer,34,Recruiter Outreach
CAND02252,Amit Mehta,33,Kolkata,B.Tech,13,DevOps,Data Analyst,18,Referral
CAND02253,Vikram Nair,26,Hyderabad,MBA,10,DevOps,Data Analyst,31,LinkedIn
CAND02254,Vikram Jain,44,Noida,B.Tech,8,SQL,Product Manager,39,Recruiter Outreach
CAND02255,Vikram Kulkarni,21,Ahmedabad,M.Tech,4,Data Analysis,ML Engineer,23,LinkedIn
CAND02256,Priya Bose,43,Bangalore,M.Tech,1,NodeJS,Software Engineer,27,Company Website
CAND02257,Aditya Chopra,33,Chennai,B.Tech,13,Excel,ML Engineer,20,Referral
CAND02258,Neha Sharma,21,Kolkata,PhD,7,NodeJS,Data Analyst,8,Recruiter Outreach
CAND02259,Meera Singh,23,Kolkata,M.Sc,6,Tableau,Cloud Engineer,7,LinkedIn
CAND02260,Nisha Verma,23,Bangalore,PhD,14,Tableau,Product Manager,18,LinkedIn
CAND02261,Rohit Jain,27,Delhi,M.Tech,2,Python,ML Engineer,33,Naukri
CAND02262,Sanjay Singh,28,Hyderabad,M.Tech,3,Kubernetes,Data Analyst,17,Naukri
CAND02263,Amit Patel,36,Delhi,M.Tech,12,DevOps,Cloud Engineer,20,Company Website
CAND02264,Kavya Kulkarni,28,Hyderabad,B.Sc,4,Cloud Architecture,Data Scientist,24,Company Website
CAND02265,Amit Patel,38,Mumbai,M.Tech,14,Data Analysis,DevOps Engineer,16,Recruiter Outreach
CAND02266,Meera Das,28,Ahmedabad,M.Tech,12,React,Data Scientist,22,Company Website
CAND02267,Amit Kulkarni,27,Noida,PhD,1,Machine Learning,Data Scientist,26,Referral
CAND02268,Priya Das,27,Chennai,MBA,6,Kubernetes,Data Scientist,34,LinkedIn
CAND02269,Pooja Bose,28,Pune,M.Sc,11,Power BI,Product Manager,31,Referral
CAND02270,Ananya Nair,41,Mumbai,M.Tech,7,Statistics,DevOps Engineer,33,Recruiter Outreach
CAND02271,Aditya Nair,26,Chennai,PhD,3,NodeJS,Cloud Engineer,23,Company Website
CAND02272,Kavya Das,27,Noida,M.Sc,0,Java,DevOps Engineer,29,Company Website
CAND02273,Ananya Chopra,43,Bangalore,PhD,0,DevOps,Cloud Engineer,11,Referral
CAND02274,Rohit Bose,36,Gurgaon,B.Sc,2,NodeJS,Data Analyst,11,Naukri
CAND02275,Amit Sharma,25,Hyderabad,PhD,3,Deep Learning,Cloud Engineer,37,Company Website
CAND02276,Priya Kulkarni,41,Mumbai,MBA,4,NLP,Data Scientist,26,Recruiter Outreach
CAND02277,Meera Gupta,25,Delhi,MBA,12,Machine Learning,DevOps Engineer,9,Naukri
CAND02278,Rahul Bose,24,Pune,B.Tech,7,Data Analysis,Cloud Engineer,19,LinkedIn
CAND02279,Sanjay Verma,31,Mumbai,M.Tech,2,Statistics,Product Manager,38,Recruiter Outreach
CAND02280,Kavya Mehta,37,Pune,M.Sc,1,Statistics,Software Engineer,6,Recruiter Outreach
CAND02281,Amit Iyer,25,Bangalore,M.Tech,1,Docker,ML Engineer,21,LinkedIn
CAND02282,Aditya Reddy,39,Delhi,B.Tech,4,Excel,Cloud Engineer,34,Referral
CAND02283,Meera Verma,24,Ahmedabad,M.Tech,11,Excel,Data Scientist,38,Recruiter Outreach
CAND02284,Vikram Iyer,39,Bangalore,MBA,0,TensorFlow,Cloud Engineer,18,Recruiter Outreach
CAND02285,Meera Patel,23,Mumbai,M.Sc,6,Machine Learning,DevOps Engineer,37,Recruiter Outreach
CAND02286,Kavya Bose,32,Pune,B.Tech,6,Cybersecurity,DevOps Engineer,30,Recruiter Outreach
CAND02287,Meera Das,36,Hyderabad,B.Tech,2,TensorFlow,Software Engineer,19,LinkedIn
CAND02288,Priya Iyer,27,Bangalore,M.Sc,0,DevOps,Data Scientist,32,LinkedIn
CAND02289,Vikram Reddy,35,Hyderabad,B.Tech,3,NodeJS,DevOps Engineer,33,Naukri
CAND02290,Sneha Jain,37,Ahmedabad,MBA,2,DevOps,Software Engineer,15,Company Website
CAND02291,Rahul Verma,36,Hyderabad,M.Sc,11,Deep Learning,Software Engineer,9,Naukri
CAND02292,Ananya Nair,30,Noida,B.Sc,13,TensorFlow,ML Engineer,32,Referral
CAND02293,Sneha Reddy,39,Noida,B.Tech,9,Java,Software Engineer,8,Referral
CAND02294,Ananya Reddy,38,Pune,M.Sc,11,Python,Cloud Engineer,32,Company Website
CAND02295,Meera Sharma,28,Bangalore,B.Tech,11,Machine Learning,Product Manager,18,Recruiter Outreach
CAND02296,Priya Das,38,Chennai,M.Tech,13,Kubernetes,Software Engineer,29,Recruiter Outreach
CAND02297,Ananya Sharma,43,Chennai,B.Tech,1,Deep Learning,Data Scientist,26,LinkedIn
CAND02298,Aditya Sharma,40,Mumbai,B.Sc,14,Kubernetes,Data Scientist,7,LinkedIn
CAND02299,Nisha Das,38,Noida,M.Sc,6,SQL,ML Engineer,6,Referral
CAND02300,Nisha Jain,39,Hyderabad,B.Sc,8,React,Data Scientist,27,Company Website
CAND02301,Neha Das,40,Hyderabad,B.Tech,11,Deep Learning,DevOps Engineer,23,LinkedIn
CAND02302,Sneha Singh,27,Noida,MBA,7,AWS,DevOps Engineer,7,Company Website
CAND02303,Sneha Singh,38,Ahmedabad,B.Tech,3,SQL,Cloud Engineer,39,Naukri
CAND02304,Pooja Singh,25,Kolkata,MBA,0,TensorFlow,Software Engineer,14,Company Website
CAND02305,Priya Reddy,29,Ahmedabad,M.Tech,2,Excel,Cloud Engineer,35,Recruiter Outreach
CAND02306,Sanjay Kulkarni,43,Chennai,M.Sc,1,Kubernetes,ML Engineer,9,Naukri
CAND02307,Rohit Singh,27,Pune,M.Sc,5,Tableau,ML Engineer,13,Company Website
CAND02308,Vikram Nair,41,Bangalore,M.Sc,11,Docker,Product Manager,23,Naukri
CAND02309,Kiran Bose,31,Hyderabad,M.Tech,5,Tableau,Product Manager,23,Company Website
CAND02310,Ananya Jain,26,Hyderabad,B.Tech,8,Java,DevOps Engineer,26,Referral
CAND02311,Pooja Patel,23,Bangalore,B.Tech,2,Cloud Architecture,DevOps Engineer,11,LinkedIn
CAND02312,Arjun Mehta,34,Pune,PhD,8,Kubernetes,DevOps Engineer,14,LinkedIn
CAND02313,Amit Iyer,31,Pune,PhD,14,NLP,Cloud Engineer,14,Company Website
CAND02314,Sanjay Reddy,33,Noida,M.Tech,4,Java,ML Engineer,20,Company Website
CAND02315,Rahul Reddy,22,Chennai,PhD,7,DevOps,Data Scientist,37,Naukri
CAND02316,Vikram Iyer,27,Mumbai,B.Sc,14,Data Analysis,ML Engineer,21,Company Website
CAND02317,Priya Das,21,Delhi,M.Tech,9,Statistics,Software Engineer,39,Naukri
CAND02318,Pooja Singh,28,Kolkata,M.Tech,5,Cybersecurity,ML Engineer,14,Referral
CAND02319,Ananya Bose,43,Chennai,M.Tech,1,TensorFlow,Data Analyst,14,Naukri
CAND02320,Pooja Sharma,24,Hyderabad,M.Sc,14,React,Data Scientist,9,Referral
CAND02321,Nisha Sharma,37,Bangalore,M.Tech,9,Machine Learning,DevOps Engineer,13,Recruiter Outreach
CAND02322,Amit Mehta,21,Hyderabad,M.Tech,0,Python,DevOps Engineer,16,Company Website
CAND02323,Meera Patel,34,Bangalore,M.Sc,8,Deep Learning,Data Scientist,19,Company Website
CAND02324,Vikram Gupta,43,Ahmedabad,M.Tech,14,Power BI,Software Engineer,30,Company Website
CAND02325,Arjun Jain,29,Ahmedabad,M.Tech,13,Kubernetes,Data Analyst,21,Company Website
CAND02326,Neha Iyer,25,Hyderabad,M.Sc,2,DevOps,Data Scientist,29,Company Website
CAND02327,Priya Iyer,34,Ahmedabad,PhD,6,SQL,DevOps Engineer,9,Naukri
CAND02328,Rahul Nair,27,Kolkata,B.Sc,14,Kubernetes,Cloud Engineer,38,Recruiter Outreach
CAND02329,Arjun Singh,42,Mumbai,M.Sc,11,Java,Software Engineer,11,LinkedIn
CAND02330,Pooja Nair,41,Chennai,PhD,8,Tableau,Data Scientist,7,Company Website
CAND02331,Rahul Mehta,36,Noida,B.Sc,4,Java,Data Analyst,20,Naukri
CAND02332,Neha Chopra,36,Chennai,M.Sc,11,Excel,Product Manager,28,LinkedIn
CAND02333,Vikram Patel,35,Chennai,B.Tech,8,Kubernetes,Software Engineer,14,Company Website
CAND02334,Meera Mehta,38,Chennai,B.Tech,7,NodeJS,Cloud Engineer,11,LinkedIn
CAND02335,Priya Verma,32,Noida,PhD,13,Cloud Architecture,Product Manager,34,Company Website
CAND02336,Sneha Bose,44,Bangalore,B.Tech,5,AWS,ML Engineer,34,Naukri
CAND02337,Pooja Mehta,29,Delhi,M.Sc,9,NLP,DevOps Engineer,31,Company Website
CAND02338,Rohit Kulkarni,21,Bangalore,MBA,0,Statistics,Data Scientist,13,Company Website
CAND02339,Kiran Sharma,37,Kolkata,M.Sc,10,Statistics,Data Analyst,24,Referral
CAND02340,Neha Iyer,36,Mumbai,B.Sc,8,TensorFlow,Product Manager,29,Company Website
CAND02341,Meera Sharma,44,Mumbai,B.Tech,13,Cybersecurity,Product Manager,20,Referral
CAND02342,Rohit Das,30,Mumbai,MBA,4,Cybersecurity,ML Engineer,12,Company Website
CAND02343,Nisha Reddy,31,Hyderabad,M.Sc,13,Java,DevOps Engineer,34,LinkedIn
CAND02344,Amit Das,34,Noida,PhD,8,Docker,Data Scientist,37,LinkedIn
CAND02345,Amit Sharma,30,Ahmedabad,M.Sc,3,Power BI,ML Engineer,11,Company Website
CAND02346,Nisha Bose,39,Chennai,PhD,2,NLP,Cloud Engineer,29,LinkedIn
CAND02347,Meera Chopra,31,Pune,PhD,2,Java,DevOps Engineer,36,Recruiter Outreach
CAND02348,Priya Patel,39,Hyderabad,PhD,4,Deep Learning,Software Engineer,24,LinkedIn
CAND02349,Vikram Sharma,31,Pune,B.Sc,8,Statistics,Product Manager,7,Naukri
CAND02350,Aditya Sharma,26,Chennai,MBA,13,Statistics,Cloud Engineer,29,Recruiter Outreach
CAND02351,Rohit Chopra,44,Gurgaon,B.Sc,14,NodeJS,Data Scientist,37,Company Website
CAND02352,Meera Gupta,33,Mumbai,M.Sc,10,SQL,Data Scientist,14,Company Website
CAND02353,Kavya Kulkarni,37,Gurgaon,MBA,7,React,DevOps Engineer,10,Company Website
CAND02354,Sanjay Mehta,35,Bangalore,M.Sc,9,SQL,Product Manager,14,Company Website
CAND02355,Vikram Chopra,29,Noida,M.Sc,4,React,ML Engineer,33,LinkedIn
CAND02356,Aditya Singh,44,Kolkata,M.Tech,3,Python,Data Analyst,24,Referral
CAND02357,Amit Kulkarni,29,Gurgaon,PhD,8,NLP,Cloud Engineer,6,LinkedIn
CAND02358,Aditya Jain,44,Noida,PhD,12,SQL,Product Manager,25,Referral
CAND02359,Arjun Iyer,31,Noida,B.Sc,0,Statistics,DevOps Engineer,33,Referral
CAND02360,Ananya Chopra,21,Pune,M.Tech,1,Docker,Product Manager,12,Company Website
CAND02361,Nisha Sharma,21,Pune,M.Tech,2,Statistics,Product Manager,25,Recruiter Outreach
CAND02362,Vikram Singh,44,Hyderabad,PhD,3,Python,Cloud Engineer,13,Naukri
CAND02363,Priya Bose,33,Noida,B.Tech,2,NodeJS,DevOps Engineer,6,LinkedIn
CAND02364,Priya Verma,30,Noida,MBA,1,Tableau,Product Manager,19,Company Website
CAND02365,Aditya Verma,40,Gurgaon,B.Sc,0,Tableau,Data Scientist,32,Naukri
CAND02366,Sanjay Gupta,35,Hyderabad,M.Tech,5,DevOps,Data Scientist,28,Company Website
CAND02367,Pooja Mehta,36,Kolkata,PhD,10,Python,Data Analyst,9,Referral
CAND02368,Amit Mehta,37,Chennai,B.Sc,2,Statistics,DevOps Engineer,12,Naukri
CAND02369,Neha Kulkarni,25,Bangalore,B.Tech,4,Python,Product Manager,24,Company Website
CAND02370,Vikram Singh,23,Gurgaon,M.Tech,14,Excel,DevOps Engineer,16,Company Website
CAND02371,Arjun Reddy,38,Pune,MBA,2,SQL,ML Engineer,17,Referral
CAND02372,Meera Reddy,21,Chennai,M.Tech,14,AWS,Product Manager,20,Naukri
CAND02373,Sanjay Gupta,38,Gurgaon,PhD,7,Docker,Data Scientist,31,Recruiter Outreach
CAND02374,Pooja Mehta,24,Gurgaon,MBA,10,Kubernetes,Data Scientist,25,LinkedIn
CAND02375,Amit Iyer,27,Bangalore,B.Sc,4,Cybersecurity,Cloud Engineer,35,Referral
CAND02376,Sanjay Bose,37,Pune,B.Sc,4,Cybersecurity,Product Manager,9,Naukri
CAND02377,Sneha Nair,35,Mumbai,M.Tech,5,Statistics,Data Analyst,21,Recruiter Outreach
CAND02378,Ananya Patel,39,Mumbai,B.Sc,1,Power BI,Data Scientist,24,Recruiter Outreach
CAND02379,Kavya Verma,35,Kolkata,MBA,4,Machine Learning,Data Scientist,31,Naukri
CAND02380,Nisha Chopra,22,Gurgaon,B.Tech,13,Machine Learning,Product Manager,23,Naukri
CAND02381,Priya Gupta,41,Delhi,MBA,0,NLP,ML Engineer,37,Naukri
CAND02382,Arjun Iyer,26,Delhi,B.Sc,8,Kubernetes,DevOps Engineer,34,Naukri
CAND02383,Ananya Sharma,24,Hyderabad,B.Tech,10,Java,Software Engineer,29,Company Website
CAND02384,Priya Sharma,42,Pune,M.Sc,2,TensorFlow,ML Engineer,19,Naukri
CAND02385,Vikram Das,25,Mumbai,B.Sc,1,TensorFlow,DevOps Engineer,16,Naukri
CAND02386,Rahul Jain,33,Noida,M.Tech,8,Machine Learning,Cloud Engineer,24,Recruiter Outreach
CAND02387,Vikram Sharma,32,Mumbai,B.Sc,3,Cybersecurity,Data Analyst,21,LinkedIn
CAND02388,Neha Das,39,Pune,M.Tech,14,Docker,Data Analyst,6,Recruiter Outreach
CAND02389,Priya Patel,22,Gurgaon,B.Sc,2,Tableau,Data Analyst,13,Company Website
CAND02390,Pooja Nair,23,Delhi,B.Tech,1,NodeJS,DevOps Engineer,34,Naukri
CAND02391,Neha Das,30,Chennai,B.Sc,4,Docker,Cloud Engineer,21,Naukri
CAND02392,Pooja Mehta,32,Bangalore,B.Tech,4,Data Analysis,DevOps Engineer,38,Naukri
CAND02393,Rohit Sharma,39,Pune,B.Tech,2,Docker,ML Engineer,14,Naukri
CAND02394,Vikram Nair,35,Chennai,M.Tech,9,SQL,ML Engineer,38,Referral
CAND02395,Sneha Jain,24,Hyderabad,M.Tech,5,NLP,DevOps Engineer,33,Company Website
CAND02396,Nisha Gupta,44,Delhi,MBA,7,TensorFlow,DevOps Engineer,18,Referral
CAND02397,Arjun Iyer,32,Pune,B.Tech,3,Machine Learning,Software Engineer,26,Company Website
CAND02398,Rohit Patel,44,Bangalore,M.Tech,1,Docker,Cloud Engineer,39,Naukri
CAND02399,Arjun Kulkarni,44,Pune,B.Tech,0,NLP,Software Engineer,27,Referral
CAND02400,Ananya Nair,22,Chennai,PhD,0,Tableau,Software Engineer,37,Recruiter Outreach
CAND02401,Sneha Chopra,33,Bangalore,M.Sc,13,Deep Learning,Data Analyst,9,Referral
CAND02402,Meera Das,31,Bangalore,M.Tech,3,Docker,ML Engineer,11,Company Website
CAND02403,Kavya Bose,32,Delhi,B.Tech,4,Docker,DevOps Engineer,6,Referral
CAND02404,Arjun Chopra,28,Chennai,PhD,8,Kubernetes,Product Manager,17,Referral
CAND02405,Sneha Gupta,34,Bangalore,M.Sc,1,Data Analysis,Product Manager,32,Naukri
CAND02406,Rohit Kulkarni,32,Noida,PhD,9,Docker,Data Analyst,38,Recruiter Outreach
CAND02407,Meera Reddy,25,Hyderabad,M.Tech,7,NodeJS,ML Engineer,24,Referral
CAND02408,Pooja Reddy,27,Hyderabad,MBA,11,NodeJS,Data Analyst,20,LinkedIn
CAND02409,Rohit Jain,24,Chennai,B.Tech,1,Docker,Data Scientist,37,LinkedIn
CAND02410,Rohit Verma,41,Pune,MBA,0,NLP,DevOps Engineer,26,Naukri
CAND02411,Aditya Jain,37,Chennai,B.Tech,11,AWS,Data Analyst,24,Company Website
CAND02412,Kavya Mehta,30,Delhi,B.Tech,5,AWS,Data Scientist,8,Company Website
CAND02413,Sneha Kulkarni,30,Pune,B.Sc,0,TensorFlow,Data Analyst,13,Referral
CAND02414,Aditya Singh,22,Delhi,PhD,8,Excel,Cloud Engineer,29,Recruiter Outreach
CAND02415,Neha Patel,27,Mumbai,B.Sc,6,Data Analysis,ML Engineer,29,LinkedIn
CAND02416,Arjun Gupta,43,Noida,M.Sc,14,NodeJS,Software Engineer,22,Naukri
CAND02417,Nisha Kulkarni,21,Mumbai,M.Sc,14,Kubernetes,Product Manager,29,Recruiter Outreach
CAND02418,Rahul Sharma,24,Pune,PhD,8,Power BI,DevOps Engineer,29,Recruiter Outreach
CAND02419,Pooja Jain,41,Hyderabad,B.Tech,2,Python,Cloud Engineer,8,Company Website
CAND02420,Sanjay Patel,33,Noida,M.Tech,11,NodeJS,Data Analyst,34,Referral
CAND02421,Priya Iyer,21,Gurgaon,B.Sc,3,NodeJS,Data Analyst,29,Company Website
CAND02422,Sanjay Das,32,Chennai,M.Sc,12,Statistics,Data Analyst,13,Referral
CAND02423,Pooja Patel,38,Pune,M.Sc,9,AWS,Data Analyst,13,Referral
CAND02424,Rahul Bose,29,Hyderabad,M.Sc,5,AWS,ML Engineer,38,Naukri
CAND02425,Aditya Das,30,Gurgaon,M.Tech,14,Deep Learning,Data Scientist,14,Company Website
CAND02426,Priya Sharma,36,Mumbai,MBA,7,Tableau,Cloud Engineer,7,Referral
CAND02427,Amit Verma,35,Gurgaon,B.Tech,5,Python,Data Analyst,7,Recruiter Outreach
CAND02428,Pooja Nair,42,Hyderabad,M.Tech,2,AWS,Data Analyst,13,Recruiter Outreach
CAND02429,Vikram Das,26,Mumbai,B.Tech,9,NodeJS,DevOps Engineer,27,Referral
CAND02430,Amit Chopra,27,Noida,PhD,4,Cybersecurity,Software Engineer,21,Referral
CAND02431,Aditya Das,24,Mumbai,B.Tech,2,React,Product Manager,30,LinkedIn
CAND02432,Aditya Nair,36,Hyderabad,MBA,1,Cloud Architecture,Data Analyst,13,Naukri
CAND02433,Kavya Reddy,33,Pune,PhD,9,React,Data Analyst,13,LinkedIn
CAND02434,Aditya Verma,29,Delhi,PhD,13,Cybersecurity,Data Analyst,19,Recruiter Outreach
CAND02435,Sneha Jain,37,Mumbai,MBA,3,Power BI,ML Engineer,32,Recruiter Outreach
CAND02436,Amit Nair,30,Mumbai,MBA,3,Kubernetes,ML Engineer,23,Recruiter Outreach
CAND02437,Sneha Verma,25,Delhi,B.Sc,9,Kubernetes,ML Engineer,31,Referral
CAND02438,Arjun Singh,33,Ahmedabad,M.Sc,2,Docker,ML Engineer,9,Company Website
CAND02439,Kiran Das,31,Mumbai,M.Sc,1,Docker,ML Engineer,19,Naukri
CAND02440,Arjun Jain,30,Chennai,B.Sc,9,Cybersecurity,ML Engineer,20,Referral
CAND02441,Kavya Iyer,31,Kolkata,MBA,7,Deep Learning,Product Manager,8,Naukri
CAND02442,Amit Iyer,42,Bangalore,MBA,0,Data Analysis,Software Engineer,16,LinkedIn
CAND02443,Meera Kulkarni,26,Chennai,B.Sc,3,AWS,Cloud Engineer,15,Recruiter Outreach
CAND02444,Neha Singh,27,Kolkata,PhD,2,Kubernetes,Software Engineer,21,LinkedIn
CAND02445,Pooja Nair,34,Gurgaon,B.Tech,10,AWS,Cloud Engineer,11,Referral
CAND02446,Amit Sharma,22,Bangalore,M.Sc,9,Machine Learning,Cloud Engineer,15,Referral
CAND02447,Kavya Mehta,24,Gurgaon,MBA,11,Cloud Architecture,Cloud Engineer,38,Naukri
CAND02448,Pooja Nair,34,Noida,B.Tech,1,AWS,Software Engineer,10,Company Website
CAND02449,Sanjay Nair,33,Delhi,B.Tech,12,Power BI,Data Scientist,33,Recruiter Outreach
CAND02450,Neha Verma,36,Chennai,MBA,3,DevOps,Software Engineer,24,Referral
CAND02451,Ananya Das,23,Ahmedabad,M.Tech,14,Power BI,DevOps Engineer,8,Referral
CAND02452,Sneha Nair,41,Kolkata,B.Tech,13,Machine Learning,DevOps Engineer,19,LinkedIn
CAND02453,Vikram Chopra,32,Ahmedabad,M.Tech,6,TensorFlow,DevOps Engineer,23,Naukri
CAND02454,Sanjay Nair,24,Noida,PhD,11,Excel,Product Manager,15,Recruiter Outreach
CAND02455,Nisha Kulkarni,28,Hyderabad,M.Sc,10,DevOps,ML Engineer,15,LinkedIn
CAND02456,Amit Nair,26,Pune,M.Tech,11,AWS,Data Analyst,30,Recruiter Outreach
CAND02457,Sanjay Patel,31,Pune,M.Sc,0,Deep Learning,Data Analyst,7,Referral
CAND02458,Priya Gupta,32,Ahmedabad,MBA,1,Excel,ML Engineer,37,Recruiter Outreach
CAND02459,Pooja Kulkarni,31,Hyderabad,M.Sc,13,Statistics,DevOps Engineer,16,LinkedIn
CAND02460,Nisha Bose,32,Pune,M.Tech,11,Statistics,Data Scientist,18,Recruiter Outreach
CAND02461,Rohit Verma,42,Bangalore,B.Tech,9,SQL,Product Manager,10,Referral
CAND02462,Neha Patel,44,Mumbai,M.Tech,4,TensorFlow,Data Scientist,35,Referral
CAND02463,Arjun Nair,32,Delhi,PhD,6,DevOps,Data Scientist,13,Referral
CAND02464,Rahul Gupta,44,Delhi,B.Sc,5,Kubernetes,ML Engineer,33,LinkedIn
CAND02465,Amit Das,40,Hyderabad,B.Tech,6,Machine Learning,Product Manager,17,Company Website
CAND02466,Aditya Chopra,40,Gurgaon,PhD,9,Docker,Product Manager,7,LinkedIn
CAND02467,Arjun Nair,26,Chennai,M.Sc,11,Power BI,Product Manager,19,Naukri
CAND02468,Nisha Nair,31,Ahmedabad,B.Sc,5,SQL,Cloud Engineer,23,Recruiter Outreach
CAND02469,Vikram Reddy,29,Gurgaon,M.Sc,12,TensorFlow,Product Manager,21,Naukri
CAND02470,Meera Singh,23,Mumbai,M.Tech,1,Kubernetes,Data Analyst,39,Recruiter Outreach
CAND02471,Pooja Bose,22,Bangalore,B.Sc,12,Java,Data Scientist,23,Company Website
CAND02472,Amit Das,35,Gurgaon,PhD,10,Data Analysis,Data Analyst,32,Company Website
CAND02473,Neha Kulkarni,31,Delhi,MBA,7,Cloud Architecture,ML Engineer,18,Recruiter Outreach
CAND02474,Vikram Mehta,40,Gurgaon,B.Tech,5,Power BI,ML Engineer,10,LinkedIn
CAND02475,Neha Sharma,37,Hyderabad,M.Sc,5,Tableau,DevOps Engineer,22,Referral
CAND02476,Sanjay Iyer,23,Mumbai,M.Sc,5,SQL,ML Engineer,25,Referral
CAND02477,Arjun Iyer,41,Gurgaon,M.Sc,14,SQL,Software Engineer,20,LinkedIn
CAND02478,Rahul Mehta,32,Gurgaon,B.Sc,0,TensorFlow,Software Engineer,32,LinkedIn
CAND02479,Aditya Jain,34,Noida,B.Tech,9,TensorFlow,Data Scientist,38,LinkedIn
CAND02480,Arjun Kulkarni,44,Chennai,B.Tech,14,Java,DevOps Engineer,8,Recruiter Outreach
CAND02481,Nisha Gupta,36,Mumbai,M.Sc,8,AWS,Cloud Engineer,8,Recruiter Outreach
CAND02482,Nisha Patel,21,Gurgaon,PhD,9,React,Data Analyst,15,Naukri
CAND02483,Sneha Reddy,25,Noida,B.Tech,8,DevOps,Data Scientist,25,Recruiter Outreach
CAND02484,Amit Chopra,31,Noida,B.Sc,7,Docker,Cloud Engineer,7,Referral
CAND02485,Pooja Mehta,21,Pune,B.Sc,9,DevOps,Data Analyst,12,Naukri
CAND02486,Pooja Das,25,Gurgaon,MBA,13,SQL,ML Engineer,19,Recruiter Outreach
CAND02487,Sanjay Chopra,40,Gurgaon,B.Sc,10,Python,Product Manager,18,LinkedIn
CAND02488,Ananya Patel,24,Kolkata,PhD,12,Tableau,Product Manager,34,LinkedIn
CAND02489,Aditya Nair,25,Delhi,M.Sc,8,NLP,Data Analyst,24,Naukri
CAND02490,Aditya Jain,33,Gurgaon,B.Tech,11,Cybersecurity,Data Analyst,35,Referral
CAND02491,Rahul Mehta,23,Chennai,MBA,13,Data Analysis,Product Manager,31,Company Website
CAND02492,Sneha Sharma,27,Noida,PhD,3,Power BI,ML Engineer,20,Company Website
CAND02493,Nisha Bose,43,Noida,M.Tech,12,AWS,Software Engineer,39,Referral
CAND02494,Aditya Bose,36,Gurgaon,PhD,10,TensorFlow,Data Analyst,34,LinkedIn
CAND02495,Kiran Kulkarni,44,Kolkata,MBA,6,Java,Software Engineer,22,LinkedIn
CAND02496,Nisha Kulkarni,29,Mumbai,B.Sc,11,Docker,Software Engineer,34,Naukri
CAND02497,Kiran Iyer,35,Gurgaon,M.Tech,2,Excel,Data Scientist,14,Referral
CAND02498,Meera Chopra,26,Gurgaon,PhD,10,Python,ML Engineer,13,LinkedIn
CAND02499,Kiran Singh,30,Delhi,B.Sc,8,Cloud Architecture,Software Engineer,32,Company Website
CAND02500,Sneha Sharma,25,Delhi,B.Sc,13,Statistics,Cloud Engineer,32,Recruiter Outreach
CAND02501,Kiran Verma,40,Gurgaon,MBA,9,Machine Learning,Software Engineer,13,Recruiter Outreach
CAND02502,Sanjay Jain,25,Chennai,B.Tech,7,Cybersecurity,ML Engineer,31,LinkedIn
CAND02503,Kavya Chopra,25,Chennai,M.Sc,7,NodeJS,Cloud Engineer,23,LinkedIn
CAND02504,Meera Gupta,32,Kolkata,M.Tech,8,NodeJS,Software Engineer,24,Naukri
CAND02505,Pooja Sharma,31,Gurgaon,M.Tech,13,Tableau,Product Manager,34,Recruiter Outreach
CAND02506,Ananya Jain,28,Bangalore,M.Sc,11,Data Analysis,Data Scientist,11,Naukri
CAND02507,Kiran Jain,29,Kolkata,M.Tech,1,Java,Data Scientist,19,Naukri
CAND02508,Amit Kulkarni,28,Hyderabad,M.Sc,7,Python,Product Manager,15,Recruiter Outreach
CAND02509,Sanjay Nair,42,Pune,MBA,4,Machine Learning,Data Scientist,24,Company Website
CAND02510,Aditya Singh,34,Kolkata,M.Sc,2,AWS,Data Scientist,11,Recruiter Outreach
CAND02511,Kiran Mehta,43,Bangalore,B.Tech,12,SQL,DevOps Engineer,10,Recruiter Outreach
CAND02512,Pooja Patel,44,Bangalore,M.Sc,12,React,Software Engineer,29,Recruiter Outreach
CAND02513,Vikram Patel,36,Bangalore,M.Tech,14,Kubernetes,Data Analyst,7,Naukri
CAND02514,Meera Gupta,40,Chennai,PhD,5,Data Analysis,Software Engineer,20,Referral
CAND02515,Neha Chopra,23,Pune,MBA,6,Java,Software Engineer,39,LinkedIn
CAND02516,Neha Iyer,43,Pune,B.Tech,11,AWS,Data Analyst,39,Company Website
CAND02517,Amit Gupta,32,Hyderabad,MBA,2,Cloud Architecture,ML Engineer,12,Referral
CAND02518,Aditya Kulkarni,38,Bangalore,B.Tech,0,Excel,ML Engineer,37,LinkedIn
CAND02519,Nisha Gupta,26,Pune,M.Tech,6,Cloud Architecture,ML Engineer,17,Recruiter Outreach
CAND02520,Neha Iyer,23,Ahmedabad,M.Sc,9,NLP,Data Scientist,12,Naukri
CAND02521,Arjun Kulkarni,42,Delhi,B.Sc,6,Java,Data Analyst,23,Naukri
CAND02522,Sanjay Mehta,31,Mumbai,M.Sc,3,Kubernetes,Data Analyst,22,Company Website
CAND02523,Sanjay Nair,24,Pune,PhD,7,DevOps,Data Scientist,18,Referral
CAND02524,Vikram Bose,36,Kolkata,MBA,14,DevOps,Data Analyst,20,Recruiter Outreach
CAND02525,Arjun Iyer,22,Bangalore,B.Sc,4,TensorFlow,Cloud Engineer,9,Naukri
CAND02526,Nisha Bose,31,Pune,B.Tech,6,SQL,Data Scientist,14,Naukri
CAND02527,Amit Bose,37,Noida,M.Tech,4,Python,Software Engineer,12,Referral
CAND02528,Nisha Chopra,38,Kolkata,M.Sc,4,Docker,Product Manager,37,Company Website
CAND02529,Vikram Nair,31,Hyderabad,B.Tech,9,TensorFlow,Software Engineer,22,Referral
CAND02530,Rohit Nair,29,Gurgaon,MBA,5,TensorFlow,Data Scientist,24,Company Website
CAND02531,Ananya Nair,41,Chennai,B.Tech,9,NLP,Data Analyst,20,Recruiter Outreach
CAND02532,Rohit Verma,25,Pune,PhD,0,Excel,Software Engineer,36,LinkedIn
CAND02533,Rohit Sharma,22,Gurgaon,B.Sc,9,React,ML Engineer,33,Naukri
CAND02534,Amit Jain,24,Ahmedabad,B.Sc,1,Statistics,Data Scientist,29,Company Website
CAND02535,Aditya Nair,40,Ahmedabad,M.Sc,5,Machine Learning,Product Manager,16,Referral
CAND02536,Rahul Das,32,Pune,M.Tech,13,TensorFlow,Cloud Engineer,16,LinkedIn
CAND02537,Rahul Mehta,21,Delhi,B.Tech,5,Cloud Architecture,DevOps Engineer,37,Naukri
CAND02538,Neha Sharma,25,Noida,MBA,10,Java,Data Scientist,37,Naukri
CAND02539,Sanjay Kulkarni,21,Mumbai,M.Tech,5,Cloud Architecture,Product Manager,15,Recruiter Outreach
CAND02540,Neha Kulkarni,40,Ahmedabad,M.Tech,13,Kubernetes,Data Analyst,17,Recruiter Outreach
CAND02541,Amit Singh,32,Pune,M.Tech,14,TensorFlow,Data Analyst,17,LinkedIn
CAND02542,Rohit Reddy,22,Bangalore,M.Sc,13,Deep Learning,Product Manager,32,Referral
CAND02543,Pooja Gupta,26,Ahmedabad,M.Tech,5,TensorFlow,Data Analyst,38,LinkedIn
CAND02544,Rahul Kulkarni,35,Delhi,B.Tech,4,Python,ML Engineer,36,Recruiter Outreach
CAND02545,Aditya Mehta,35,Noida,PhD,9,Java,ML Engineer,34,Referral
CAND02546,Amit Jain,40,Chennai,B.Tech,12,Power BI,Product Manager,17,Recruiter Outreach
CAND02547,Kavya Iyer,21,Gurgaon,M.Tech,7,React,Data Analyst,16,LinkedIn
CAND02548,Ananya Reddy,22,Mumbai,MBA,11,Machine Learning,DevOps Engineer,36,Naukri
CAND02549,Nisha Reddy,21,Noida,B.Tech,13,NLP,DevOps Engineer,19,LinkedIn
CAND02550,Rohit Kulkarni,30,Mumbai,PhD,11,Excel,ML Engineer,13,Naukri
CAND02551,Sneha Singh,38,Pune,MBA,5,SQL,Software Engineer,34,LinkedIn
CAND02552,Priya Verma,36,Delhi,M.Sc,3,Machine Learning,Product Manager,22,LinkedIn
CAND02553,Sanjay Jain,26,Chennai,B.Tech,6,SQL,ML Engineer,8,LinkedIn
CAND02554,Neha Gupta,36,Pune,B.Sc,8,TensorFlow,Product Manager,36,Company Website
CAND02555,Rohit Verma,36,Gurgaon,B.Tech,12,Statistics,ML Engineer,16,Company Website
CAND02556,Nisha Sharma,25,Hyderabad,M.Tech,4,Kubernetes,Software Engineer,16,Naukri
CAND02557,Sneha Gupta,38,Kolkata,MBA,2,React,Data Scientist,24,LinkedIn
CAND02558,Vikram Singh,31,Mumbai,PhD,4,SQL,DevOps Engineer,15,Referral
CAND02559,Pooja Sharma,22,Bangalore,M.Tech,8,Java,Software Engineer,34,Referral
CAND02560,Pooja Nair,30,Bangalore,M.Sc,3,Excel,Data Analyst,29,Recruiter Outreach
CAND02561,Ananya Verma,39,Delhi,B.Tech,5,TensorFlow,DevOps Engineer,25,Company Website
CAND02562,Priya Das,37,Chennai,M.Tech,3,Tableau,DevOps Engineer,12,LinkedIn
CAND02563,Sneha Kulkarni,27,Pune,B.Sc,14,Cloud Architecture,Product Manager,22,LinkedIn
CAND02564,Kiran Nair,39,Delhi,MBA,7,Excel,Data Analyst,15,Referral
CAND02565,Neha Mehta,30,Ahmedabad,B.Sc,10,Data Analysis,ML Engineer,38,Referral
CAND02566,Kavya Sharma,32,Pune,M.Sc,7,Cloud Architecture,DevOps Engineer,32,Naukri
CAND02567,Meera Patel,23,Bangalore,B.Tech,0,Tableau,Data Scientist,9,Recruiter Outreach
CAND02568,Kavya Verma,44,Chennai,M.Sc,3,NodeJS,Cloud Engineer,23,LinkedIn
CAND02569,Priya Jain,41,Gurgaon,PhD,12,NodeJS,Software Engineer,32,Naukri
CAND02570,Arjun Sharma,25,Pune,M.Sc,7,NodeJS,Cloud Engineer,23,Naukri
CAND02571,Kiran Kulkarni,34,Bangalore,M.Tech,10,React,ML Engineer,10,Company Website
CAND02572,Kiran Das,39,Bangalore,MBA,11,Cloud Architecture,Software Engineer,10,Naukri
CAND02573,Kavya Chopra,33,Noida,PhD,8,Tableau,DevOps Engineer,30,Naukri
CAND02574,Neha Kulkarni,26,Mumbai,M.Sc,8,Data Analysis,DevOps Engineer,23,Referral
CAND02575,Rahul Nair,44,Noida,PhD,3,AWS,Data Scientist,24,Recruiter Outreach
CAND02576,Vikram Verma,27,Chennai,PhD,3,Data Analysis,Data Scientist,15,Referral
CAND02577,Sanjay Bose,29,Hyderabad,MBA,2,Python,Product Manager,14,LinkedIn
CAND02578,Aditya Patel,29,Kolkata,B.Tech,4,Excel,Data Analyst,19,LinkedIn
CAND02579,Rahul Bose,42,Kolkata,M.Tech,9,AWS,Cloud Engineer,24,LinkedIn
CAND02580,Arjun Sharma,33,Kolkata,M.Tech,13,AWS,Data Scientist,21,Referral
CAND02581,Vikram Chopra,38,Kolkata,PhD,6,Data Analysis,Data Analyst,35,Recruiter Outreach
CAND02582,Neha Patel,42,Bangalore,M.Tech,9,NodeJS,DevOps Engineer,12,LinkedIn
CAND02583,Meera Iyer,43,Kolkata,MBA,12,NLP,Product Manager,22,LinkedIn
CAND02584,Neha Sharma,41,Pune,PhD,10,Kubernetes,DevOps Engineer,13,Naukri
CAND02585,Ananya Singh,42,Hyderabad,B.Tech,3,NLP,DevOps Engineer,6,Naukri
CAND02586,Pooja Reddy,43,Delhi,B.Sc,4,TensorFlow,Software Engineer,20,Naukri
CAND02587,Sneha Iyer,44,Gurgaon,B.Sc,9,Kubernetes,Product Manager,7,LinkedIn
CAND02588,Sneha Singh,36,Delhi,PhD,4,Docker,Software Engineer,18,Referral
CAND02589,Priya Mehta,24,Delhi,MBA,3,Power BI,ML Engineer,27,Referral
CAND02590,Pooja Das,23,Hyderabad,B.Sc,8,Cybersecurity,Cloud Engineer,18,Company Website
CAND02591,Kiran Bose,40,Delhi,PhD,9,Power BI,Product Manager,29,Company Website
CAND02592,Sanjay Verma,28,Chennai,PhD,3,Cloud Architecture,Cloud Engineer,16,Recruiter Outreach
CAND02593,Pooja Patel,40,Chennai,M.Sc,0,Machine Learning,ML Engineer,19,Naukri
CAND02594,Pooja Reddy,43,Delhi,M.Sc,11,Cloud Architecture,Cloud Engineer,35,Naukri
CAND02595,Meera Bose,36,Noida,PhD,5,TensorFlow,Software Engineer,14,Naukri
CAND02596,Kavya Patel,39,Hyderabad,PhD,9,Deep Learning,ML Engineer,23,Referral
CAND02597,Neha Mehta,27,Pune,M.Sc,2,Deep Learning,Product Manager,30,LinkedIn
CAND02598,Aditya Jain,31,Bangalore,M.Tech,4,TensorFlow,Product Manager,18,Naukri
CAND02599,Ananya Jain,44,Chennai,B.Sc,9,Power BI,Software Engineer,16,Referral
CAND02600,Arjun Mehta,40,Pune,M.Tech,1,React,Data Scientist,29,Referral
CAND02601,Pooja Verma,25,Pune,B.Sc,4,Machine Learning,ML Engineer,8,Company Website
CAND02602,Rohit Singh,43,Ahmedabad,MBA,10,Power BI,Data Analyst,15,LinkedIn
CAND02603,Meera Das,32,Bangalore,PhD,11,NodeJS,Data Scientist,19,LinkedIn
CAND02604,Kavya Sharma,41,Gurgaon,B.Sc,5,DevOps,ML Engineer,13,Referral
CAND02605,Priya Iyer,33,Pune,PhD,1,Power BI,ML Engineer,24,Naukri
CAND02606,Kavya Nair,35,Ahmedabad,M.Sc,0,Java,Product Manager,27,Recruiter Outreach
CAND02607,Sanjay Gupta,24,Bangalore,PhD,8,Power BI,Software Engineer,38,Naukri
CAND02608,Sanjay Verma,29,Hyderabad,M.Tech,10,Kubernetes,Software Engineer,26,Referral
CAND02609,Amit Reddy,38,Gurgaon,M.Sc,8,DevOps,Software Engineer,26,Referral
CAND02610,Vikram Bose,41,Bangalore,M.Tech,6,Cloud Architecture,Data Scientist,30,Referral
CAND02611,Aditya Chopra,23,Delhi,B.Sc,0,Cybersecurity,Data Analyst,13,Referral
CAND02612,Rohit Singh,22,Gurgaon,MBA,3,Machine Learning,Product Manager,21,Company Website
CAND02613,Vikram Das,37,Mumbai,M.Tech,0,AWS,Cloud Engineer,34,Company Website
CAND02614,Priya Gupta,31,Mumbai,PhD,6,Docker,ML Engineer,11,Company Website
CAND02615,Rahul Singh,41,Gurgaon,PhD,4,Tableau,Data Scientist,15,Referral
CAND02616,Vikram Iyer,22,Bangalore,B.Sc,1,Statistics,Cloud Engineer,13,Referral
CAND02617,Arjun Bose,29,Ahmedabad,B.Tech,9,TensorFlow,Cloud Engineer,38,LinkedIn
CAND02618,Rohit Chopra,21,Ahmedabad,M.Tech,5,Deep Learning,Product Manager,18,Company Website
CAND02619,Aditya Bose,38,Kolkata,M.Tech,14,TensorFlow,DevOps Engineer,17,Recruiter Outreach
CAND02620,Neha Bose,41,Ahmedabad,PhD,6,Cloud Architecture,Data Analyst,33,LinkedIn
CAND02621,Aditya Jain,24,Kolkata,MBA,1,NodeJS,Cloud Engineer,36,LinkedIn
CAND02622,Neha Gupta,28,Hyderabad,B.Tech,10,Excel,DevOps Engineer,6,Referral
CAND02623,Ananya Jain,41,Ahmedabad,B.Sc,10,Cybersecurity,Cloud Engineer,35,Company Website
CAND02624,Aditya Kulkarni,21,Hyderabad,PhD,13,Docker,ML Engineer,30,Referral
CAND02625,Rahul Mehta,43,Delhi,B.Sc,10,DevOps,Product Manager,35,LinkedIn
CAND02626,Meera Kulkarni,42,Mumbai,MBA,5,NodeJS,Data Scientist,8,Referral
CAND02627,Neha Reddy,24,Ahmedabad,M.Tech,10,TensorFlow,Data Scientist,7,Referral
CAND02628,Amit Reddy,24,Delhi,PhD,11,Power BI,DevOps Engineer,17,Referral
CAND02629,Kiran Gupta,37,Ahmedabad,B.Tech,7,Java,DevOps Engineer,34,Naukri
CAND02630,Nisha Patel,21,Hyderabad,PhD,11,Tableau,Data Analyst,22,Referral
CAND02631,Ananya Singh,33,Hyderabad,M.Tech,14,TensorFlow,Product Manager,30,LinkedIn
CAND02632,Pooja Bose,22,Delhi,B.Tech,11,React,Product Manager,14,LinkedIn
CAND02633,Rohit Nair,33,Kolkata,MBA,7,NodeJS,Cloud Engineer,17,Company Website
CAND02634,Meera Kulkarni,29,Delhi,B.Tech,7,Kubernetes,ML Engineer,35,Company Website
CAND02635,Rahul Singh,37,Gurgaon,B.Tech,12,Docker,Data Scientist,22,Referral
CAND02636,Sneha Singh,42,Bangalore,M.Tech,13,Java,Data Scientist,32,Recruiter Outreach
CAND02637,Ananya Iyer,32,Gurgaon,M.Sc,3,Power BI,DevOps Engineer,27,Naukri
CAND02638,Sneha Chopra,36,Gurgaon,M.Sc,0,Java,DevOps Engineer,11,Company Website
CAND02639,Arjun Iyer,35,Kolkata,M.Tech,12,Data Analysis,Cloud Engineer,38,Company Website
CAND02640,Meera Das,44,Mumbai,B.Sc,3,NodeJS,Data Scientist,38,Referral
CAND02641,Pooja Das,26,Hyderabad,MBA,14,Cloud Architecture,ML Engineer,32,Naukri
CAND02642,Nisha Nair,26,Mumbai,MBA,0,Deep Learning,Software Engineer,21,Naukri
CAND02643,Vikram Bose,30,Chennai,MBA,13,React,DevOps Engineer,20,Naukri
CAND02644,Vikram Reddy,38,Gurgaon,PhD,10,Deep Learning,Data Scientist,16,Company Website
CAND02645,Pooja Bose,41,Noida,B.Sc,4,Deep Learning,Cloud Engineer,27,Referral
CAND02646,Neha Das,27,Gurgaon,B.Sc,0,TensorFlow,Data Scientist,16,LinkedIn
CAND02647,Aditya Chopra,23,Gurgaon,PhD,12,Kubernetes,Data Analyst,12,LinkedIn
CAND02648,Amit Verma,35,Ahmedabad,B.Sc,1,Machine Learning,Product Manager,8,Naukri
CAND02649,Rahul Chopra,35,Kolkata,B.Tech,1,SQL,ML Engineer,20,Recruiter Outreach
CAND02650,Priya Jain,29,Delhi,M.Tech,11,Python,DevOps Engineer,33,Referral
CAND02651,Rahul Mehta,25,Kolkata,MBA,10,Tableau,Data Analyst,32,Naukri
CAND02652,Sneha Chopra,41,Mumbai,B.Tech,1,SQL,Cloud Engineer,34,LinkedIn
CAND02653,Arjun Das,41,Gurgaon,M.Sc,5,Docker,DevOps Engineer,26,Company Website
CAND02654,Priya Singh,38,Delhi,MBA,9,Power BI,Cloud Engineer,35,LinkedIn
CAND02655,Aditya Bose,34,Ahmedabad,B.Tech,9,Kubernetes,Software Engineer,32,Naukri
CAND02656,Sneha Mehta,27,Delhi,MBA,5,Deep Learning,ML Engineer,33,Recruiter Outreach
CAND02657,Arjun Kulkarni,30,Pune,M.Sc,6,SQL,DevOps Engineer,23,Referral
CAND02658,Rohit Patel,22,Gurgaon,PhD,1,SQL,Product Manager,8,Recruiter Outreach
CAND02659,Sanjay Gupta,26,Ahmedabad,PhD,0,Java,Data Analyst,18,LinkedIn
CAND02660,Neha Chopra,31,Mumbai,PhD,14,Java,Cloud Engineer,34,LinkedIn
CAND02661,Meera Mehta,31,Mumbai,B.Sc,3,NLP,Product Manager,31,LinkedIn
CAND02662,Aditya Mehta,22,Noida,PhD,13,Cloud Architecture,DevOps Engineer,6,Referral
CAND02663,Ananya Gupta,43,Delhi,PhD,0,Kubernetes,Cloud Engineer,9,Naukri
CAND02664,Rahul Singh,27,Delhi,B.Sc,14,NLP,Data Analyst,28,Recruiter Outreach
CAND02665,Ananya Chopra,33,Mumbai,MBA,6,Statistics,Cloud Engineer,39,Referral
CAND02666,Arjun Bose,32,Delhi,PhD,12,Cybersecurity,Software Engineer,30,Referral
CAND02667,Ananya Sharma,32,Delhi,MBA,12,Cybersecurity,Data Analyst,38,LinkedIn
CAND02668,Meera Nair,41,Kolkata,B.Tech,5,DevOps,Data Scientist,8,Company Website
CAND02669,Arjun Singh,38,Hyderabad,B.Tech,11,NodeJS,ML Engineer,35,Naukri
CAND02670,Vikram Nair,41,Hyderabad,B.Sc,5,TensorFlow,DevOps Engineer,10,LinkedIn
CAND02671,Ananya Singh,30,Mumbai,B.Tech,11,Data Analysis,Cloud Engineer,36,Naukri
CAND02672,Vikram Mehta,27,Delhi,B.Tech,14,DevOps,Data Scientist,39,Referral
CAND02673,Kavya Singh,31,Noida,M.Tech,12,SQL,Data Scientist,23,Naukri
CAND02674,Vikram Nair,34,Bangalore,B.Sc,10,Data Analysis,Data Scientist,24,Referral
CAND02675,Sneha Kulkarni,29,Gurgaon,MBA,5,DevOps,Data Analyst,22,Company Website
CAND02676,Priya Singh,32,Ahmedabad,B.Sc,1,SQL,Software Engineer,24,LinkedIn
CAND02677,Sanjay Chopra,24,Pune,B.Sc,7,AWS,Data Scientist,33,Naukri
CAND02678,Meera Das,35,Delhi,PhD,1,Data Analysis,Cloud Engineer,15,Company Website
CAND02679,Priya Reddy,38,Noida,M.Tech,7,SQL,Data Analyst,15,LinkedIn
CAND02680,Kiran Chopra,33,Mumbai,MBA,13,Deep Learning,Data Scientist,38,Recruiter Outreach
CAND02681,Ananya Chopra,41,Pune,B.Sc,1,AWS,DevOps Engineer,34,Company Website
CAND02682,Vikram Iyer,44,Hyderabad,M.Tech,13,Kubernetes,Product Manager,24,Referral
CAND02683,Priya Nair,42,Pune,M.Tech,8,React,Software Engineer,12,Naukri
CAND02684,Kiran Gupta,23,Hyderabad,B.Tech,0,SQL,Product Manager,38,Company Website
CAND02685,Sanjay Das,42,Pune,M.Tech,10,Data Analysis,Software Engineer,35,Naukri
CAND02686,Neha Gupta,29,Kolkata,M.Tech,0,SQL,Data Scientist,17,Company Website
CAND02687,Meera Verma,31,Delhi,M.Tech,9,Python,Data Scientist,24,Recruiter Outreach
CAND02688,Rahul Gupta,30,Hyderabad,M.Tech,7,Excel,Data Scientist,20,Referral
CAND02689,Kavya Kulkarni,27,Gurgaon,M.Sc,11,Kubernetes,Software Engineer,34,LinkedIn
CAND02690,Rahul Jain,42,Mumbai,M.Sc,5,Excel,Software Engineer,29,Naukri
CAND02691,Arjun Mehta,36,Delhi,B.Sc,1,Python,Data Analyst,22,Naukri
CAND02692,Amit Bose,44,Noida,B.Tech,5,Deep Learning,Data Analyst,38,Company Website
CAND02693,Sneha Jain,43,Kolkata,M.Sc,11,Power BI,Product Manager,26,Referral
CAND02694,Kavya Bose,31,Bangalore,B.Tech,14,Excel,Data Scientist,22,Recruiter Outreach
CAND02695,Rahul Iyer,38,Delhi,B.Tech,3,Cloud Architecture,Product Manager,37,LinkedIn
CAND02696,Sanjay Chopra,33,Gurgaon,B.Sc,5,Docker,ML Engineer,21,Naukri
CAND02697,Rohit Sharma,32,Gurgaon,MBA,13,TensorFlow,Product Manager,20,Naukri
CAND02698,Nisha Mehta,38,Pune,M.Tech,4,Machine Learning,Data Scientist,19,Company Website
CAND02699,Aditya Bose,37,Ahmedabad,PhD,3,Excel,Data Scientist,13,Referral
CAND02700,Pooja Verma,42,Bangalore,B.Tech,12,Java,Data Scientist,15,Recruiter Outreach
CAND02701,Kiran Kulkarni,39,Hyderabad,B.Tech,7,Python,Software Engineer,9,LinkedIn
CAND02702,Amit Mehta,35,Pune,B.Sc,8,Statistics,Product Manager,30,Recruiter Outreach
CAND02703,Meera Chopra,43,Pune,MBA,7,Tableau,Data Analyst,26,Naukri
CAND02704,Rohit Verma,23,Bangalore,M.Sc,9,React,ML Engineer,37,Naukri
CAND02705,Amit Singh,39,Pune,B.Tech,4,NLP,DevOps Engineer,26,Referral
CAND02706,Rohit Bose,30,Gurgaon,MBA,10,Java,Data Analyst,8,Referral
CAND02707,Vikram Gupta,31,Delhi,B.Tech,5,DevOps,DevOps Engineer,27,Naukri
CAND02708,Neha Iyer,39,Hyderabad,B.Tech,7,React,Cloud Engineer,11,Referral
CAND02709,Rohit Nair,27,Delhi,MBA,2,NodeJS,Cloud Engineer,7,LinkedIn
CAND02710,Sanjay Jain,42,Noida,M.Sc,0,AWS,ML Engineer,28,Naukri
CAND02711,Priya Gupta,32,Pune,B.Tech,8,Power BI,Data Analyst,6,Naukri
CAND02712,Vikram Gupta,29,Bangalore,PhD,2,Power BI,DevOps Engineer,19,Company Website
CAND02713,Pooja Patel,28,Kolkata,B.Sc,13,Cybersecurity,Data Analyst,36,Naukri
CAND02714,Amit Bose,31,Mumbai,MBA,14,Deep Learning,Product Manager,14,Naukri
CAND02715,Nisha Gupta,43,Ahmedabad,PhD,4,Data Analysis,Product Manager,29,Naukri
CAND02716,Neha Kulkarni,23,Ahmedabad,M.Tech,4,Data Analysis,Cloud Engineer,18,Naukri
CAND02717,Rohit Jain,33,Bangalore,M.Tech,7,AWS,ML Engineer,9,Company Website
CAND02718,Arjun Sharma,41,Hyderabad,M.Sc,3,TensorFlow,Data Analyst,12,Company Website
CAND02719,Arjun Kulkarni,32,Bangalore,B.Tech,12,Statistics,Cloud Engineer,8,Recruiter Outreach
CAND02720,Rohit Kulkarni,34,Delhi,PhD,1,AWS,ML Engineer,11,Naukri
CAND02721,Aditya Chopra,29,Bangalore,M.Sc,6,Deep Learning,DevOps Engineer,11,LinkedIn
CAND02722,Vikram Reddy,24,Gurgaon,PhD,2,Statistics,ML Engineer,36,Naukri
CAND02723,Kiran Mehta,36,Hyderabad,MBA,12,Data Analysis,Data Scientist,33,Referral
CAND02724,Arjun Iyer,43,Ahmedabad,B.Sc,2,Excel,ML Engineer,18,LinkedIn
CAND02725,Vikram Das,33,Kolkata,PhD,6,DevOps,Product Manager,30,Recruiter Outreach
CAND02726,Pooja Das,31,Chennai,B.Tech,12,NLP,Product Manager,12,Company Website
CAND02727,Vikram Patel,24,Delhi,M.Tech,6,Tableau,Cloud Engineer,27,Company Website
CAND02728,Rahul Mehta,43,Mumbai,MBA,2,Statistics,ML Engineer,12,Company Website
CAND02729,Rohit Bose,41,Mumbai,B.Sc,2,Data Analysis,Cloud Engineer,27,Recruiter Outreach
CAND02730,Aditya Sharma,42,Delhi,M.Sc,9,Kubernetes,ML Engineer,18,Company Website
CAND02731,Meera Reddy,29,Chennai,PhD,1,Python,Data Scientist,35,Company Website
CAND02732,Sneha Kulkarni,36,Hyderabad,MBA,5,TensorFlow,ML Engineer,34,Company Website
CAND02733,Amit Reddy,31,Mumbai,M.Tech,9,Power BI,Data Scientist,17,Company Website
CAND02734,Rohit Gupta,26,Kolkata,M.Tech,5,React,DevOps Engineer,7,Company Website
CAND02735,Ananya Singh,25,Chennai,M.Sc,12,AWS,DevOps Engineer,16,LinkedIn
CAND02736,Sanjay Iyer,30,Chennai,MBA,10,Power BI,Data Scientist,15,Naukri
CAND02737,Amit Kulkarni,34,Chennai,B.Sc,2,Power BI,Data Scientist,20,Referral
CAND02738,Vikram Verma,23,Chennai,B.Sc,12,Python,Data Analyst,25,Recruiter Outreach
CAND02739,Priya Nair,37,Noida,M.Sc,13,NLP,Data Scientist,39,Naukri
CAND02740,Nisha Patel,31,Gurgaon,M.Tech,3,Excel,Cloud Engineer,8,Naukri
CAND02741,Vikram Chopra,42,Delhi,M.Tech,5,Excel,Software Engineer,24,Naukri
CAND02742,Rohit Iyer,27,Pune,M.Sc,5,NLP,Software Engineer,11,Company Website
CAND02743,Sneha Das,22,Kolkata,MBA,6,Kubernetes,Data Scientist,24,Company Website
CAND02744,Pooja Mehta,28,Bangalore,M.Sc,6,Cloud Architecture,DevOps Engineer,27,Referral
CAND02745,Kavya Das,44,Mumbai,B.Tech,13,DevOps,Cloud Engineer,33,Recruiter Outreach
CAND02746,Rahul Iyer,28,Mumbai,M.Tech,9,TensorFlow,Cloud Engineer,25,Company Website
CAND02747,Sanjay Iyer,37,Gurgaon,PhD,13,Kubernetes,Data Analyst,12,Referral
CAND02748,Sanjay Singh,41,Hyderabad,PhD,5,Power BI,ML Engineer,37,Company Website
CAND02749,Nisha Sharma,27,Mumbai,B.Tech,7,Kubernetes,Data Scientist,19,Naukri
CAND02750,Nisha Gupta,36,Kolkata,M.Sc,1,SQL,Software Engineer,22,Referral
CAND02751,Amit Das,25,Hyderabad,B.Tech,4,Cloud Architecture,Data Analyst,27,Recruiter Outreach
CAND02752,Rohit Chopra,29,Ahmedabad,B.Tech,8,AWS,Data Scientist,15,Referral
CAND02753,Priya Patel,28,Kolkata,PhD,2,Machine Learning,Data Scientist,39,Recruiter Outreach
CAND02754,Ananya Bose,37,Mumbai,B.Tech,14,Power BI,ML Engineer,7,Company Website
CAND02755,Arjun Chopra,42,Noida,M.Tech,4,Data Analysis,Data Scientist,11,Recruiter Outreach
CAND02756,Aditya Bose,27,Noida,B.Tech,2,Data Analysis,Data Scientist,39,Company Website
CAND02757,Rohit Verma,27,Pune,B.Sc,11,Java,Data Analyst,21,Company Website
CAND02758,Rohit Verma,40,Hyderabad,B.Tech,1,Python,Cloud Engineer,36,LinkedIn
CAND02759,Ananya Kulkarni,32,Chennai,M.Tech,4,Data Analysis,Data Analyst,36,Recruiter Outreach
CAND02760,Arjun Verma,33,Pune,M.Tech,2,Data Analysis,Data Scientist,39,Company Website
CAND02761,Sanjay Bose,37,Gurgaon,B.Sc,10,TensorFlow,Software Engineer,30,Referral
CAND02762,Ananya Patel,24,Bangalore,MBA,12,NLP,Data Scientist,29,Referral
CAND02763,Ananya Reddy,41,Ahmedabad,M.Tech,2,Data Analysis,DevOps Engineer,26,LinkedIn
CAND02764,Amit Patel,29,Kolkata,MBA,6,Statistics,ML Engineer,29,Referral
CAND02765,Ananya Jain,36,Noida,MBA,7,DevOps,Software Engineer,14,LinkedIn
CAND02766,Rohit Singh,31,Pune,MBA,10,Java,Product Manager,33,Recruiter Outreach
CAND02767,Priya Verma,39,Mumbai,B.Sc,5,Java,DevOps Engineer,12,Naukri
CAND02768,Amit Chopra,35,Pune,M.Tech,7,Java,Cloud Engineer,22,Company Website
CAND02769,Pooja Jain,25,Chennai,MBA,7,Tableau,Software Engineer,18,Recruiter Outreach
CAND02770,Vikram Iyer,25,Gurgaon,M.Sc,0,Docker,Product Manager,31,Recruiter Outreach
CAND02771,Vikram Chopra,42,Pune,M.Tech,8,Excel,Cloud Engineer,14,Naukri
CAND02772,Sneha Bose,33,Gurgaon,M.Tech,8,Python,Data Analyst,13,LinkedIn
CAND02773,Rahul Sharma,27,Mumbai,B.Tech,14,Deep Learning,DevOps Engineer,33,Company Website
CAND02774,Sneha Das,24,Bangalore,M.Sc,7,Kubernetes,DevOps Engineer,22,Recruiter Outreach
CAND02775,Ananya Reddy,24,Delhi,M.Sc,13,Excel,ML Engineer,30,Referral
CAND02776,Kiran Verma,43,Kolkata,M.Sc,5,SQL,ML Engineer,35,LinkedIn
CAND02777,Rohit Kulkarni,44,Gurgaon,M.Tech,10,React,DevOps Engineer,34,Company Website
CAND02778,Priya Gupta,30,Delhi,MBA,13,Kubernetes,Data Analyst,19,Company Website
CAND02779,Rohit Patel,25,Mumbai,M.Tech,2,Tableau,Cloud Engineer,11,LinkedIn
CAND02780,Kavya Patel,31,Bangalore,M.Sc,8,Statistics,Data Analyst,38,LinkedIn
CAND02781,Sanjay Patel,24,Gurgaon,MBA,13,Cloud Architecture,Data Scientist,16,Naukri
CAND02782,Priya Nair,34,Mumbai,MBA,8,Python,DevOps Engineer,32,LinkedIn
CAND02783,Sneha Reddy,36,Gurgaon,MBA,13,Statistics,DevOps Engineer,32,LinkedIn
CAND02784,Neha Gupta,44,Gurgaon,M.Sc,6,Python,Software Engineer,21,Referral
CAND02785,Sanjay Verma,28,Gurgaon,M.Sc,13,Tableau,Cloud Engineer,11,Naukri
CAND02786,Sneha Verma,25,Bangalore,M.Sc,9,Statistics,Software Engineer,22,Recruiter Outreach
CAND02787,Meera Kulkarni,24,Bangalore,MBA,7,TensorFlow,Data Scientist,10,Naukri
CAND02788,Ananya Jain,30,Pune,M.Sc,3,Python,Data Scientist,17,Recruiter Outreach
CAND02789,Kavya Mehta,35,Hyderabad,PhD,2,Java,Product Manager,19,Company Website
CAND02790,Rohit Chopra,22,Delhi,B.Sc,4,Deep Learning,Software Engineer,23,Referral
CAND02791,Meera Patel,39,Pune,M.Sc,11,NLP,Software Engineer,12,Naukri
CAND02792,Kavya Das,32,Delhi,PhD,7,NLP,Software Engineer,34,LinkedIn
CAND02793,Sneha Jain,40,Bangalore,PhD,5,Power BI,Cloud Engineer,8,Recruiter Outreach
CAND02794,Sanjay Chopra,32,Delhi,M.Tech,7,Data Analysis,DevOps Engineer,39,Referral
CAND02795,Priya Nair,24,Hyderabad,M.Sc,5,Docker,Product Manager,16,Recruiter Outreach
CAND02796,Rohit Nair,21,Ahmedabad,MBA,12,DevOps,Product Manager,22,Company Website
CAND02797,Pooja Reddy,34,Hyderabad,B.Tech,5,AWS,Product Manager,35,Referral
CAND02798,Rohit Verma,33,Kolkata,MBA,7,Data Analysis,Software Engineer,28,Naukri
CAND02799,Sanjay Das,40,Pune,PhD,8,Docker,DevOps Engineer,7,LinkedIn
CAND02800,Neha Jain,42,Mumbai,PhD,9,Kubernetes,Software Engineer,26,Company Website
CAND02801,Amit Singh,24,Pune,M.Sc,5,DevOps,DevOps Engineer,25,LinkedIn
CAND02802,Ananya Sharma,28,Chennai,PhD,1,Statistics,Cloud Engineer,37,Company Website
CAND02803,Kavya Nair,25,Ahmedabad,B.Sc,10,NLP,ML Engineer,25,LinkedIn
CAND02804,Ananya Patel,23,Pune,M.Sc,8,Statistics,Product Manager,39,LinkedIn
CAND02805,Vikram Gupta,21,Gurgaon,B.Tech,9,Cloud Architecture,Software Engineer,24,Referral
CAND02806,Kiran Reddy,22,Noida,M.Tech,8,SQL,Product Manager,12,LinkedIn
CAND02807,Ananya Das,33,Hyderabad,M.Tech,7,Docker,Cloud Engineer,23,Recruiter Outreach
CAND02808,Sanjay Iyer,24,Hyderabad,PhD,14,Machine Learning,Data Scientist,37,Recruiter Outreach
CAND02809,Aditya Iyer,25,Ahmedabad,B.Sc,0,Tableau,Software Engineer,6,Recruiter Outreach
CAND02810,Amit Sharma,23,Gurgaon,PhD,1,Python,Software Engineer,19,Company Website
CAND02811,Sneha Bose,38,Bangalore,MBA,14,NLP,Cloud Engineer,7,Referral
CAND02812,Sneha Verma,36,Ahmedabad,MBA,13,Docker,Cloud Engineer,34,Company Website
CAND02813,Arjun Sharma,44,Chennai,M.Sc,6,Data Analysis,Data Scientist,23,Company Website
CAND02814,Kavya Sharma,23,Mumbai,B.Sc,8,Python,Cloud Engineer,30,Referral
CAND02815,Kavya Kulkarni,26,Kolkata,MBA,6,Excel,ML Engineer,38,Recruiter Outreach
CAND02816,Rohit Gupta,31,Kolkata,M.Tech,14,AWS,Software Engineer,34,Recruiter Outreach
CAND02817,Sanjay Nair,36,Chennai,B.Sc,6,Cybersecurity,ML Engineer,19,Referral
CAND02818,Vikram Singh,24,Gurgaon,B.Tech,11,SQL,ML Engineer,37,Naukri
CAND02819,Priya Bose,26,Bangalore,M.Tech,5,Tableau,Data Analyst,22,Recruiter Outreach
CAND02820,Sanjay Reddy,31,Kolkata,B.Tech,5,Machine Learning,Data Scientist,39,Referral
CAND02821,Kiran Verma,21,Hyderabad,B.Tech,10,Machine Learning,Data Scientist,39,Recruiter Outreach
CAND02822,Ananya Sharma,30,Bangalore,M.Tech,5,SQL,Cloud Engineer,13,Referral
CAND02823,Aditya Jain,39,Delhi,B.Tech,0,Cybersecurity,Software Engineer,32,Recruiter Outreach
CAND02824,Nisha Jain,33,Bangalore,B.Tech,2,Statistics,DevOps Engineer,29,Referral
CAND02825,Aditya Das,31,Noida,M.Sc,13,React,Product Manager,32,Company Website
CAND02826,Amit Singh,32,Gurgaon,M.Tech,5,Excel,Data Scientist,11,Naukri
CAND02827,Sneha Gupta,43,Chennai,B.Sc,1,Statistics,Cloud Engineer,23,Referral
CAND02828,Pooja Chopra,33,Gurgaon,B.Tech,14,Tableau,Data Scientist,11,Naukri
CAND02829,Rohit Das,33,Chennai,PhD,14,AWS,Cloud Engineer,36,Referral
CAND02830,Rahul Gupta,43,Ahmedabad,M.Tech,7,Kubernetes,Software Engineer,35,Company Website
CAND02831,Pooja Singh,24,Bangalore,M.Sc,9,React,Data Scientist,25,Recruiter Outreach
CAND02832,Rohit Singh,23,Gurgaon,B.Sc,11,Tableau,ML Engineer,10,Naukri
CAND02833,Sneha Chopra,31,Delhi,M.Sc,0,Tableau,Software Engineer,28,Referral
CAND02834,Sanjay Verma,28,Ahmedabad,B.Sc,4,Data Analysis,Cloud Engineer,20,Company Website
CAND02835,Neha Verma,25,Bangalore,B.Sc,8,React,DevOps Engineer,32,Naukri
CAND02836,Nisha Verma,23,Pune,M.Sc,8,React,Cloud Engineer,9,Recruiter Outreach
CAND02837,Kavya Gupta,42,Kolkata,M.Sc,4,Power BI,Data Scientist,19,Referral
CAND02838,Rohit Mehta,35,Ahmedabad,MBA,0,NodeJS,Product Manager,18,Naukri
CAND02839,Ananya Sharma,37,Gurgaon,PhD,14,SQL,Data Analyst,38,Naukri
CAND02840,Sneha Chopra,23,Chennai,PhD,9,Power BI,Data Scientist,16,Recruiter Outreach
CAND02841,Arjun Singh,29,Chennai,M.Sc,11,TensorFlow,Product Manager,39,LinkedIn
CAND02842,Rohit Singh,35,Noida,PhD,6,NodeJS,Cloud Engineer,37,Company Website
CAND02843,Sanjay Gupta,33,Gurgaon,B.Tech,7,NodeJS,Data Scientist,25,Recruiter Outreach
CAND02844,Sanjay Iyer,37,Bangalore,B.Sc,6,DevOps,Data Analyst,11,Referral
CAND02845,Neha Nair,37,Mumbai,B.Sc,6,Kubernetes,Product Manager,13,Naukri
CAND02846,Aditya Gupta,30,Mumbai,PhD,10,React,DevOps Engineer,6,Referral
CAND02847,Ananya Sharma,39,Hyderabad,B.Tech,14,Tableau,ML Engineer,32,Naukri
CAND02848,Priya Das,27,Noida,M.Sc,11,Cloud Architecture,DevOps Engineer,30,Recruiter Outreach
CAND02849,Meera Mehta,22,Chennai,B.Tech,10,NodeJS,ML Engineer,16,Referral
CAND02850,Ananya Mehta,42,Noida,MBA,0,AWS,Software Engineer,30,Referral
CAND02851,Vikram Singh,21,Chennai,M.Sc,7,SQL,ML Engineer,25,Naukri
CAND02852,Vikram Chopra,27,Bangalore,M.Tech,14,Cloud Architecture,DevOps Engineer,33,Naukri
CAND02853,Arjun Reddy,23,Gurgaon,PhD,5,Data Analysis,Product Manager,8,Company Website
CAND02854,Rohit Das,26,Gurgaon,PhD,8,Excel,Data Scientist,12,LinkedIn
CAND02855,Vikram Jain,30,Ahmedabad,B.Tech,4,SQL,DevOps Engineer,33,Recruiter Outreach
CAND02856,Kavya Verma,24,Kolkata,M.Tech,2,Deep Learning,ML Engineer,18,Company Website
CAND02857,Nisha Singh,32,Hyderabad,B.Tech,10,SQL,Cloud Engineer,38,Recruiter Outreach
CAND02858,Sneha Das,43,Gurgaon,M.Sc,4,Java,Data Scientist,35,Naukri
CAND02859,Amit Singh,24,Hyderabad,PhD,8,Python,Software Engineer,9,Naukri
CAND02860,Nisha Mehta,43,Kolkata,B.Sc,8,NLP,ML Engineer,19,Referral
CAND02861,Kiran Kulkarni,30,Noida,B.Tech,12,Cybersecurity,Product Manager,30,Recruiter Outreach
CAND02862,Sneha Reddy,35,Kolkata,M.Tech,14,DevOps,Data Scientist,10,LinkedIn
CAND02863,Rohit Patel,31,Bangalore,B.Tech,8,Deep Learning,DevOps Engineer,35,Naukri
CAND02864,Arjun Mehta,28,Mumbai,MBA,0,Power BI,Data Scientist,9,Referral
CAND02865,Pooja Patel,23,Pune,M.Sc,8,Cloud Architecture,DevOps Engineer,9,Company Website
CAND02866,Pooja Mehta,35,Delhi,B.Tech,13,NodeJS,Cloud Engineer,24,Recruiter Outreach
CAND02867,Kiran Kulkarni,42,Ahmedabad,PhD,7,Statistics,Cloud Engineer,14,Company Website
CAND02868,Vikram Jain,33,Noida,M.Tech,8,Power BI,Data Scientist,27,LinkedIn
CAND02869,Sneha Sharma,35,Kolkata,B.Sc,11,Machine Learning,Cloud Engineer,19,Referral
CAND02870,Sanjay Nair,36,Chennai,M.Sc,6,SQL,Software Engineer,15,LinkedIn
CAND02871,Aditya Singh,30,Ahmedabad,B.Sc,6,NodeJS,DevOps Engineer,34,Naukri
CAND02872,Amit Sharma,23,Ahmedabad,MBA,7,Python,Product Manager,11,LinkedIn
CAND02873,Arjun Gupta,33,Bangalore,MBA,12,Tableau,Data Scientist,22,Company Website
CAND02874,Aditya Patel,41,Kolkata,MBA,7,Excel,Software Engineer,11,Naukri
CAND02875,Aditya Gupta,28,Mumbai,M.Tech,4,Statistics,Product Manager,10,Referral
CAND02876,Priya Gupta,41,Delhi,M.Tech,8,TensorFlow,Data Scientist,12,Recruiter Outreach
CAND02877,Rahul Mehta,41,Chennai,M.Sc,10,Tableau,ML Engineer,14,Company Website
CAND02878,Neha Kulkarni,26,Hyderabad,PhD,13,Docker,Data Analyst,20,Company Website
CAND02879,Rohit Sharma,34,Ahmedabad,PhD,13,Excel,Product Manager,21,Referral
CAND02880,Priya Iyer,38,Noida,M.Tech,11,Cybersecurity,Software Engineer,10,Referral
CAND02881,Sneha Patel,32,Pune,M.Tech,11,NLP,Software Engineer,7,Naukri
CAND02882,Neha Kulkarni,37,Pune,B.Tech,6,NodeJS,Cloud Engineer,9,Company Website
CAND02883,Vikram Reddy,42,Pune,M.Tech,5,Statistics,Data Scientist,27,Recruiter Outreach
CAND02884,Kavya Kulkarni,36,Hyderabad,B.Sc,8,Machine Learning,Software Engineer,39,Company Website
CAND02885,Neha Gupta,41,Mumbai,M.Tech,10,Deep Learning,Software Engineer,6,LinkedIn
CAND02886,Arjun Sharma,40,Bangalore,M.Sc,7,Excel,Software Engineer,7,Recruiter Outreach
CAND02887,Kavya Jain,40,Gurgaon,B.Tech,3,Cloud Architecture,DevOps Engineer,32,Referral
CAND02888,Arjun Patel,41,Kolkata,MBA,0,Kubernetes,ML Engineer,30,LinkedIn
CAND02889,Meera Patel,26,Gurgaon,M.Tech,0,Machine Learning,Software Engineer,30,Naukri
CAND02890,Sneha Iyer,21,Chennai,MBA,6,Excel,Product Manager,11,Naukri
CAND02891,Aditya Jain,24,Noida,B.Tech,11,Kubernetes,Cloud Engineer,35,LinkedIn
CAND02892,Ananya Nair,26,Ahmedabad,MBA,11,TensorFlow,Product Manager,27,Referral
CAND02893,Kiran Nair,37,Mumbai,M.Sc,12,Tableau,DevOps Engineer,11,Referral
CAND02894,Rohit Jain,33,Ahmedabad,PhD,10,Java,DevOps Engineer,9,Naukri
CAND02895,Meera Patel,32,Gurgaon,M.Tech,0,SQL,ML Engineer,26,Company Website
CAND02896,Arjun Jain,21,Hyderabad,MBA,13,Python,ML Engineer,32,Company Website
CAND02897,Arjun Iyer,37,Chennai,M.Sc,14,SQL,Data Analyst,32,LinkedIn
CAND02898,Pooja Nair,29,Chennai,MBA,12,Power BI,Software Engineer,25,LinkedIn
CAND02899,Ananya Mehta,39,Pune,B.Sc,6,NLP,Cloud Engineer,23,Company Website
CAND02900,Priya Mehta,23,Bangalore,MBA,3,Data Analysis,Data Scientist,29,Recruiter Outreach
CAND02901,Arjun Jain,28,Bangalore,PhD,13,Cybersecurity,Product Manager,10,LinkedIn
CAND02902,Vikram Iyer,22,Mumbai,B.Sc,2,Tableau,ML Engineer,18,Referral
CAND02903,Arjun Jain,27,Delhi,PhD,11,NodeJS,Software Engineer,9,LinkedIn
CAND02904,Kavya Mehta,43,Chennai,M.Sc,14,AWS,Software Engineer,34,Naukri
CAND02905,Kiran Verma,32,Hyderabad,MBA,13,Deep Learning,Product Manager,26,Referral
CAND02906,Vikram Jain,31,Pune,M.Tech,7,Statistics,Cloud Engineer,32,LinkedIn
CAND02907,Ananya Sharma,27,Ahmedabad,B.Tech,12,Tableau,Data Scientist,22,Recruiter Outreach
CAND02908,Arjun Bose,27,Noida,B.Sc,12,Cloud Architecture,Cloud Engineer,37,Company Website
CAND02909,Arjun Kulkarni,37,Chennai,M.Sc,14,Java,DevOps Engineer,37,Naukri
CAND02910,Ananya Verma,44,Gurgaon,MBA,5,Cloud Architecture,Data Scientist,26,Company Website
CAND02911,Pooja Iyer,38,Hyderabad,B.Tech,9,NodeJS,Cloud Engineer,34,Referral
CAND02912,Rohit Kulkarni,38,Bangalore,M.Sc,12,Deep Learning,Data Scientist,28,Recruiter Outreach
CAND02913,Rahul Verma,32,Noida,M.Tech,3,Cybersecurity,Software Engineer,30,Naukri
CAND02914,Priya Singh,23,Gurgaon,B.Sc,3,NodeJS,ML Engineer,14,Referral
CAND02915,Neha Iyer,38,Noida,B.Tech,5,DevOps,Data Scientist,39,Naukri
CAND02916,Pooja Gupta,40,Delhi,B.Tech,5,Deep Learning,Data Analyst,12,Naukri
CAND02917,Vikram Chopra,33,Mumbai,PhD,11,DevOps,DevOps Engineer,29,Company Website
CAND02918,Aditya Sharma,23,Noida,M.Sc,14,Cybersecurity,Data Analyst,26,Recruiter Outreach
CAND02919,Vikram Verma,38,Noida,B.Tech,2,Data Analysis,Software Engineer,9,Referral
CAND02920,Sanjay Jain,43,Chennai,B.Tech,4,Excel,Data Analyst,32,Company Website
CAND02921,Rohit Sharma,26,Bangalore,MBA,13,NLP,ML Engineer,8,LinkedIn
CAND02922,Pooja Iyer,24,Ahmedabad,M.Sc,8,Tableau,Data Scientist,23,Referral
CAND02923,Priya Verma,38,Hyderabad,MBA,3,DevOps,ML Engineer,33,Naukri
CAND02924,Ananya Sharma,28,Bangalore,PhD,9,Cloud Architecture,Data Scientist,10,Naukri
CAND02925,Rahul Nair,38,Gurgaon,B.Sc,13,SQL,Cloud Engineer,18,Company Website
CAND02926,Vikram Verma,37,Chennai,B.Sc,5,SQL,DevOps Engineer,23,LinkedIn
CAND02927,Arjun Nair,27,Delhi,M.Tech,7,Java,ML Engineer,37,Recruiter Outreach
CAND02928,Kavya Mehta,22,Noida,M.Sc,9,Kubernetes,Data Analyst,18,Naukri
CAND02929,Neha Verma,34,Hyderabad,PhD,12,Data Analysis,Data Analyst,10,Naukri
CAND02930,Rohit Nair,30,Pune,B.Tech,8,Cybersecurity,Data Scientist,10,Company Website
CAND02931,Ananya Iyer,41,Pune,M.Sc,14,Cybersecurity,Product Manager,12,Company Website
CAND02932,Aditya Kulkarni,29,Ahmedabad,PhD,11,Machine Learning,Product Manager,35,Naukri
CAND02933,Meera Bose,26,Delhi,MBA,6,React,Cloud Engineer,32,Naukri
CAND02934,Aditya Verma,41,Chennai,M.Sc,7,Cybersecurity,Cloud Engineer,20,Referral
CAND02935,Sanjay Singh,38,Hyderabad,MBA,10,TensorFlow,Data Analyst,34,Naukri
CAND02936,Meera Reddy,35,Gurgaon,M.Tech,1,NodeJS,Cloud Engineer,37,Referral
CAND02937,Meera Patel,43,Ahmedabad,M.Sc,3,Excel,Data Analyst,35,Company Website
CAND02938,Aditya Gupta,39,Gurgaon,M.Tech,3,TensorFlow,ML Engineer,6,Naukri
CAND02939,Kiran Sharma,41,Delhi,M.Sc,12,NLP,ML Engineer,9,Referral
CAND02940,Rahul Jain,40,Chennai,M.Tech,12,Cloud Architecture,Cloud Engineer,30,Naukri
CAND02941,Pooja Gupta,30,Kolkata,MBA,12,Excel,Data Analyst,18,Recruiter Outreach
CAND02942,Rahul Chopra,22,Kolkata,M.Sc,1,Statistics,Cloud Engineer,11,Naukri
CAND02943,Nisha Iyer,35,Hyderabad,MBA,4,Cybersecurity,ML Engineer,27,Referral
CAND02944,Kiran Gupta,39,Ahmedabad,M.Sc,4,Docker,Data Analyst,18,Naukri
CAND02945,Meera Mehta,44,Kolkata,B.Tech,0,Deep Learning,Data Scientist,37,Company Website
CAND02946,Rahul Reddy,37,Kolkata,B.Tech,3,Machine Learning,ML Engineer,25,LinkedIn
CAND02947,Rohit Chopra,34,Mumbai,B.Tech,6,Statistics,Data Scientist,14,Naukri
CAND02948,Amit Jain,34,Pune,M.Tech,13,Cloud Architecture,ML Engineer,37,LinkedIn
CAND02949,Kiran Bose,23,Bangalore,B.Tech,2,AWS,DevOps Engineer,26,Recruiter Outreach
CAND02950,Aditya Iyer,21,Gurgaon,MBA,12,DevOps,Data Scientist,16,Company Website
CAND02951,Priya Das,22,Mumbai,B.Tech,12,Cybersecurity,ML Engineer,10,LinkedIn
CAND02952,Sneha Iyer,42,Mumbai,M.Sc,2,Excel,DevOps Engineer,24,Naukri
CAND02953,Kavya Bose,39,Mumbai,B.Tech,3,Cloud Architecture,ML Engineer,31,Recruiter Outreach
CAND02954,Sanjay Kulkarni,27,Pune,PhD,6,Cybersecurity,Data Analyst,34,Recruiter Outreach
CAND02955,Sneha Reddy,31,Ahmedabad,PhD,14,Tableau,Product Manager,10,LinkedIn
CAND02956,Meera Iyer,32,Gurgaon,M.Sc,11,Python,Cloud Engineer,20,Referral
CAND02957,Rohit Sharma,26,Gurgaon,M.Sc,14,NodeJS,Data Scientist,39,LinkedIn
CAND02958,Neha Gupta,31,Bangalore,M.Sc,4,Data Analysis,ML Engineer,28,Referral
CAND02959,Kiran Bose,29,Noida,PhD,13,Excel,DevOps Engineer,9,Recruiter Outreach
CAND02960,Rahul Chopra,37,Gurgaon,B.Sc,14,NodeJS,Software Engineer,37,Company Website
CAND02961,Kiran Jain,39,Delhi,B.Sc,8,Cloud Architecture,Software Engineer,29,Referral
CAND02962,Aditya Patel,23,Kolkata,MBA,2,Java,Data Analyst,21,Referral
CAND02963,Meera Nair,32,Delhi,B.Sc,4,Cloud Architecture,DevOps Engineer,32,Company Website
CAND02964,Priya Gupta,44,Hyderabad,MBA,1,NLP,Data Analyst,28,Naukri
CAND02965,Aditya Kulkarni,41,Noida,B.Tech,12,Docker,Data Scientist,14,Naukri
CAND02966,Neha Reddy,40,Ahmedabad,PhD,4,DevOps,Data Scientist,33,Naukri
CAND02967,Pooja Gupta,38,Kolkata,M.Sc,10,Deep Learning,Data Scientist,14,Recruiter Outreach
CAND02968,Rahul Nair,21,Chennai,M.Sc,4,Deep Learning,ML Engineer,13,Naukri
CAND02969,Nisha Iyer,44,Delhi,M.Tech,14,TensorFlow,Cloud Engineer,26,Company Website
CAND02970,Vikram Singh,38,Ahmedabad,M.Sc,11,Excel,Product Manager,6,Recruiter Outreach
CAND02971,Sneha Verma,42,Gurgaon,B.Sc,5,Statistics,Data Analyst,27,Referral
CAND02972,Vikram Patel,42,Delhi,B.Tech,7,Excel,Data Scientist,24,Company Website
CAND02973,Vikram Jain,27,Bangalore,PhD,0,Kubernetes,Data Scientist,30,Recruiter Outreach
CAND02974,Aditya Kulkarni,21,Ahmedabad,PhD,2,AWS,Cloud Engineer,11,Referral
CAND02975,Arjun Chopra,36,Ahmedabad,PhD,14,TensorFlow,Software Engineer,25,Referral
CAND02976,Sneha Verma,32,Mumbai,MBA,12,Docker,Product Manager,21,LinkedIn
CAND02977,Kiran Verma,21,Mumbai,M.Tech,12,AWS,Data Analyst,11,Company Website
CAND02978,Sneha Das,27,Pune,B.Tech,9,Tableau,Product Manager,21,Company Website
CAND02979,Ananya Bose,44,Hyderabad,M.Sc,3,Excel,Data Scientist,37,Company Website
CAND02980,Rahul Nair,29,Pune,PhD,1,Power BI,Product Manager,34,Referral
CAND02981,Pooja Gupta,27,Kolkata,B.Tech,10,Tableau,Data Analyst,11,Company Website
CAND02982,Meera Patel,36,Ahmedabad,M.Sc,4,Cybersecurity,Data Analyst,34,LinkedIn
CAND02983,Meera Nair,36,Pune,B.Tech,0,Python,Data Analyst,25,Company Website
CAND02984,Sneha Sharma,28,Kolkata,M.Sc,0,AWS,Software Engineer,7,Naukri
CAND02985,Meera Gupta,41,Pune,B.Tech,8,AWS,DevOps Engineer,37,Recruiter Outreach
CAND02986,Kavya Sharma,34,Gurgaon,PhD,12,Cybersecurity,Cloud Engineer,23,Recruiter Outreach
CAND02987,Nisha Kulkarni,24,Hyderabad,M.Tech,5,React,Cloud Engineer,37,Naukri
CAND02988,Aditya Iyer,28,Mumbai,MBA,14,Power BI,Product Manager,9,Company Website
CAND02989,Sneha Nair,41,Chennai,M.Sc,5,SQL,Software Engineer,11,Recruiter Outreach
CAND02990,Ananya Chopra,23,Kolkata,PhD,10,Excel,Cloud Engineer,36,Referral
CAND02991,Aditya Chopra,21,Ahmedabad,MBA,3,NLP,Product Manager,14,LinkedIn
CAND02992,Rahul Reddy,36,Pune,PhD,9,Deep Learning,Data Scientist,24,Naukri
CAND02993,Aditya Kulkarni,31,Kolkata,B.Tech,4,NodeJS,Data Analyst,26,Referral
CAND02994,Pooja Kulkarni,27,Bangalore,MBA,11,Tableau,DevOps Engineer,38,Company Website
CAND02995,Amit Singh,32,Chennai,PhD,6,Cybersecurity,Data Analyst,17,Company Website
CAND02996,Pooja Verma,25,Pune,M.Tech,0,SQL,Data Scientist,31,Naukri
CAND02997,Rahul Iyer,29,Ahmedabad,B.Sc,3,TensorFlow,DevOps Engineer,30,Referral
CAND02998,Pooja Jain,26,Gurgaon,MBA,5,Tableau,Software Engineer,29,Naukri
CAND02999,Sanjay Patel,35,Noida,MBA,6,NLP,DevOps Engineer,23,Naukri
CAND03000,Ananya Chopra,37,Gurgaon,M.Sc,4,Excel,Data Scientist,8,LinkedIn
CAND03001,Kiran Nair,42,Kolkata,B.Sc,8,Cloud Architecture,Data Scientist,15,Company Website
CAND03002,Kavya Gupta,22,Pune,M.Sc,14,NodeJS,DevOps Engineer,25,Referral
CAND03003,Vikram Das,28,Bangalore,B.Sc,10,Machine Learning,Product Manager,19,Naukri
CAND03004,Priya Patel,27,Mumbai,PhD,4,TensorFlow,DevOps Engineer,12,Recruiter Outreach
CAND03005,Arjun Das,34,Chennai,MBA,10,SQL,Product Manager,29,LinkedIn
CAND03006,Kiran Nair,33,Chennai,M.Sc,14,NLP,Cloud Engineer,21,Naukri
CAND03007,Rohit Patel,42,Mumbai,B.Sc,3,NodeJS,ML Engineer,32,LinkedIn
CAND03008,Neha Patel,43,Noida,M.Sc,3,AWS,Data Scientist,24,Naukri
CAND03009,Sanjay Das,39,Mumbai,PhD,0,Power BI,Data Analyst,18,Referral
CAND03010,Vikram Reddy,25,Gurgaon,M.Tech,12,Statistics,DevOps Engineer,9,Recruiter Outreach
CAND03011,Neha Bose,21,Gurgaon,M.Tech,12,Cybersecurity,Cloud Engineer,9,Referral
CAND03012,Kavya Das,42,Kolkata,M.Tech,6,TensorFlow,Data Analyst,23,Company Website
CAND03013,Kavya Verma,43,Pune,MBA,13,NLP,Product Manager,18,LinkedIn
CAND03014,Rohit Gupta,27,Kolkata,MBA,9,DevOps,Cloud Engineer,30,Naukri
CAND03015,Aditya Verma,22,Delhi,B.Tech,14,Deep Learning,DevOps Engineer,27,Recruiter Outreach
CAND03016,Sanjay Jain,37,Kolkata,PhD,13,Cloud Architecture,Data Analyst,15,Company Website
CAND03017,Sneha Patel,35,Noida,PhD,14,AWS,Data Scientist,31,Referral
CAND03018,Ananya Reddy,42,Noida,B.Sc,5,Docker,Cloud Engineer,25,Recruiter Outreach
CAND03019,Arjun Gupta,34,Mumbai,M.Tech,9,SQL,DevOps Engineer,35,Recruiter Outreach
CAND03020,Arjun Mehta,39,Noida,M.Sc,2,DevOps,Product Manager,38,Naukri
CAND03021,Neha Das,39,Chennai,M.Tech,13,NLP,Data Scientist,38,Recruiter Outreach
CAND03022,Ananya Singh,21,Kolkata,M.Tech,4,Docker,ML Engineer,10,LinkedIn
CAND03023,Priya Kulkarni,24,Noida,PhD,6,Machine Learning,DevOps Engineer,23,Referral
CAND03024,Rahul Reddy,39,Mumbai,PhD,8,Statistics,Data Analyst,6,Recruiter Outreach
CAND03025,Arjun Patel,25,Kolkata,B.Sc,11,Data Analysis,DevOps Engineer,35,Recruiter Outreach
CAND03026,Arjun Gupta,25,Mumbai,M.Tech,10,Cybersecurity,Data Analyst,29,Recruiter Outreach
CAND03027,Pooja Bose,39,Bangalore,B.Tech,14,Cybersecurity,DevOps Engineer,14,LinkedIn
CAND03028,Amit Nair,25,Bangalore,PhD,10,Docker,DevOps Engineer,26,Referral
CAND03029,Kiran Mehta,24,Ahmedabad,M.Tech,11,SQL,ML Engineer,25,Company Website
CAND03030,Kavya Chopra,21,Pune,M.Sc,8,NLP,Cloud Engineer,24,LinkedIn
CAND03031,Arjun Sharma,32,Kolkata,MBA,6,Kubernetes,Data Analyst,24,Recruiter Outreach
CAND03032,Neha Gupta,36,Bangalore,MBA,13,AWS,DevOps Engineer,39,Recruiter Outreach
CAND03033,Arjun Gupta,38,Noida,PhD,5,Docker,DevOps Engineer,32,Recruiter Outreach
CAND03034,Rahul Jain,42,Mumbai,B.Sc,9,Deep Learning,Cloud Engineer,19,Recruiter Outreach
CAND03035,Rahul Verma,36,Hyderabad,MBA,4,AWS,Software Engineer,32,Referral
CAND03036,Meera Nair,39,Noida,MBA,7,Java,Data Scientist,10,Recruiter Outreach
CAND03037,Aditya Sharma,26,Gurgaon,M.Tech,5,Tableau,ML Engineer,15,Referral
CAND03038,Vikram Iyer,29,Kolkata,B.Sc,3,Java,Product Manager,9,LinkedIn
CAND03039,Ananya Nair,28,Kolkata,B.Sc,12,React,ML Engineer,36,Referral
CAND03040,Aditya Mehta,22,Delhi,B.Tech,11,Docker,ML Engineer,6,Company Website
CAND03041,Sneha Bose,44,Hyderabad,MBA,10,DevOps,Product Manager,36,Recruiter Outreach
CAND03042,Kiran Das,26,Bangalore,B.Sc,1,Tableau,ML Engineer,34,Company Website
CAND03043,Kavya Singh,31,Ahmedabad,B.Tech,3,Machine Learning,Data Analyst,38,Referral
CAND03044,Arjun Das,29,Noida,PhD,3,Deep Learning,Software Engineer,32,Company Website
CAND03045,Sneha Jain,22,Ahmedabad,PhD,10,Cloud Architecture,DevOps Engineer,21,Naukri
CAND03046,Rahul Singh,42,Chennai,B.Sc,13,TensorFlow,DevOps Engineer,33,Naukri
CAND03047,Neha Nair,26,Chennai,B.Tech,5,Java,Data Analyst,39,Referral
CAND03048,Kiran Bose,23,Kolkata,B.Sc,4,React,Data Analyst,36,LinkedIn
CAND03049,Sanjay Gupta,29,Gurgaon,PhD,8,Tableau,Cloud Engineer,32,Referral
CAND03050,Sneha Bose,24,Bangalore,B.Tech,14,NLP,DevOps Engineer,32,Recruiter Outreach
CAND03051,Kavya Patel,44,Delhi,M.Sc,5,AWS,Data Analyst,28,Naukri
CAND03052,Pooja Verma,25,Bangalore,PhD,4,Statistics,Product Manager,36,LinkedIn
CAND03053,Amit Das,28,Gurgaon,B.Tech,7,Machine Learning,Data Scientist,20,Referral
CAND03054,Ananya Nair,27,Mumbai,M.Tech,13,Cloud Architecture,Cloud Engineer,23,Naukri
CAND03055,Pooja Singh,21,Kolkata,M.Sc,10,Java,ML Engineer,34,Naukri
CAND03056,Kavya Nair,21,Ahmedabad,PhD,7,NodeJS,Software Engineer,14,Company Website
CAND03057,Sneha Iyer,33,Mumbai,M.Sc,10,Java,Data Scientist,31,Naukri
CAND03058,Pooja Gupta,26,Noida,B.Sc,0,Java,Data Analyst,9,LinkedIn
CAND03059,Rohit Gupta,23,Mumbai,B.Sc,11,Python,Cloud Engineer,25,Naukri
CAND03060,Sneha Nair,27,Hyderabad,B.Sc,1,Cloud Architecture,Software Engineer,7,LinkedIn
CAND03061,Sanjay Singh,27,Hyderabad,B.Sc,5,Docker,DevOps Engineer,39,Naukri
CAND03062,Rahul Gupta,31,Delhi,M.Sc,5,React,Software Engineer,34,Naukri
CAND03063,Rahul Bose,44,Ahmedabad,B.Tech,10,Machine Learning,Cloud Engineer,14,Referral
CAND03064,Neha Mehta,28,Chennai,M.Tech,3,Statistics,Product Manager,11,Company Website
CAND03065,Priya Singh,37,Hyderabad,B.Tech,3,Cloud Architecture,Cloud Engineer,27,Company Website
CAND03066,Aditya Mehta,39,Mumbai,M.Sc,13,Tableau,Software Engineer,36,Referral
CAND03067,Kiran Iyer,22,Kolkata,M.Sc,7,DevOps,Cloud Engineer,16,Naukri
CAND03068,Rahul Das,33,Hyderabad,B.Tech,11,SQL,Data Scientist,38,Naukri
CAND03069,Priya Singh,31,Chennai,B.Tech,8,NLP,Product Manager,21,Naukri
CAND03070,Neha Sharma,33,Mumbai,M.Tech,9,Python,Cloud Engineer,21,Naukri
CAND03071,Rohit Jain,25,Bangalore,M.Tech,10,Machine Learning,DevOps Engineer,17,Referral
CAND03072,Priya Chopra,32,Delhi,B.Sc,10,Cloud Architecture,DevOps Engineer,15,LinkedIn
CAND03073,Rohit Das,23,Ahmedabad,MBA,13,Power BI,ML Engineer,17,LinkedIn
CAND03074,Priya Bose,43,Hyderabad,MBA,11,Kubernetes,Data Analyst,11,LinkedIn
CAND03075,Amit Bose,35,Delhi,B.Tech,4,DevOps,Data Scientist,18,Recruiter Outreach
CAND03076,Kiran Reddy,21,Kolkata,B.Sc,2,Cybersecurity,Software Engineer,15,LinkedIn
CAND03077,Amit Nair,33,Hyderabad,M.Sc,12,Excel,DevOps Engineer,7,Recruiter Outreach
CAND03078,Priya Nair,43,Bangalore,B.Sc,5,Data Analysis,Software Engineer,18,Recruiter Outreach
CAND03079,Sanjay Gupta,38,Mumbai,M.Sc,4,SQL,Cloud Engineer,7,Referral
CAND03080,Sneha Gupta,27,Ahmedabad,PhD,1,Cloud Architecture,Cloud Engineer,12,Naukri
CAND03081,Sneha Patel,42,Pune,PhD,8,TensorFlow,Data Analyst,30,Referral
CAND03082,Sneha Verma,25,Bangalore,B.Sc,7,AWS,Software Engineer,6,Referral
CAND03083,Vikram Das,26,Pune,B.Tech,12,Tableau,Software Engineer,16,Referral
CAND03084,Pooja Das,24,Gurgaon,MBA,11,Cloud Architecture,Data Analyst,29,Referral
CAND03085,Rohit Reddy,43,Hyderabad,MBA,10,Data Analysis,Cloud Engineer,6,Company Website
CAND03086,Aditya Iyer,38,Gurgaon,M.Sc,8,Power BI,Data Scientist,31,Naukri
CAND03087,Kavya Singh,33,Noida,PhD,12,DevOps,Data Analyst,8,LinkedIn
CAND03088,Meera Kulkarni,37,Mumbai,B.Sc,14,Excel,Data Analyst,7,Referral
CAND03089,Sanjay Bose,27,Hyderabad,MBA,12,Statistics,Software Engineer,12,Recruiter Outreach
CAND03090,Arjun Bose,22,Mumbai,M.Sc,5,Machine Learning,ML Engineer,35,Recruiter Outreach
CAND03091,Rahul Bose,41,Mumbai,M.Sc,4,Tableau,Cloud Engineer,7,LinkedIn
CAND03092,Rahul Chopra,44,Chennai,M.Sc,0,Tableau,Data Analyst,9,Naukri
CAND03093,Arjun Jain,21,Bangalore,B.Sc,14,Data Analysis,DevOps Engineer,38,Recruiter Outreach
CAND03094,Rahul Singh,22,Mumbai,B.Sc,10,TensorFlow,Data Scientist,26,LinkedIn
CAND03095,Aditya Sharma,34,Chennai,MBA,14,Tableau,ML Engineer,25,LinkedIn
CAND03096,Vikram Patel,22,Chennai,MBA,11,DevOps,ML Engineer,7,Referral
CAND03097,Neha Mehta,38,Ahmedabad,M.Tech,6,Deep Learning,Software Engineer,19,Referral
CAND03098,Ananya Gupta,43,Noida,M.Tech,2,Data Analysis,Cloud Engineer,25,Recruiter Outreach
CAND03099,Rahul Iyer,27,Hyderabad,B.Sc,0,Tableau,DevOps Engineer,24,Referral
CAND03100,Nisha Jain,28,Chennai,MBA,11,Docker,Product Manager,23,Referral
CAND03101,Sneha Iyer,41,Mumbai,B.Tech,4,Deep Learning,Software Engineer,9,Referral
CAND03102,Amit Jain,29,Hyderabad,B.Tech,5,Data Analysis,Cloud Engineer,39,Referral
CAND03103,Meera Das,26,Delhi,PhD,12,Kubernetes,ML Engineer,29,Recruiter Outreach
CAND03104,Vikram Nair,23,Mumbai,MBA,7,NLP,Cloud Engineer,14,LinkedIn
CAND03105,Amit Verma,41,Ahmedabad,B.Sc,14,Cybersecurity,DevOps Engineer,38,Naukri
CAND03106,Ananya Reddy,43,Delhi,PhD,8,Tableau,Data Scientist,16,Company Website
CAND03107,Meera Verma,22,Gurgaon,B.Tech,12,TensorFlow,DevOps Engineer,10,LinkedIn
CAND03108,Kavya Iyer,40,Bangalore,PhD,1,Deep Learning,Data Analyst,36,LinkedIn
CAND03109,Amit Jain,24,Kolkata,M.Sc,5,Cloud Architecture,Data Scientist,11,Recruiter Outreach
CAND03110,Vikram Reddy,24,Hyderabad,B.Sc,2,Tableau,Cloud Engineer,8,Referral
CAND03111,Kiran Gupta,30,Ahmedabad,MBA,0,Java,Data Analyst,27,Referral
CAND03112,Arjun Verma,31,Delhi,M.Sc,14,NodeJS,DevOps Engineer,14,Referral
CAND03113,Ananya Verma,41,Noida,M.Tech,7,Deep Learning,DevOps Engineer,11,LinkedIn
CAND03114,Amit Singh,37,Bangalore,M.Tech,5,SQL,Data Scientist,9,LinkedIn
CAND03115,Kavya Nair,24,Ahmedabad,PhD,5,AWS,Software Engineer,10,LinkedIn
CAND03116,Rahul Iyer,35,Pune,M.Tech,3,Cybersecurity,DevOps Engineer,38,Naukri
CAND03117,Sanjay Verma,42,Mumbai,M.Sc,1,NLP,Software Engineer,28,Naukri
CAND03118,Sanjay Gupta,36,Chennai,PhD,13,Kubernetes,Product Manager,34,Referral
CAND03119,Nisha Gupta,26,Kolkata,B.Sc,1,Python,Software Engineer,27,Recruiter Outreach
CAND03120,Kiran Iyer,24,Ahmedabad,M.Tech,5,Machine Learning,Data Analyst,24,Referral
CAND03121,Aditya Reddy,31,Kolkata,PhD,2,Cybersecurity,Data Analyst,13,LinkedIn
CAND03122,Sanjay Reddy,32,Delhi,M.Sc,13,Python,Data Scientist,38,LinkedIn
CAND03123,Sanjay Singh,29,Ahmedabad,B.Sc,3,Excel,Cloud Engineer,33,Company Website
CAND03124,Amit Iyer,23,Chennai,B.Tech,5,AWS,Data Scientist,23,Naukri
CAND03125,Kiran Iyer,23,Chennai,MBA,11,Java,Data Analyst,9,Referral
CAND03126,Vikram Kulkarni,33,Pune,MBA,8,TensorFlow,Product Manager,31,Referral
CAND03127,Vikram Patel,43,Gurgaon,M.Tech,5,AWS,Product Manager,17,Referral
CAND03128,Ananya Verma,35,Hyderabad,MBA,8,Data Analysis,ML Engineer,13,Naukri
CAND03129,Meera Jain,31,Pune,B.Tech,6,TensorFlow,Software Engineer,31,Company Website
CAND03130,Priya Mehta,43,Hyderabad,M.Sc,4,Docker,Data Analyst,34,Company Website
CAND03131,Sneha Bose,37,Noida,MBA,8,React,DevOps Engineer,26,Company Website
CAND03132,Rohit Patel,38,Bangalore,M.Sc,5,Java,ML Engineer,8,LinkedIn
CAND03133,Meera Sharma,34,Hyderabad,MBA,14,Machine Learning,Data Analyst,26,Naukri
CAND03134,Vikram Das,39,Hyderabad,M.Sc,6,Python,Cloud Engineer,37,Company Website
CAND03135,Rohit Das,33,Delhi,M.Sc,11,AWS,Cloud Engineer,29,Referral
CAND03136,Ananya Chopra,35,Gurgaon,B.Tech,3,Cloud Architecture,Cloud Engineer,15,Naukri
CAND03137,Ananya Sharma,35,Noida,MBA,9,Statistics,Product Manager,27,LinkedIn
CAND03138,Priya Das,39,Pune,M.Sc,8,Docker,Product Manager,14,Recruiter Outreach
CAND03139,Amit Mehta,42,Hyderabad,B.Sc,11,Java,Data Analyst,35,Company Website
CAND03140,Amit Reddy,28,Noida,M.Tech,6,Kubernetes,Product Manager,34,Company Website
CAND03141,Ananya Iyer,37,Bangalore,M.Sc,10,Kubernetes,Data Analyst,25,Naukri
CAND03142,Kavya Jain,21,Mumbai,M.Tech,0,Docker,DevOps Engineer,10,Company Website
CAND03143,Priya Sharma,33,Hyderabad,PhD,10,NodeJS,Product Manager,19,Naukri
CAND03144,Vikram Chopra,42,Noida,M.Sc,11,Docker,Data Scientist,10,Recruiter Outreach
CAND03145,Arjun Nair,36,Noida,M.Tech,7,NodeJS,Product Manager,32,Referral
CAND03146,Amit Das,27,Pune,M.Tech,0,Tableau,Cloud Engineer,29,Recruiter Outreach
CAND03147,Priya Verma,35,Noida,PhD,8,Machine Learning,Product Manager,14,Company Website
CAND03148,Rahul Bose,29,Pune,B.Sc,11,Java,Cloud Engineer,35,Recruiter Outreach
CAND03149,Vikram Iyer,31,Gurgaon,M.Sc,6,Statistics,ML Engineer,31,LinkedIn
CAND03150,Neha Sharma,26,Delhi,M.Sc,1,Power BI,Software Engineer,37,Naukri
CAND03151,Rahul Nair,35,Pune,B.Tech,5,Data Analysis,Data Scientist,15,Company Website
CAND03152,Vikram Reddy,25,Hyderabad,M.Sc,14,NLP,DevOps Engineer,11,Company Website
CAND03153,Sanjay Patel,31,Kolkata,MBA,4,Java,Data Analyst,22,Company Website
CAND03154,Arjun Iyer,43,Chennai,PhD,7,Statistics,Data Analyst,15,Company Website
CAND03155,Kavya Reddy,39,Noida,M.Tech,5,Java,Cloud Engineer,31,Referral
CAND03156,Amit Sharma,30,Gurgaon,B.Tech,10,Deep Learning,Cloud Engineer,20,Recruiter Outreach
CAND03157,Pooja Sharma,44,Mumbai,B.Sc,6,Tableau,Data Scientist,27,Naukri
CAND03158,Sanjay Bose,21,Ahmedabad,B.Sc,5,Excel,Product Manager,11,Recruiter Outreach
CAND03159,Kavya Reddy,44,Hyderabad,B.Sc,8,Python,Software Engineer,8,Naukri
CAND03160,Sanjay Jain,29,Gurgaon,M.Tech,8,Data Analysis,Cloud Engineer,37,Naukri
CAND03161,Priya Jain,40,Chennai,MBA,7,Cybersecurity,DevOps Engineer,21,Naukri
CAND03162,Nisha Patel,43,Delhi,PhD,3,NLP,Data Analyst,10,Recruiter Outreach
CAND03163,Amit Das,35,Hyderabad,M.Sc,1,DevOps,ML Engineer,33,Recruiter Outreach
CAND03164,Priya Nair,35,Kolkata,PhD,10,Excel,ML Engineer,10,Naukri
CAND03165,Priya Verma,38,Pune,M.Tech,5,Python,Cloud Engineer,39,Naukri
CAND03166,Sneha Patel,26,Kolkata,PhD,9,SQL,Software Engineer,19,LinkedIn
CAND03167,Priya Iyer,25,Bangalore,MBA,5,Cloud Architecture,ML Engineer,21,LinkedIn
CAND03168,Rohit Patel,29,Kolkata,PhD,12,Power BI,Data Scientist,14,Company Website
CAND03169,Sanjay Nair,32,Mumbai,PhD,10,TensorFlow,Cloud Engineer,8,Referral
CAND03170,Vikram Jain,38,Mumbai,B.Tech,6,Cybersecurity,Software Engineer,19,Naukri
CAND03171,Kiran Verma,27,Mumbai,PhD,4,Python,Software Engineer,18,Company Website
CAND03172,Rahul Verma,34,Delhi,B.Sc,11,Data Analysis,Software Engineer,21,Referral
CAND03173,Rohit Jain,21,Bangalore,M.Sc,0,NodeJS,DevOps Engineer,22,Referral
CAND03174,Kavya Verma,21,Delhi,B.Sc,0,Java,Data Analyst,27,LinkedIn
CAND03175,Neha Sharma,44,Kolkata,M.Tech,1,TensorFlow,Data Analyst,8,Company Website
CAND03176,Rahul Bose,41,Mumbai,PhD,5,Machine Learning,ML Engineer,18,Naukri
CAND03177,Meera Mehta,41,Delhi,B.Tech,7,Cybersecurity,Software Engineer,35,LinkedIn
CAND03178,Meera Sharma,28,Gurgaon,M.Sc,4,Cloud Architecture,Product Manager,38,Naukri
CAND03179,Amit Kulkarni,33,Chennai,M.Tech,2,AWS,Data Analyst,24,LinkedIn
CAND03180,Ananya Jain,37,Ahmedabad,M.Sc,4,Cloud Architecture,Product Manager,18,Company Website
CAND03181,Sanjay Gupta,27,Noida,MBA,7,DevOps,Cloud Engineer,20,Referral
CAND03182,Pooja Singh,38,Mumbai,M.Tech,4,NodeJS,DevOps Engineer,32,Referral
CAND03183,Pooja Iyer,37,Delhi,M.Tech,8,NodeJS,Data Analyst,19,Recruiter Outreach
CAND03184,Amit Sharma,30,Hyderabad,M.Tech,5,Excel,Cloud Engineer,38,Company Website
CAND03185,Nisha Patel,31,Pune,PhD,14,NLP,Data Scientist,6,Company Website
CAND03186,Nisha Das,28,Ahmedabad,M.Sc,14,DevOps,Data Analyst,26,Company Website
CAND03187,Rahul Bose,40,Bangalore,M.Sc,9,Deep Learning,DevOps Engineer,23,Naukri
CAND03188,Rahul Iyer,44,Mumbai,B.Sc,8,Power BI,Data Scientist,21,LinkedIn
CAND03189,Ananya Reddy,44,Bangalore,MBA,0,AWS,ML Engineer,22,Referral
CAND03190,Vikram Iyer,39,Kolkata,PhD,9,Excel,Data Scientist,11,Recruiter Outreach
CAND03191,Ananya Sharma,29,Delhi,M.Tech,5,Excel,Data Analyst,17,Recruiter Outreach
CAND03192,Sneha Kulkarni,39,Kolkata,PhD,4,Docker,Data Analyst,18,Company Website
CAND03193,Kavya Verma,26,Chennai,MBA,11,Data Analysis,Data Analyst,28,Recruiter Outreach
CAND03194,Sneha Verma,42,Pune,MBA,0,TensorFlow,Data Scientist,26,Recruiter Outreach
CAND03195,Sanjay Mehta,27,Hyderabad,MBA,3,Machine Learning,Data Analyst,19,Referral
CAND03196,Vikram Kulkarni,30,Pune,M.Sc,11,Excel,Product Manager,23,Company Website
CAND03197,Ananya Patel,23,Delhi,M.Sc,13,Cloud Architecture,Data Scientist,25,Company Website
CAND03198,Ananya Iyer,22,Bangalore,M.Sc,7,Tableau,Cloud Engineer,7,LinkedIn
CAND03199,Ananya Jain,30,Ahmedabad,B.Tech,7,NodeJS,ML Engineer,36,Recruiter Outreach
CAND03200,Rohit Das,34,Hyderabad,B.Tech,14,Kubernetes,Data Scientist,36,Naukri
CAND03201,Vikram Bose,21,Hyderabad,PhD,1,Data Analysis,Data Scientist,18,Referral
CAND03202,Pooja Bose,41,Ahmedabad,PhD,7,NodeJS,Data Scientist,31,Naukri
CAND03203,Meera Verma,23,Delhi,B.Tech,3,Deep Learning,Software Engineer,19,Referral
CAND03204,Rohit Bose,44,Pune,PhD,7,NodeJS,Data Analyst,8,Referral
CAND03205,Pooja Mehta,27,Chennai,M.Tech,13,SQL,DevOps Engineer,35,Naukri
CAND03206,Priya Sharma,30,Bangalore,PhD,8,React,Data Scientist,15,Recruiter Outreach
CAND03207,Sneha Sharma,24,Gurgaon,PhD,14,SQL,DevOps Engineer,18,Naukri
CAND03208,Sneha Patel,40,Delhi,B.Sc,7,DevOps,Cloud Engineer,25,Referral
CAND03209,Nisha Patel,38,Gurgaon,M.Tech,12,Kubernetes,Data Scientist,20,Company Website
CAND03210,Kiran Reddy,22,Ahmedabad,M.Sc,2,Python,DevOps Engineer,15,Referral
CAND03211,Rahul Verma,23,Gurgaon,B.Tech,4,SQL,Data Scientist,33,Naukri
CAND03212,Nisha Chopra,35,Hyderabad,MBA,4,Machine Learning,Data Analyst,18,Referral
CAND03213,Nisha Nair,41,Bangalore,B.Sc,11,TensorFlow,DevOps Engineer,26,Referral
CAND03214,Kiran Iyer,23,Delhi,B.Tech,7,Docker,Product Manager,28,Referral
CAND03215,Pooja Das,26,Chennai,MBA,3,NLP,Data Analyst,37,Referral
CAND03216,Vikram Reddy,34,Hyderabad,M.Sc,2,NLP,Data Analyst,22,Recruiter Outreach
CAND03217,Ananya Sharma,23,Kolkata,B.Tech,5,Python,Cloud Engineer,22,Company Website
CAND03218,Pooja Gupta,28,Ahmedabad,MBA,2,Deep Learning,ML Engineer,37,Company Website
CAND03219,Priya Reddy,21,Hyderabad,B.Tech,10,DevOps,ML Engineer,22,LinkedIn
CAND03220,Pooja Gupta,32,Noida,B.Sc,12,Docker,Data Analyst,16,LinkedIn
CAND03221,Rohit Chopra,38,Ahmedabad,B.Tech,14,Excel,Data Scientist,7,Referral
CAND03222,Amit Das,30,Mumbai,M.Tech,3,Python,Data Scientist,17,Recruiter Outreach
CAND03223,Vikram Verma,27,Hyderabad,B.Sc,6,Data Analysis,Software Engineer,12,LinkedIn
CAND03224,Sneha Patel,31,Gurgaon,M.Tech,7,Excel,ML Engineer,16,Company Website
CAND03225,Sanjay Chopra,33,Chennai,M.Tech,7,SQL,DevOps Engineer,24,Recruiter Outreach
CAND03226,Nisha Verma,24,Gurgaon,PhD,6,Kubernetes,Data Analyst,23,Referral
CAND03227,Kavya Iyer,23,Chennai,M.Sc,3,React,Data Analyst,12,LinkedIn
CAND03228,Vikram Verma,25,Mumbai,B.Tech,1,TensorFlow,Data Analyst,21,LinkedIn
CAND03229,Neha Singh,44,Chennai,PhD,6,Excel,Data Scientist,21,LinkedIn
CAND03230,Rahul Singh,38,Chennai,MBA,1,NLP,Software Engineer,7,Recruiter Outreach
CAND03231,Sneha Patel,24,Kolkata,B.Tech,0,Cloud Architecture,Data Scientist,15,Company Website
CAND03232,Rahul Kulkarni,28,Pune,PhD,7,Excel,Software Engineer,30,Company Website
CAND03233,Neha Patel,30,Pune,MBA,12,Kubernetes,DevOps Engineer,6,LinkedIn
CAND03234,Rohit Iyer,25,Pune,M.Tech,8,NodeJS,Product Manager,16,Recruiter Outreach
CAND03235,Amit Patel,41,Delhi,B.Tech,0,DevOps,Software Engineer,22,Company Website
CAND03236,Kavya Jain,43,Ahmedabad,PhD,12,Data Analysis,ML Engineer,11,Recruiter Outreach
CAND03237,Sneha Gupta,26,Noida,M.Tech,10,Kubernetes,DevOps Engineer,27,Referral
CAND03238,Sneha Reddy,21,Kolkata,B.Sc,4,SQL,Product Manager,30,LinkedIn
CAND03239,Meera Reddy,27,Kolkata,M.Tech,4,Cybersecurity,Software Engineer,17,Recruiter Outreach
CAND03240,Kiran Bose,34,Noida,PhD,13,Python,Cloud Engineer,13,LinkedIn
CAND03241,Nisha Kulkarni,40,Noida,M.Sc,7,React,Software Engineer,32,LinkedIn
CAND03242,Meera Bose,29,Bangalore,B.Sc,2,Deep Learning,DevOps Engineer,13,LinkedIn
CAND03243,Sanjay Reddy,27,Ahmedabad,MBA,4,Tableau,ML Engineer,10,LinkedIn
CAND03244,Rahul Patel,26,Gurgaon,B.Sc,3,Java,ML Engineer,7,Naukri
CAND03245,Aditya Kulkarni,21,Kolkata,MBA,6,React,Product Manager,9,Referral
CAND03246,Vikram Reddy,21,Ahmedabad,PhD,5,Tableau,Software Engineer,35,Recruiter Outreach
CAND03247,Vikram Chopra,31,Hyderabad,M.Sc,8,React,Data Scientist,37,Recruiter Outreach
CAND03248,Ananya Bose,35,Pune,B.Tech,4,Data Analysis,Cloud Engineer,24,LinkedIn
CAND03249,Vikram Singh,21,Kolkata,M.Sc,9,Python,Data Scientist,37,Recruiter Outreach
CAND03250,Priya Jain,25,Chennai,M.Tech,7,Docker,Data Scientist,30,LinkedIn
CAND03251,Rohit Kulkarni,42,Ahmedabad,M.Tech,14,React,Cloud Engineer,19,Referral
CAND03252,Arjun Gupta,44,Noida,MBA,12,React,Software Engineer,30,Company Website
CAND03253,Nisha Singh,36,Bangalore,M.Tech,4,NLP,Data Scientist,20,Referral
CAND03254,Kiran Sharma,33,Hyderabad,PhD,0,NodeJS,Product Manager,38,LinkedIn
CAND03255,Vikram Chopra,34,Noida,PhD,8,AWS,ML Engineer,34,LinkedIn
CAND03256,Priya Patel,29,Hyderabad,B.Tech,5,Deep Learning,DevOps Engineer,34,Company Website
CAND03257,Sanjay Reddy,25,Bangalore,M.Tech,13,SQL,ML Engineer,24,Referral
CAND03258,Vikram Kulkarni,30,Bangalore,MBA,6,Data Analysis,DevOps Engineer,23,Referral
CAND03259,Sneha Sharma,37,Noida,M.Sc,4,Python,DevOps Engineer,9,Referral
CAND03260,Amit Patel,36,Mumbai,B.Sc,5,NodeJS,Cloud Engineer,28,Recruiter Outreach
CAND03261,Rahul Verma,37,Mumbai,M.Sc,12,Python,Software Engineer,9,Recruiter Outreach
CAND03262,Vikram Patel,35,Mumbai,B.Tech,1,Python,DevOps Engineer,24,Recruiter Outreach
CAND03263,Amit Singh,22,Gurgaon,B.Sc,14,Machine Learning,Cloud Engineer,10,LinkedIn
CAND03264,Pooja Reddy,36,Mumbai,M.Tech,3,Data Analysis,Cloud Engineer,22,Referral
CAND03265,Priya Gupta,42,Chennai,M.Tech,12,Python,Cloud Engineer,32,Recruiter Outreach
CAND03266,Kavya Iyer,36,Pune,M.Sc,8,Kubernetes,Software Engineer,16,Naukri
CAND03267,Nisha Das,34,Delhi,B.Tech,8,SQL,Data Analyst,26,LinkedIn
CAND03268,Neha Jain,26,Mumbai,B.Tech,3,Cloud Architecture,Product Manager,14,Referral
CAND03269,Neha Patel,40,Mumbai,MBA,10,Docker,ML Engineer,16,Recruiter Outreach
CAND03270,Nisha Jain,31,Chennai,M.Sc,9,Java,DevOps Engineer,12,Recruiter Outreach
CAND03271,Neha Nair,27,Noida,B.Sc,7,Power BI,Cloud Engineer,11,Naukri
CAND03272,Rahul Nair,32,Pune,B.Tech,6,SQL,Data Analyst,18,LinkedIn
CAND03273,Meera Verma,23,Chennai,M.Sc,8,TensorFlow,Product Manager,10,LinkedIn
CAND03274,Ananya Verma,43,Kolkata,MBA,7,Docker,Software Engineer,36,Referral
CAND03275,Rohit Chopra,37,Noida,M.Sc,14,Cloud Architecture,Cloud Engineer,31,Company Website
CAND03276,Rahul Singh,28,Gurgaon,M.Tech,0,Excel,DevOps Engineer,13,Recruiter Outreach
CAND03277,Arjun Kulkarni,40,Hyderabad,PhD,3,SQL,Data Scientist,36,Referral
CAND03278,Rahul Reddy,22,Ahmedabad,M.Tech,12,Deep Learning,Cloud Engineer,18,Recruiter Outreach
CAND03279,Nisha Patel,30,Pune,PhD,11,Power BI,DevOps Engineer,24,Recruiter Outreach
CAND03280,Kiran Verma,36,Noida,MBA,5,Cybersecurity,ML Engineer,29,Recruiter Outreach
CAND03281,Kavya Sharma,21,Chennai,M.Sc,7,Power BI,DevOps Engineer,32,Company Website
CAND03282,Amit Gupta,38,Mumbai,B.Sc,0,Statistics,Data Analyst,6,Naukri
CAND03283,Priya Patel,40,Ahmedabad,B.Tech,2,Excel,Product Manager,15,Recruiter Outreach
CAND03284,Rahul Iyer,35,Gurgaon,B.Tech,14,Deep Learning,Software Engineer,17,Company Website
CAND03285,Pooja Nair,25,Bangalore,MBA,9,Tableau,ML Engineer,25,Recruiter Outreach
CAND03286,Amit Nair,38,Mumbai,M.Tech,0,SQL,Data Scientist,35,Naukri
CAND03287,Rahul Mehta,29,Noida,B.Sc,11,React,Cloud Engineer,20,Referral
CAND03288,Amit Patel,38,Delhi,B.Tech,6,SQL,Product Manager,21,Naukri
CAND03289,Rahul Singh,36,Mumbai,B.Sc,8,Kubernetes,DevOps Engineer,8,Naukri
CAND03290,Kavya Reddy,23,Ahmedabad,M.Tech,12,Excel,Software Engineer,23,Referral
CAND03291,Ananya Das,23,Gurgaon,M.Tech,12,Excel,Product Manager,22,Company Website
CAND03292,Meera Nair,21,Chennai,MBA,2,Kubernetes,ML Engineer,27,Company Website
CAND03293,Rohit Singh,22,Bangalore,B.Sc,5,NodeJS,DevOps Engineer,34,Referral
CAND03294,Sneha Singh,28,Bangalore,MBA,4,Statistics,DevOps Engineer,25,Referral
CAND03295,Amit Jain,21,Chennai,MBA,13,NLP,Cloud Engineer,7,Naukri
CAND03296,Neha Das,43,Mumbai,MBA,11,Cloud Architecture,Product Manager,33,Referral
CAND03297,Nisha Singh,42,Hyderabad,MBA,9,Cloud Architecture,Software Engineer,22,Referral
CAND03298,Pooja Singh,25,Bangalore,MBA,0,TensorFlow,Data Scientist,22,Referral
CAND03299,Rahul Sharma,28,Pune,PhD,12,TensorFlow,ML Engineer,35,Company Website
CAND03300,Rahul Jain,38,Pune,B.Sc,8,Cybersecurity,Cloud Engineer,26,Naukri
CAND03301,Kavya Reddy,36,Hyderabad,MBA,4,NLP,Software Engineer,32,Referral
CAND03302,Kavya Gupta,34,Hyderabad,M.Sc,6,React,Data Scientist,35,LinkedIn
CAND03303,Pooja Jain,44,Hyderabad,B.Sc,6,Cybersecurity,Cloud Engineer,22,LinkedIn
CAND03304,Priya Das,36,Noida,PhD,4,NLP,DevOps Engineer,39,Company Website
CAND03305,Neha Sharma,37,Delhi,B.Sc,13,Cloud Architecture,Data Scientist,11,Recruiter Outreach
CAND03306,Aditya Sharma,33,Pune,M.Tech,13,NodeJS,DevOps Engineer,35,Referral
CAND03307,Sneha Sharma,33,Ahmedabad,B.Sc,0,Tableau,DevOps Engineer,34,Recruiter Outreach
CAND03308,Kavya Nair,27,Gurgaon,M.Sc,14,DevOps,Product Manager,9,Company Website
CAND03309,Neha Patel,33,Chennai,M.Tech,6,Java,Product Manager,11,Referral
CAND03310,Priya Jain,43,Mumbai,M.Tech,11,React,Product Manager,7,Naukri
CAND03311,Sanjay Jain,30,Ahmedabad,B.Sc,11,Cybersecurity,Product Manager,15,LinkedIn
CAND03312,Rohit Kulkarni,24,Gurgaon,PhD,8,Python,Cloud Engineer,39,Referral
CAND03313,Sanjay Nair,35,Chennai,MBA,11,Power BI,DevOps Engineer,10,Company Website
CAND03314,Arjun Reddy,39,Pune,B.Sc,10,AWS,Data Analyst,7,Recruiter Outreach
CAND03315,Kavya Sharma,44,Pune,B.Sc,12,Deep Learning,Cloud Engineer,21,Referral
CAND03316,Sneha Das,34,Bangalore,B.Sc,6,DevOps,Product Manager,18,Recruiter Outreach
CAND03317,Pooja Patel,39,Bangalore,B.Tech,11,Kubernetes,Data Scientist,27,Company Website
CAND03318,Priya Patel,27,Bangalore,MBA,14,NLP,Data Scientist,26,Referral
CAND03319,Sanjay Reddy,31,Chennai,PhD,14,Power BI,Data Analyst,34,Company Website
CAND03320,Neha Sharma,31,Mumbai,PhD,2,SQL,Software Engineer,20,Recruiter Outreach
CAND03321,Nisha Singh,28,Hyderabad,M.Sc,7,Java,Data Analyst,21,Referral
CAND03322,Sanjay Verma,38,Kolkata,B.Tech,7,NodeJS,Software Engineer,6,LinkedIn
CAND03323,Rahul Chopra,42,Kolkata,MBA,9,TensorFlow,Cloud Engineer,39,Referral
CAND03324,Rohit Nair,28,Mumbai,B.Tech,9,NLP,Product Manager,13,Company Website
CAND03325,Sneha Chopra,24,Noida,M.Tech,12,Deep Learning,ML Engineer,26,LinkedIn
CAND03326,Aditya Mehta,40,Ahmedabad,PhD,7,React,Cloud Engineer,35,Referral
CAND03327,Priya Chopra,41,Delhi,MBA,10,AWS,Data Scientist,26,Referral
CAND03328,Aditya Kulkarni,43,Hyderabad,M.Tech,13,SQL,Cloud Engineer,27,LinkedIn
CAND03329,Ananya Gupta,27,Chennai,M.Sc,1,React,DevOps Engineer,11,Naukri
CAND03330,Priya Jain,38,Bangalore,M.Sc,9,Deep Learning,DevOps Engineer,30,Recruiter Outreach
CAND03331,Kavya Gupta,38,Hyderabad,B.Sc,5,SQL,Data Analyst,12,LinkedIn
CAND03332,Meera Sharma,39,Ahmedabad,M.Sc,13,Tableau,Data Scientist,29,Recruiter Outreach
CAND03333,Priya Gupta,40,Noida,M.Sc,8,NodeJS,Cloud Engineer,25,Recruiter Outreach
CAND03334,Kavya Mehta,43,Chennai,B.Sc,9,AWS,Data Scientist,22,Recruiter Outreach
CAND03335,Rahul Reddy,32,Pune,PhD,11,Kubernetes,Data Analyst,30,Company Website
CAND03336,Neha Kulkarni,22,Ahmedabad,M.Tech,3,Deep Learning,ML Engineer,30,Naukri
CAND03337,Ananya Bose,25,Pune,MBA,8,Tableau,Cloud Engineer,12,Referral
CAND03338,Sanjay Reddy,42,Gurgaon,B.Sc,11,NodeJS,DevOps Engineer,18,Recruiter Outreach
CAND03339,Aditya Kulkarni,41,Hyderabad,M.Sc,11,AWS,Data Analyst,22,Naukri
CAND03340,Sneha Reddy,21,Bangalore,MBA,3,Deep Learning,Software Engineer,11,Naukri
CAND03341,Meera Chopra,29,Pune,MBA,12,TensorFlow,Cloud Engineer,18,Referral
CAND03342,Neha Iyer,26,Hyderabad,B.Tech,2,Java,ML Engineer,7,Referral
CAND03343,Sneha Patel,28,Noida,B.Sc,3,Statistics,Cloud Engineer,20,Referral
CAND03344,Meera Kulkarni,36,Chennai,B.Tech,12,NodeJS,Product Manager,12,Company Website
CAND03345,Kavya Verma,33,Mumbai,MBA,9,SQL,ML Engineer,13,Naukri
CAND03346,Pooja Chopra,32,Bangalore,MBA,8,NLP,DevOps Engineer,33,Referral
CAND03347,Rahul Nair,31,Pune,M.Sc,8,Excel,Software Engineer,10,LinkedIn
CAND03348,Aditya Das,36,Chennai,MBA,14,TensorFlow,Product Manager,10,Naukri
CAND03349,Neha Mehta,37,Ahmedabad,B.Tech,3,AWS,Product Manager,16,Referral
CAND03350,Aditya Sharma,22,Ahmedabad,B.Sc,4,NLP,Software Engineer,6,Referral
CAND03351,Rohit Patel,24,Ahmedabad,M.Tech,7,Statistics,ML Engineer,35,LinkedIn
CAND03352,Aditya Sharma,29,Pune,MBA,12,SQL,Data Scientist,39,Recruiter Outreach
CAND03353,Amit Reddy,31,Chennai,M.Tech,8,Cloud Architecture,DevOps Engineer,33,LinkedIn
CAND03354,Sneha Singh,44,Mumbai,B.Tech,10,Cloud Architecture,Product Manager,33,LinkedIn
CAND03355,Vikram Reddy,42,Chennai,PhD,12,Excel,ML Engineer,9,Company Website
CAND03356,Ananya Kulkarni,36,Delhi,M.Tech,13,Python,Cloud Engineer,24,Referral
CAND03357,Aditya Singh,21,Gurgaon,B.Sc,6,DevOps,Cloud Engineer,8,Recruiter Outreach
CAND03358,Ananya Verma,23,Hyderabad,M.Sc,6,TensorFlow,Data Analyst,16,Naukri
CAND03359,Rahul Verma,31,Mumbai,MBA,1,Excel,ML Engineer,22,Company Website
CAND03360,Pooja Reddy,35,Chennai,PhD,1,Machine Learning,DevOps Engineer,29,Recruiter Outreach
CAND03361,Rahul Reddy,36,Chennai,MBA,7,NLP,DevOps Engineer,15,Recruiter Outreach
CAND03362,Vikram Nair,24,Noida,PhD,11,SQL,Cloud Engineer,14,Recruiter Outreach
CAND03363,Pooja Nair,42,Mumbai,MBA,12,Kubernetes,Data Analyst,33,Naukri
CAND03364,Rahul Reddy,32,Noida,B.Tech,6,AWS,Data Scientist,13,Recruiter Outreach
CAND03365,Meera Reddy,35,Chennai,PhD,8,Excel,ML Engineer,22,Referral
CAND03366,Ananya Verma,21,Gurgaon,PhD,12,React,Software Engineer,15,Recruiter Outreach
CAND03367,Neha Verma,40,Ahmedabad,PhD,4,Kubernetes,Data Analyst,34,Recruiter Outreach
CAND03368,Arjun Patel,34,Bangalore,B.Tech,2,Python,Software Engineer,24,Referral
CAND03369,Neha Singh,26,Gurgaon,PhD,13,Power BI,Product Manager,9,LinkedIn
CAND03370,Amit Bose,28,Pune,MBA,8,DevOps,ML Engineer,11,Company Website
CAND03371,Rohit Sharma,29,Ahmedabad,PhD,2,Cybersecurity,DevOps Engineer,38,LinkedIn
CAND03372,Pooja Chopra,21,Chennai,PhD,3,DevOps,Software Engineer,37,LinkedIn
CAND03373,Amit Iyer,43,Gurgaon,M.Tech,4,TensorFlow,Product Manager,32,Recruiter Outreach
CAND03374,Neha Kulkarni,40,Gurgaon,MBA,3,Java,Product Manager,8,Naukri
CAND03375,Meera Mehta,42,Noida,M.Tech,6,NLP,Cloud Engineer,30,Company Website
CAND03376,Ananya Sharma,29,Hyderabad,M.Tech,12,Tableau,Cloud Engineer,28,Recruiter Outreach
CAND03377,Kiran Bose,34,Gurgaon,B.Sc,11,AWS,DevOps Engineer,37,Recruiter Outreach
CAND03378,Rohit Singh,31,Chennai,MBA,13,Cybersecurity,DevOps Engineer,22,Recruiter Outreach
CAND03379,Vikram Jain,32,Noida,B.Sc,12,NodeJS,Data Analyst,21,LinkedIn
CAND03380,Amit Reddy,35,Noida,M.Sc,4,NodeJS,Data Scientist,27,Referral
CAND03381,Rahul Bose,31,Chennai,M.Tech,0,Machine Learning,Product Manager,11,Company Website
CAND03382,Kavya Bose,39,Pune,B.Tech,2,React,Product Manager,31,LinkedIn
CAND03383,Kiran Kulkarni,22,Bangalore,M.Sc,11,Cybersecurity,Data Analyst,22,Referral
CAND03384,Rohit Iyer,25,Ahmedabad,M.Tech,5,Cybersecurity,Product Manager,12,Naukri
CAND03385,Rohit Verma,42,Delhi,M.Tech,10,Docker,Software Engineer,33,Referral
CAND03386,Nisha Kulkarni,42,Noida,B.Sc,6,Java,Data Scientist,14,LinkedIn
CAND03387,Nisha Jain,40,Bangalore,M.Tech,13,SQL,Cloud Engineer,35,Recruiter Outreach
CAND03388,Rohit Singh,29,Gurgaon,M.Tech,7,NodeJS,Data Analyst,15,Naukri
CAND03389,Rahul Gupta,31,Chennai,M.Tech,13,DevOps,Product Manager,22,Naukri
CAND03390,Aditya Patel,21,Bangalore,B.Sc,3,Cloud Architecture,ML Engineer,20,Company Website
CAND03391,Arjun Verma,27,Pune,PhD,11,Power BI,Data Analyst,30,Company Website
CAND03392,Sneha Jain,38,Hyderabad,PhD,7,Docker,DevOps Engineer,12,Naukri
CAND03393,Kiran Sharma,29,Delhi,M.Sc,2,Machine Learning,Data Scientist,14,Recruiter Outreach
CAND03394,Sneha Das,32,Bangalore,PhD,3,Docker,Product Manager,12,Referral
CAND03395,Pooja Bose,23,Bangalore,B.Sc,4,Machine Learning,DevOps Engineer,13,Recruiter Outreach
CAND03396,Pooja Patel,32,Bangalore,MBA,2,Cybersecurity,ML Engineer,21,Recruiter Outreach
CAND03397,Meera Patel,38,Bangalore,M.Sc,14,Cybersecurity,Cloud Engineer,25,LinkedIn
CAND03398,Priya Verma,34,Gurgaon,M.Tech,3,Java,Product Manager,35,Company Website
CAND03399,Kavya Verma,34,Chennai,M.Sc,8,Statistics,Software Engineer,20,LinkedIn
CAND03400,Pooja Sharma,42,Chennai,PhD,8,Cybersecurity,DevOps Engineer,19,Naukri
CAND03401,Rohit Chopra,26,Pune,MBA,8,Excel,Cloud Engineer,11,Recruiter Outreach
CAND03402,Kavya Kulkarni,28,Delhi,B.Sc,9,Tableau,ML Engineer,9,LinkedIn
CAND03403,Kavya Bose,35,Ahmedabad,M.Sc,13,Java,Data Analyst,31,Naukri
CAND03404,Amit Bose,32,Gurgaon,M.Sc,14,Statistics,Data Analyst,27,Company Website
CAND03405,Pooja Chopra,44,Chennai,M.Tech,13,SQL,Software Engineer,24,Naukri
CAND03406,Arjun Kulkarni,22,Hyderabad,PhD,6,Statistics,Software Engineer,21,LinkedIn
CAND03407,Neha Gupta,23,Hyderabad,B.Sc,10,React,DevOps Engineer,23,LinkedIn
CAND03408,Aditya Kulkarni,29,Mumbai,B.Tech,2,Statistics,Cloud Engineer,34,Naukri
CAND03409,Meera Patel,32,Mumbai,B.Tech,13,Excel,Software Engineer,12,LinkedIn
CAND03410,Sanjay Verma,42,Gurgaon,M.Sc,2,DevOps,ML Engineer,22,LinkedIn
CAND03411,Nisha Patel,32,Kolkata,MBA,1,Power BI,Cloud Engineer,14,Recruiter Outreach
CAND03412,Rohit Kulkarni,31,Ahmedabad,B.Tech,12,Excel,ML Engineer,9,Naukri
CAND03413,Rohit Sharma,25,Noida,B.Sc,11,Data Analysis,Data Scientist,29,Naukri
CAND03414,Kavya Reddy,31,Ahmedabad,B.Sc,2,TensorFlow,Software Engineer,29,LinkedIn
CAND03415,Ananya Gupta,33,Chennai,B.Tech,14,Tableau,Cloud Engineer,34,Company Website
CAND03416,Arjun Nair,35,Bangalore,MBA,1,Tableau,Cloud Engineer,6,Naukri
CAND03417,Priya Chopra,35,Bangalore,MBA,0,Kubernetes,Software Engineer,12,Referral
CAND03418,Meera Sharma,31,Bangalore,M.Sc,14,Docker,Data Analyst,25,Company Website
CAND03419,Priya Chopra,24,Gurgaon,B.Sc,3,AWS,Product Manager,33,Referral
CAND03420,Vikram Bose,24,Mumbai,B.Tech,3,Excel,Cloud Engineer,37,Naukri
CAND03421,Kavya Reddy,24,Ahmedabad,B.Sc,11,Machine Learning,Cloud Engineer,32,Naukri
CAND03422,Vikram Verma,35,Gurgaon,PhD,9,TensorFlow,Data Scientist,36,Referral
CAND03423,Priya Mehta,41,Hyderabad,B.Tech,7,Tableau,ML Engineer,33,Recruiter Outreach
CAND03424,Neha Iyer,42,Gurgaon,PhD,14,TensorFlow,Data Scientist,16,Company Website
CAND03425,Neha Kulkarni,28,Pune,B.Tech,1,Tableau,Product Manager,25,Referral
CAND03426,Kiran Patel,22,Chennai,B.Sc,13,Docker,Software Engineer,27,LinkedIn
CAND03427,Pooja Bose,36,Pune,MBA,4,AWS,Data Analyst,17,Referral
CAND03428,Meera Bose,21,Pune,M.Sc,9,TensorFlow,Data Analyst,36,Naukri
CAND03429,Arjun Chopra,36,Mumbai,PhD,4,SQL,Data Analyst,32,Naukri
CAND03430,Meera Kulkarni,30,Gurgaon,PhD,4,AWS,Data Scientist,23,Naukri
CAND03431,Rahul Kulkarni,41,Gurgaon,PhD,4,Machine Learning,Product Manager,22,LinkedIn
CAND03432,Aditya Jain,36,Kolkata,M.Sc,8,DevOps,Software Engineer,32,Company Website
CAND03433,Kavya Gupta,38,Ahmedabad,M.Tech,13,AWS,Product Manager,13,Referral
CAND03434,Meera Patel,30,Ahmedabad,MBA,1,Statistics,Cloud Engineer,13,Referral
CAND03435,Rahul Kulkarni,41,Ahmedabad,M.Sc,9,NLP,DevOps Engineer,19,Naukri
CAND03436,Nisha Reddy,33,Mumbai,M.Tech,12,Machine Learning,DevOps Engineer,10,Recruiter Outreach
CAND03437,Kavya Reddy,36,Gurgaon,B.Sc,11,Kubernetes,Product Manager,21,LinkedIn
CAND03438,Kavya Sharma,29,Gurgaon,B.Sc,14,SQL,Software Engineer,20,Recruiter Outreach
CAND03439,Ananya Nair,31,Pune,PhD,0,Excel,Software Engineer,23,Company Website
CAND03440,Neha Gupta,41,Pune,B.Tech,5,Data Analysis,DevOps Engineer,21,Naukri
CAND03441,Sanjay Iyer,30,Ahmedabad,B.Tech,6,Deep Learning,ML Engineer,36,LinkedIn
CAND03442,Amit Sharma,21,Kolkata,B.Tech,8,SQL,Cloud Engineer,15,Company Website
CAND03443,Aditya Mehta,30,Hyderabad,B.Sc,4,React,Data Scientist,19,Company Website
CAND03444,Priya Bose,30,Mumbai,B.Sc,3,Cybersecurity,Product Manager,31,Naukri
CAND03445,Rahul Reddy,31,Hyderabad,B.Sc,12,Excel,Software Engineer,15,Recruiter Outreach
CAND03446,Amit Verma,22,Mumbai,M.Tech,3,NLP,Data Scientist,28,Recruiter Outreach
CAND03447,Meera Das,24,Noida,M.Tech,14,Machine Learning,DevOps Engineer,38,Recruiter Outreach
CAND03448,Vikram Reddy,28,Hyderabad,MBA,0,React,ML Engineer,18,Referral
CAND03449,Nisha Chopra,31,Mumbai,B.Tech,6,Cloud Architecture,Software Engineer,14,Company Website
CAND03450,Amit Verma,21,Ahmedabad,M.Sc,9,AWS,Data Analyst,12,LinkedIn
CAND03451,Pooja Kulkarni,30,Kolkata,B.Tech,14,Power BI,DevOps Engineer,6,Naukri
CAND03452,Kiran Sharma,28,Ahmedabad,M.Sc,11,Kubernetes,Data Scientist,15,LinkedIn
CAND03453,Amit Sharma,21,Ahmedabad,MBA,0,Statistics,Data Scientist,34,Referral
CAND03454,Rahul Jain,27,Mumbai,PhD,11,TensorFlow,Data Analyst,14,Company Website
CAND03455,Kiran Das,27,Gurgaon,M.Sc,4,Machine Learning,Software Engineer,38,Naukri
CAND03456,Vikram Jain,24,Gurgaon,MBA,12,Tableau,DevOps Engineer,38,Recruiter Outreach
CAND03457,Sneha Bose,39,Gurgaon,M.Sc,11,DevOps,Cloud Engineer,29,LinkedIn
CAND03458,Amit Sharma,22,Bangalore,B.Tech,2,Kubernetes,DevOps Engineer,39,Recruiter Outreach
CAND03459,Priya Chopra,34,Hyderabad,M.Tech,5,Cloud Architecture,Data Scientist,19,Company Website
CAND03460,Vikram Singh,36,Ahmedabad,MBA,12,TensorFlow,Product Manager,38,Naukri
CAND03461,Kavya Chopra,40,Mumbai,PhD,13,SQL,Cloud Engineer,24,LinkedIn
CAND03462,Neha Sharma,34,Noida,M.Sc,9,Kubernetes,Data Scientist,8,LinkedIn
CAND03463,Arjun Reddy,34,Gurgaon,MBA,3,AWS,Cloud Engineer,34,Naukri
CAND03464,Meera Das,39,Gurgaon,M.Tech,5,NLP,Product Manager,38,Naukri
CAND03465,Priya Chopra,41,Delhi,PhD,11,React,Data Analyst,36,Naukri
CAND03466,Priya Nair,26,Gurgaon,B.Sc,8,SQL,Cloud Engineer,20,Referral
CAND03467,Arjun Reddy,40,Ahmedabad,B.Tech,3,Tableau,Product Manager,9,Company Website
CAND03468,Kavya Reddy,32,Gurgaon,M.Tech,4,Power BI,Product Manager,25,Company Website
CAND03469,Sanjay Jain,23,Pune,PhD,2,Excel,Product Manager,35,Referral
CAND03470,Pooja Singh,35,Bangalore,PhD,7,Kubernetes,ML Engineer,34,Referral
CAND03471,Rohit Singh,44,Hyderabad,PhD,6,Statistics,Data Scientist,26,Naukri
CAND03472,Sanjay Kulkarni,24,Hyderabad,B.Tech,8,Statistics,DevOps Engineer,32,Company Website
CAND03473,Kavya Mehta,21,Hyderabad,M.Sc,14,NodeJS,DevOps Engineer,7,Naukri
CAND03474,Arjun Kulkarni,42,Bangalore,B.Tech,9,Data Analysis,Data Analyst,27,LinkedIn
CAND03475,Meera Singh,35,Noida,M.Sc,8,TensorFlow,ML Engineer,9,Recruiter Outreach
CAND03476,Sanjay Chopra,26,Pune,PhD,5,TensorFlow,Product Manager,31,Referral
CAND03477,Arjun Bose,40,Gurgaon,MBA,9,Cloud Architecture,Software Engineer,7,Company Website
CAND03478,Rahul Jain,30,Noida,M.Tech,14,DevOps,Cloud Engineer,26,LinkedIn
CAND03479,Vikram Kulkarni,28,Ahmedabad,M.Sc,0,Cloud Architecture,DevOps Engineer,38,Referral
CAND03480,Vikram Singh,27,Mumbai,B.Tech,5,Cybersecurity,Product Manager,9,Naukri
CAND03481,Neha Verma,35,Bangalore,B.Sc,0,NodeJS,DevOps Engineer,20,Recruiter Outreach
CAND03482,Priya Chopra,24,Kolkata,M.Tech,3,Kubernetes,DevOps Engineer,7,Naukri
CAND03483,Aditya Kulkarni,29,Chennai,MBA,1,Kubernetes,Cloud Engineer,30,LinkedIn
CAND03484,Rohit Verma,28,Delhi,M.Sc,8,Excel,Data Scientist,37,Recruiter Outreach
CAND03485,Sneha Das,22,Mumbai,PhD,12,DevOps,DevOps Engineer,6,Referral
CAND03486,Sneha Verma,39,Gurgaon,MBA,14,Kubernetes,DevOps Engineer,24,Referral
CAND03487,Vikram Das,21,Bangalore,M.Tech,3,Kubernetes,Cloud Engineer,32,LinkedIn
CAND03488,Sanjay Iyer,44,Ahmedabad,PhD,10,NodeJS,ML Engineer,6,Company Website
CAND03489,Ananya Singh,23,Hyderabad,MBA,4,Java,DevOps Engineer,22,Naukri
CAND03490,Vikram Nair,29,Pune,M.Tech,4,Statistics,ML Engineer,10,Referral
CAND03491,Nisha Sharma,23,Delhi,PhD,9,Docker,Data Scientist,37,Company Website
CAND03492,Nisha Chopra,29,Chennai,PhD,10,Statistics,DevOps Engineer,23,LinkedIn
CAND03493,Rohit Nair,35,Chennai,M.Tech,8,SQL,Data Scientist,23,Naukri
CAND03494,Neha Patel,23,Ahmedabad,B.Tech,1,Deep Learning,Data Scientist,39,Company Website
CAND03495,Ananya Chopra,33,Hyderabad,B.Tech,6,Statistics,Data Analyst,32,Recruiter Outreach
CAND03496,Sneha Das,39,Hyderabad,B.Sc,4,React,Product Manager,16,Company Website
CAND03497,Meera Das,31,Noida,M.Tech,0,Kubernetes,Cloud Engineer,27,Naukri
CAND03498,Neha Mehta,23,Pune,B.Sc,0,Power BI,Data Scientist,16,LinkedIn
CAND03499,Arjun Chopra,37,Kolkata,M.Sc,6,Docker,Data Scientist,23,Referral
CAND03500,Aditya Mehta,25,Bangalore,B.Tech,1,AWS,Data Analyst,33,Naukri
CAND03501,Nisha Kulkarni,21,Bangalore,PhD,11,Machine Learning,Data Analyst,38,Naukri
CAND03502,Arjun Sharma,31,Mumbai,B.Tech,0,Docker,Data Scientist,38,Naukri
CAND03503,Ananya Verma,27,Hyderabad,B.Tech,3,AWS,ML Engineer,22,Company Website
CAND03504,Nisha Das,21,Delhi,M.Sc,14,Data Analysis,Data Scientist,36,Recruiter Outreach
CAND03505,Amit Kulkarni,39,Gurgaon,B.Sc,10,Data Analysis,Data Analyst,36,Naukri
CAND03506,Meera Singh,35,Kolkata,PhD,8,Cybersecurity,DevOps Engineer,24,LinkedIn
CAND03507,Arjun Chopra,42,Gurgaon,B.Sc,0,React,Software Engineer,7,Naukri
CAND03508,Ananya Verma,32,Hyderabad,MBA,0,Tableau,DevOps Engineer,10,Referral
CAND03509,Kavya Gupta,31,Kolkata,M.Sc,13,Kubernetes,ML Engineer,28,Naukri
CAND03510,Rohit Jain,41,Pune,M.Sc,11,Deep Learning,Cloud Engineer,34,Naukri
CAND03511,Ananya Verma,22,Bangalore,M.Sc,14,Tableau,Data Scientist,36,Naukri
CAND03512,Priya Jain,29,Hyderabad,MBA,12,Docker,Data Analyst,14,Naukri
CAND03513,Sneha Jain,40,Delhi,PhD,0,NLP,Software Engineer,36,Referral
CAND03514,Kavya Bose,28,Bangalore,M.Tech,12,Machine Learning,Data Analyst,34,LinkedIn
CAND03515,Aditya Das,42,Ahmedabad,MBA,6,AWS,Data Analyst,22,Recruiter Outreach
CAND03516,Aditya Nair,27,Bangalore,M.Tech,10,Statistics,DevOps Engineer,18,Naukri
CAND03517,Pooja Iyer,30,Hyderabad,M.Tech,6,Tableau,Product Manager,22,Referral
CAND03518,Priya Kulkarni,42,Noida,M.Tech,10,Statistics,Data Analyst,28,Recruiter Outreach
CAND03519,Sanjay Das,26,Chennai,B.Sc,12,DevOps,ML Engineer,33,LinkedIn
CAND03520,Rohit Kulkarni,44,Chennai,M.Sc,14,NodeJS,Data Analyst,11,Referral
CAND03521,Ananya Bose,22,Ahmedabad,MBA,8,DevOps,Data Analyst,17,Company Website
CAND03522,Pooja Patel,27,Chennai,PhD,4,Power BI,Product Manager,10,Naukri
CAND03523,Ananya Mehta,35,Pune,MBA,9,Cybersecurity,Data Analyst,37,Recruiter Outreach
CAND03524,Sanjay Kulkarni,35,Gurgaon,MBA,7,SQL,Product Manager,19,Referral
CAND03525,Nisha Singh,42,Gurgaon,B.Tech,3,Data Analysis,DevOps Engineer,14,Company Website
CAND03526,Kiran Patel,44,Bangalore,PhD,10,Docker,DevOps Engineer,12,Naukri
CAND03527,Aditya Iyer,37,Kolkata,B.Tech,1,Python,Software Engineer,8,Naukri
CAND03528,Arjun Chopra,36,Hyderabad,B.Tech,6,Cybersecurity,ML Engineer,22,Naukri
CAND03529,Nisha Singh,28,Pune,PhD,10,Statistics,Data Scientist,32,Recruiter Outreach
CAND03530,Kavya Sharma,40,Pune,B.Sc,13,SQL,Data Analyst,16,Company Website
CAND03531,Nisha Sharma,36,Gurgaon,B.Tech,9,TensorFlow,Product Manager,19,Referral
CAND03532,Amit Singh,21,Bangalore,MBA,14,Java,Data Scientist,27,Naukri
CAND03533,Amit Iyer,40,Chennai,B.Sc,12,SQL,Product Manager,18,Naukri
CAND03534,Kiran Verma,29,Gurgaon,B.Tech,3,Cybersecurity,Product Manager,31,Company Website
CAND03535,Vikram Chopra,32,Kolkata,M.Sc,12,React,Data Analyst,16,Naukri
CAND03536,Ananya Gupta,32,Chennai,M.Sc,5,Statistics,Software Engineer,21,Naukri
CAND03537,Meera Nair,40,Ahmedabad,B.Tech,9,Power BI,DevOps Engineer,39,Naukri
CAND03538,Sanjay Iyer,27,Hyderabad,B.Sc,3,Docker,Cloud Engineer,34,Referral
CAND03539,Sneha Reddy,30,Kolkata,M.Tech,8,SQL,Data Scientist,25,Naukri
CAND03540,Neha Bose,21,Bangalore,M.Sc,10,React,Data Analyst,19,Recruiter Outreach
CAND03541,Meera Kulkarni,29,Mumbai,MBA,13,TensorFlow,Data Scientist,39,Recruiter Outreach
CAND03542,Rohit Bose,23,Gurgaon,M.Tech,14,Docker,DevOps Engineer,21,LinkedIn
CAND03543,Kavya Gupta,34,Gurgaon,B.Sc,12,Statistics,Data Scientist,17,Referral
CAND03544,Rahul Reddy,42,Ahmedabad,MBA,8,Excel,Software Engineer,26,Company Website
CAND03545,Kiran Singh,32,Ahmedabad,MBA,13,TensorFlow,Cloud Engineer,20,LinkedIn
CAND03546,Arjun Singh,42,Pune,PhD,1,AWS,Cloud Engineer,36,Company Website
CAND03547,Nisha Jain,44,Noida,B.Sc,14,SQL,ML Engineer,13,Naukri
CAND03548,Rahul Patel,22,Gurgaon,MBA,3,Excel,Data Analyst,7,LinkedIn
CAND03549,Sneha Chopra,33,Noida,M.Tech,6,Tableau,ML Engineer,20,Naukri
CAND03550,Kavya Bose,33,Mumbai,B.Sc,13,Java,DevOps Engineer,38,Naukri
CAND03551,Kiran Kulkarni,30,Mumbai,B.Tech,10,DevOps,Data Scientist,8,Company Website
CAND03552,Vikram Reddy,40,Noida,PhD,12,Deep Learning,Cloud Engineer,33,Recruiter Outreach
CAND03553,Rahul Kulkarni,30,Kolkata,B.Tech,10,React,Data Scientist,6,Recruiter Outreach
CAND03554,Vikram Reddy,22,Pune,M.Sc,9,Statistics,DevOps Engineer,24,Naukri
CAND03555,Amit Chopra,34,Mumbai,MBA,2,Power BI,Software Engineer,21,Company Website
CAND03556,Nisha Singh,25,Chennai,M.Sc,14,Kubernetes,ML Engineer,11,Company Website
CAND03557,Rohit Bose,29,Hyderabad,MBA,9,AWS,Data Analyst,31,Recruiter Outreach
CAND03558,Rohit Nair,33,Ahmedabad,B.Tech,10,Cybersecurity,Data Scientist,11,Company Website
CAND03559,Arjun Kulkarni,38,Ahmedabad,PhD,6,Python,DevOps Engineer,20,Referral
CAND03560,Rohit Verma,27,Delhi,M.Sc,14,Excel,DevOps Engineer,24,Referral
CAND03561,Ananya Kulkarni,30,Ahmedabad,B.Tech,6,Kubernetes,Data Analyst,23,Referral
CAND03562,Priya Bose,22,Bangalore,B.Tech,2,Java,Software Engineer,7,LinkedIn
CAND03563,Aditya Iyer,30,Ahmedabad,B.Sc,2,DevOps,Data Analyst,21,Referral
CAND03564,Vikram Jain,34,Chennai,PhD,10,Kubernetes,Product Manager,28,Naukri
CAND03565,Neha Chopra,35,Chennai,B.Sc,11,Python,Cloud Engineer,23,Company Website
CAND03566,Sanjay Bose,28,Mumbai,B.Tech,3,Python,Data Scientist,30,Referral
CAND03567,Amit Singh,22,Pune,M.Sc,10,Machine Learning,Software Engineer,32,LinkedIn
CAND03568,Ananya Chopra,34,Pune,MBA,14,React,Data Scientist,12,LinkedIn
CAND03569,Sneha Reddy,36,Chennai,B.Sc,7,AWS,ML Engineer,33,LinkedIn
CAND03570,Rahul Das,23,Pune,MBA,14,Tableau,Cloud Engineer,36,Naukri
CAND03571,Nisha Patel,33,Pune,B.Tech,2,Docker,Cloud Engineer,34,Naukri
CAND03572,Sneha Reddy,23,Noida,B.Tech,6,Tableau,Data Analyst,34,Referral
CAND03573,Aditya Singh,31,Kolkata,B.Sc,8,Data Analysis,DevOps Engineer,13,Referral
CAND03574,Vikram Reddy,36,Mumbai,B.Sc,5,Python,Software Engineer,28,Naukri
CAND03575,Ananya Mehta,38,Delhi,M.Tech,1,Python,Data Analyst,21,Company Website
CAND03576,Rahul Chopra,38,Ahmedabad,B.Tech,6,React,Cloud Engineer,39,LinkedIn
CAND03577,Arjun Gupta,39,Chennai,M.Sc,5,NodeJS,ML Engineer,34,Recruiter Outreach
CAND03578,Meera Das,26,Pune,B.Tech,3,Deep Learning,Software Engineer,11,Referral
CAND03579,Rahul Patel,41,Mumbai,M.Tech,5,Deep Learning,Data Scientist,38,LinkedIn
CAND03580,Amit Das,29,Ahmedabad,MBA,6,Power BI,ML Engineer,29,LinkedIn
CAND03581,Kiran Chopra,29,Chennai,M.Sc,13,Kubernetes,Data Scientist,24,Naukri
CAND03582,Kiran Mehta,39,Pune,PhD,7,Docker,Cloud Engineer,21,Naukri
CAND03583,Ananya Das,28,Kolkata,B.Sc,6,Docker,Cloud Engineer,22,LinkedIn
CAND03584,Arjun Bose,22,Kolkata,PhD,5,Python,Software Engineer,32,Naukri
CAND03585,Aditya Chopra,38,Gurgaon,B.Sc,8,Power BI,DevOps Engineer,31,Referral
CAND03586,Nisha Mehta,36,Mumbai,PhD,4,Cybersecurity,ML Engineer,24,Recruiter Outreach
CAND03587,Priya Singh,34,Mumbai,M.Tech,13,Docker,Data Scientist,39,Referral
CAND03588,Meera Das,24,Bangalore,B.Tech,6,Cloud Architecture,Data Analyst,13,Recruiter Outreach
CAND03589,Arjun Reddy,36,Pune,M.Sc,6,React,ML Engineer,20,Naukri
CAND03590,Kavya Chopra,25,Delhi,PhD,0,DevOps,Cloud Engineer,26,Recruiter Outreach
CAND03591,Amit Reddy,34,Hyderabad,M.Sc,13,Docker,ML Engineer,11,Naukri
CAND03592,Sneha Chopra,33,Gurgaon,MBA,7,Docker,Cloud Engineer,22,LinkedIn
CAND03593,Kavya Patel,39,Pune,MBA,2,Docker,ML Engineer,34,Company Website
CAND03594,Vikram Sharma,44,Gurgaon,B.Tech,2,NLP,Data Scientist,28,Naukri
CAND03595,Kavya Jain,25,Ahmedabad,MBA,5,Power BI,Data Analyst,30,Recruiter Outreach
CAND03596,Ananya Bose,23,Pune,M.Sc,11,Machine Learning,ML Engineer,11,Referral
CAND03597,Meera Bose,34,Noida,B.Tech,1,Power BI,Software Engineer,10,LinkedIn
CAND03598,Vikram Jain,43,Delhi,MBA,1,SQL,Software Engineer,21,LinkedIn
CAND03599,Sneha Singh,24,Mumbai,M.Tech,8,Tableau,Product Manager,16,Company Website
CAND03600,Kiran Reddy,32,Bangalore,MBA,7,TensorFlow,Data Analyst,6,Referral
CAND03601,Vikram Patel,30,Gurgaon,M.Sc,14,Tableau,Cloud Engineer,24,Company Website
CAND03602,Amit Kulkarni,28,Kolkata,PhD,11,NodeJS,DevOps Engineer,31,LinkedIn
CAND03603,Nisha Gupta,36,Hyderabad,MBA,9,Power BI,Product Manager,30,LinkedIn
CAND03604,Kavya Jain,28,Pune,M.Sc,5,Statistics,Data Analyst,9,Company Website
CAND03605,Sanjay Sharma,32,Bangalore,M.Sc,9,Deep Learning,Product Manager,32,Referral
CAND03606,Rohit Iyer,41,Kolkata,PhD,8,Cloud Architecture,Product Manager,18,Naukri
CAND03607,Sneha Gupta,30,Delhi,M.Sc,4,NodeJS,Product Manager,11,LinkedIn
CAND03608,Ananya Iyer,21,Chennai,B.Sc,5,DevOps,DevOps Engineer,22,LinkedIn
CAND03609,Vikram Gupta,42,Mumbai,M.Sc,13,SQL,Product Manager,13,LinkedIn
CAND03610,Neha Verma,27,Gurgaon,M.Tech,8,DevOps,Cloud Engineer,28,Referral
CAND03611,Arjun Reddy,39,Chennai,M.Sc,7,Statistics,Software Engineer,31,Referral
CAND03612,Rohit Nair,39,Delhi,M.Sc,11,NLP,ML Engineer,30,Referral
CAND03613,Amit Bose,33,Kolkata,B.Sc,4,Kubernetes,ML Engineer,9,Referral
CAND03614,Aditya Nair,23,Delhi,B.Tech,3,Docker,DevOps Engineer,17,Naukri
CAND03615,Ananya Verma,43,Ahmedabad,B.Sc,14,Python,ML Engineer,22,Recruiter Outreach
CAND03616,Kavya Mehta,37,Delhi,M.Sc,12,AWS,ML Engineer,39,LinkedIn
CAND03617,Neha Iyer,31,Hyderabad,M.Tech,6,React,DevOps Engineer,24,Recruiter Outreach
CAND03618,Pooja Reddy,41,Ahmedabad,M.Sc,14,Deep Learning,Software Engineer,28,Naukri
CAND03619,Vikram Jain,39,Noida,PhD,5,Excel,DevOps Engineer,17,Naukri
CAND03620,Rohit Nair,39,Gurgaon,B.Sc,10,Docker,Product Manager,16,Company Website
CAND03621,Sneha Gupta,25,Bangalore,PhD,0,Statistics,Data Scientist,33,Company Website
CAND03622,Meera Singh,36,Noida,PhD,10,Java,DevOps Engineer,34,Recruiter Outreach
CAND03623,Rahul Chopra,27,Delhi,MBA,2,Statistics,Cloud Engineer,7,Recruiter Outreach
CAND03624,Arjun Verma,22,Pune,PhD,3,Cloud Architecture,Data Scientist,24,LinkedIn
CAND03625,Neha Kulkarni,29,Bangalore,PhD,12,Cloud Architecture,Cloud Engineer,32,Naukri
CAND03626,Sanjay Bose,23,Ahmedabad,B.Tech,3,Python,Data Analyst,11,Naukri
CAND03627,Sneha Verma,23,Delhi,PhD,7,Docker,DevOps Engineer,27,Naukri
CAND03628,Aditya Nair,38,Gurgaon,B.Tech,13,Excel,Data Scientist,22,Recruiter Outreach
CAND03629,Rahul Iyer,33,Pune,MBA,14,Statistics,Data Analyst,23,Company Website
CAND03630,Sneha Patel,30,Bangalore,PhD,6,NodeJS,Software Engineer,26,Naukri
CAND03631,Sanjay Jain,25,Ahmedabad,M.Sc,1,Kubernetes,ML Engineer,35,Recruiter Outreach
CAND03632,Rohit Nair,39,Chennai,M.Tech,4,Python,Cloud Engineer,8,Company Website
CAND03633,Sanjay Mehta,36,Kolkata,B.Sc,9,DevOps,Data Analyst,12,Company Website
CAND03634,Kavya Nair,35,Kolkata,M.Tech,5,Tableau,Product Manager,17,Company Website
CAND03635,Vikram Sharma,25,Hyderabad,M.Tech,10,Machine Learning,ML Engineer,33,LinkedIn
CAND03636,Ananya Chopra,23,Ahmedabad,PhD,14,DevOps,Cloud Engineer,26,Recruiter Outreach
CAND03637,Priya Gupta,23,Gurgaon,B.Tech,9,Statistics,DevOps Engineer,12,Company Website
CAND03638,Vikram Chopra,21,Pune,PhD,9,Tableau,DevOps Engineer,6,LinkedIn
CAND03639,Rohit Kulkarni,44,Mumbai,MBA,7,React,Software Engineer,39,Referral
CAND03640,Kiran Gupta,29,Pune,B.Tech,2,Kubernetes,DevOps Engineer,10,Referral
CAND03641,Meera Sharma,36,Gurgaon,M.Sc,8,Data Analysis,ML Engineer,7,Referral
CAND03642,Priya Chopra,44,Pune,B.Tech,13,NodeJS,Cloud Engineer,19,Company Website
CAND03643,Kiran Iyer,43,Bangalore,M.Tech,10,TensorFlow,Data Analyst,24,Naukri
CAND03644,Kavya Sharma,28,Chennai,M.Tech,11,Statistics,Data Analyst,14,Referral
CAND03645,Kiran Das,32,Pune,M.Sc,12,React,DevOps Engineer,11,Company Website
CAND03646,Vikram Reddy,32,Hyderabad,MBA,5,Excel,Data Scientist,8,Referral
CAND03647,Sneha Mehta,21,Noida,B.Sc,5,Statistics,Software Engineer,19,LinkedIn
CAND03648,Vikram Gupta,39,Ahmedabad,B.Tech,14,Statistics,ML Engineer,38,Recruiter Outreach
CAND03649,Arjun Bose,34,Chennai,M.Sc,6,Python,Product Manager,11,Referral
CAND03650,Sanjay Reddy,29,Gurgaon,M.Sc,11,Data Analysis,Software Engineer,25,Referral
CAND03651,Nisha Iyer,34,Delhi,M.Tech,9,Docker,Data Scientist,12,Company Website
CAND03652,Aditya Reddy,38,Chennai,PhD,1,Docker,Data Scientist,28,Company Website
CAND03653,Rohit Iyer,21,Delhi,MBA,4,NodeJS,Product Manager,8,LinkedIn
CAND03654,Sanjay Reddy,36,Ahmedabad,M.Sc,4,AWS,ML Engineer,12,LinkedIn
CAND03655,Pooja Patel,41,Mumbai,M.Tech,2,Python,Data Scientist,6,Recruiter Outreach
CAND03656,Rohit Iyer,38,Delhi,PhD,11,Machine Learning,ML Engineer,28,Naukri
CAND03657,Aditya Mehta,35,Mumbai,M.Tech,14,Cybersecurity,ML Engineer,30,Naukri
CAND03658,Kiran Bose,23,Kolkata,B.Sc,14,React,Data Scientist,11,Naukri
CAND03659,Rohit Sharma,38,Noida,B.Tech,2,React,Product Manager,21,Naukri
CAND03660,Sneha Iyer,39,Mumbai,B.Tech,6,Power BI,Data Scientist,15,Company Website
CAND03661,Aditya Bose,32,Noida,B.Tech,3,NLP,Cloud Engineer,7,LinkedIn
CAND03662,Kavya Bose,34,Chennai,PhD,0,Data Analysis,Cloud Engineer,7,Referral
CAND03663,Sneha Verma,35,Mumbai,M.Tech,9,React,DevOps Engineer,37,Recruiter Outreach
CAND03664,Arjun Gupta,23,Ahmedabad,PhD,12,AWS,Data Scientist,28,LinkedIn
CAND03665,Vikram Mehta,27,Hyderabad,B.Sc,1,SQL,Cloud Engineer,28,Recruiter Outreach
CAND03666,Neha Iyer,40,Mumbai,B.Tech,9,Excel,Software Engineer,16,Naukri
CAND03667,Neha Patel,44,Noida,MBA,0,Cloud Architecture,Software Engineer,14,LinkedIn
CAND03668,Nisha Mehta,27,Hyderabad,MBA,12,Docker,ML Engineer,33,Naukri
CAND03669,Priya Nair,30,Noida,M.Tech,0,DevOps,Cloud Engineer,20,Company Website
CAND03670,Aditya Mehta,42,Pune,B.Sc,6,AWS,DevOps Engineer,9,Referral
CAND03671,Pooja Nair,24,Kolkata,PhD,1,Tableau,ML Engineer,22,Company Website
CAND03672,Meera Reddy,27,Chennai,PhD,6,Statistics,Software Engineer,23,LinkedIn
CAND03673,Amit Reddy,22,Chennai,B.Sc,6,AWS,Cloud Engineer,25,LinkedIn
CAND03674,Aditya Chopra,26,Kolkata,PhD,8,SQL,Product Manager,24,Company Website
CAND03675,Sanjay Bose,36,Delhi,PhD,12,Power BI,Product Manager,35,Naukri
CAND03676,Neha Reddy,29,Mumbai,B.Tech,14,Kubernetes,Data Scientist,14,Company Website
CAND03677,Aditya Nair,44,Delhi,B.Sc,5,Data Analysis,Product Manager,26,Recruiter Outreach
CAND03678,Vikram Gupta,42,Noida,M.Sc,13,Power BI,Data Analyst,36,Recruiter Outreach
CAND03679,Aditya Sharma,42,Hyderabad,B.Tech,6,DevOps,Cloud Engineer,39,Naukri
CAND03680,Amit Das,38,Pune,B.Sc,1,Power BI,Software Engineer,38,Naukri
CAND03681,Amit Iyer,37,Mumbai,PhD,9,Data Analysis,DevOps Engineer,30,Recruiter Outreach
CAND03682,Nisha Mehta,33,Kolkata,M.Tech,10,SQL,ML Engineer,9,Recruiter Outreach
CAND03683,Meera Singh,44,Mumbai,PhD,4,Power BI,Data Analyst,39,LinkedIn
CAND03684,Priya Iyer,23,Delhi,PhD,8,Cybersecurity,ML Engineer,7,Naukri
CAND03685,Sanjay Patel,38,Kolkata,B.Sc,6,NLP,Software Engineer,24,Recruiter Outreach
CAND03686,Ananya Reddy,24,Hyderabad,B.Sc,2,Tableau,Software Engineer,21,LinkedIn
CAND03687,Neha Jain,29,Bangalore,B.Sc,5,React,Product Manager,29,Recruiter Outreach
CAND03688,Ananya Nair,27,Gurgaon,MBA,6,Statistics,DevOps Engineer,32,Company Website
CAND03689,Neha Mehta,35,Noida,MBA,5,Cloud Architecture,DevOps Engineer,31,LinkedIn
CAND03690,Kiran Sharma,39,Mumbai,B.Sc,13,NLP,ML Engineer,13,Company Website
CAND03691,Sneha Nair,22,Delhi,MBA,5,Machine Learning,Data Analyst,31,Naukri
CAND03692,Ananya Patel,35,Mumbai,M.Sc,9,React,Data Analyst,31,Referral
CAND03693,Sanjay Kulkarni,26,Hyderabad,M.Sc,0,NLP,Cloud Engineer,6,Company Website
CAND03694,Sneha Das,22,Hyderabad,MBA,4,Excel,ML Engineer,27,Company Website
CAND03695,Nisha Mehta,31,Kolkata,B.Sc,13,SQL,Data Scientist,10,Recruiter Outreach
CAND03696,Vikram Reddy,34,Ahmedabad,M.Tech,13,Cybersecurity,Data Analyst,25,Naukri
CAND03697,Ananya Sharma,25,Noida,M.Tech,14,Machine Learning,Cloud Engineer,13,LinkedIn
CAND03698,Kavya Sharma,30,Gurgaon,MBA,0,Excel,Cloud Engineer,18,Recruiter Outreach
CAND03699,Amit Singh,43,Mumbai,B.Tech,12,Power BI,Cloud Engineer,15,Referral
CAND03700,Meera Bose,29,Mumbai,PhD,4,Python,Software Engineer,35,Company Website
CAND03701,Priya Gupta,44,Gurgaon,B.Tech,0,Cybersecurity,ML Engineer,36,Company Website
CAND03702,Arjun Nair,41,Chennai,M.Tech,1,Kubernetes,DevOps Engineer,33,LinkedIn
CAND03703,Nisha Verma,29,Delhi,M.Tech,11,AWS,Data Scientist,30,Naukri
CAND03704,Rohit Sharma,34,Noida,M.Tech,8,Machine Learning,Product Manager,18,LinkedIn
CAND03705,Priya Iyer,38,Hyderabad,MBA,8,Java,DevOps Engineer,10,Company Website
CAND03706,Kiran Reddy,32,Noida,M.Sc,13,Java,Data Analyst,25,Company Website
CAND03707,Sneha Verma,30,Gurgaon,PhD,1,Kubernetes,ML Engineer,20,Naukri
CAND03708,Pooja Singh,28,Bangalore,M.Tech,1,NodeJS,ML Engineer,15,Referral
CAND03709,Aditya Das,24,Noida,M.Tech,13,Cybersecurity,Product Manager,14,Recruiter Outreach
CAND03710,Meera Bose,21,Pune,MBA,9,Cloud Architecture,Data Scientist,11,LinkedIn
CAND03711,Rahul Das,29,Hyderabad,M.Tech,11,Excel,Data Scientist,34,LinkedIn
CAND03712,Nisha Jain,40,Gurgaon,M.Sc,7,Python,Software Engineer,16,Referral
CAND03713,Ananya Das,26,Ahmedabad,M.Tech,2,Deep Learning,ML Engineer,37,Recruiter Outreach
CAND03714,Aditya Chopra,25,Mumbai,MBA,7,Cybersecurity,DevOps Engineer,28,Recruiter Outreach
CAND03715,Aditya Chopra,28,Noida,B.Sc,14,Cybersecurity,Data Scientist,11,Naukri
CAND03716,Arjun Das,35,Delhi,MBA,1,AWS,Cloud Engineer,8,Recruiter Outreach
CAND03717,Arjun Chopra,26,Noida,B.Sc,1,Python,Cloud Engineer,20,Recruiter Outreach
CAND03718,Sanjay Jain,26,Gurgaon,M.Sc,5,Cybersecurity,ML Engineer,8,Naukri
CAND03719,Ananya Singh,23,Mumbai,B.Sc,6,Cloud Architecture,DevOps Engineer,38,LinkedIn
CAND03720,Rahul Nair,28,Gurgaon,MBA,9,Deep Learning,DevOps Engineer,36,Recruiter Outreach
CAND03721,Ananya Kulkarni,26,Bangalore,PhD,2,Cloud Architecture,Cloud Engineer,28,Company Website
CAND03722,Kiran Chopra,40,Pune,PhD,14,Kubernetes,Cloud Engineer,15,LinkedIn
CAND03723,Rahul Singh,42,Chennai,PhD,2,DevOps,Product Manager,35,Recruiter Outreach
CAND03724,Meera Chopra,29,Mumbai,B.Tech,3,Kubernetes,Data Scientist,28,Referral
CAND03725,Sanjay Chopra,23,Noida,PhD,14,Java,DevOps Engineer,18,Company Website
CAND03726,Pooja Jain,23,Delhi,PhD,5,Kubernetes,Cloud Engineer,35,Referral
CAND03727,Ananya Gupta,28,Delhi,M.Sc,8,SQL,ML Engineer,13,LinkedIn
CAND03728,Ananya Verma,32,Mumbai,M.Sc,6,NLP,ML Engineer,25,Naukri
CAND03729,Priya Das,33,Gurgaon,MBA,3,DevOps,Data Scientist,29,Naukri
CAND03730,Rohit Jain,28,Mumbai,M.Sc,7,TensorFlow,Product Manager,36,Recruiter Outreach
CAND03731,Sneha Bose,29,Bangalore,B.Sc,11,Tableau,Product Manager,10,LinkedIn
CAND03732,Kavya Nair,27,Hyderabad,M.Sc,0,NLP,Data Scientist,15,Recruiter Outreach
CAND03733,Kiran Nair,33,Gurgaon,MBA,13,Excel,ML Engineer,34,LinkedIn
CAND03734,Aditya Iyer,37,Chennai,M.Sc,2,Deep Learning,Data Analyst,22,Recruiter Outreach
CAND03735,Meera Jain,22,Kolkata,M.Sc,13,Docker,Product Manager,31,Company Website
CAND03736,Sneha Gupta,32,Ahmedabad,PhD,14,Power BI,Cloud Engineer,32,Referral
CAND03737,Kavya Das,36,Gurgaon,M.Tech,13,Java,Product Manager,16,Recruiter Outreach
CAND03738,Nisha Chopra,37,Mumbai,PhD,9,Kubernetes,Cloud Engineer,17,Referral
CAND03739,Sanjay Singh,34,Gurgaon,M.Tech,13,Kubernetes,DevOps Engineer,22,Company Website
CAND03740,Kiran Iyer,33,Bangalore,PhD,12,React,Software Engineer,6,LinkedIn
CAND03741,Kavya Iyer,37,Kolkata,B.Tech,9,Statistics,DevOps Engineer,33,LinkedIn
CAND03742,Amit Chopra,30,Ahmedabad,M.Tech,13,NodeJS,Data Analyst,9,Referral
CAND03743,Sanjay Kulkarni,34,Mumbai,B.Sc,5,React,Product Manager,37,Referral
CAND03744,Amit Patel,28,Mumbai,B.Sc,12,Deep Learning,Data Analyst,32,Referral
CAND03745,Priya Das,31,Noida,M.Sc,13,Tableau,Cloud Engineer,17,Referral
CAND03746,Sneha Gupta,23,Pune,MBA,9,Power BI,ML Engineer,8,Company Website
CAND03747,Pooja Bose,29,Ahmedabad,B.Tech,1,TensorFlow,DevOps Engineer,32,LinkedIn
CAND03748,Sanjay Reddy,24,Delhi,B.Sc,3,Tableau,Data Analyst,21,Company Website
CAND03749,Ananya Iyer,26,Delhi,B.Sc,2,React,Data Analyst,12,Recruiter Outreach
CAND03750,Pooja Patel,31,Kolkata,B.Sc,7,AWS,Cloud Engineer,20,Recruiter Outreach
CAND03751,Meera Kulkarni,33,Bangalore,MBA,6,Java,Data Analyst,36,LinkedIn
CAND03752,Sanjay Singh,43,Delhi,PhD,12,Statistics,Data Scientist,29,Recruiter Outreach
CAND03753,Rahul Das,21,Ahmedabad,M.Sc,4,React,Software Engineer,29,LinkedIn
CAND03754,Kiran Singh,42,Mumbai,M.Tech,2,Deep Learning,Product Manager,23,LinkedIn
CAND03755,Neha Reddy,28,Pune,B.Tech,9,Java,Product Manager,11,Company Website
CAND03756,Kavya Gupta,38,Pune,M.Tech,2,Statistics,DevOps Engineer,38,Company Website
CAND03757,Vikram Gupta,37,Hyderabad,B.Tech,13,Data Analysis,DevOps Engineer,31,LinkedIn
CAND03758,Amit Bose,44,Pune,M.Sc,1,Python,ML Engineer,23,Naukri
CAND03759,Sneha Iyer,23,Pune,B.Sc,7,Kubernetes,Cloud Engineer,30,Naukri
CAND03760,Rahul Jain,44,Kolkata,MBA,14,Python,DevOps Engineer,18,Company Website
CAND03761,Kavya Reddy,22,Chennai,B.Sc,8,Deep Learning,Data Scientist,31,Naukri
CAND03762,Arjun Patel,42,Hyderabad,M.Sc,12,DevOps,Product Manager,38,Company Website
CAND03763,Neha Gupta,36,Chennai,M.Sc,6,Python,Cloud Engineer,17,LinkedIn
CAND03764,Sanjay Sharma,32,Ahmedabad,MBA,11,Cybersecurity,Data Scientist,6,Recruiter Outreach
CAND03765,Arjun Chopra,30,Chennai,B.Sc,10,Kubernetes,Software Engineer,31,Naukri
CAND03766,Pooja Kulkarni,23,Chennai,B.Sc,7,Data Analysis,Cloud Engineer,34,Company Website
CAND03767,Sneha Reddy,40,Ahmedabad,PhD,1,NLP,Cloud Engineer,34,Naukri
CAND03768,Sneha Verma,38,Mumbai,M.Sc,14,Tableau,ML Engineer,39,Referral
CAND03769,Vikram Nair,43,Chennai,M.Tech,0,AWS,Data Scientist,17,Company Website
CAND03770,Kiran Jain,38,Gurgaon,PhD,5,DevOps,Product Manager,37,Referral
CAND03771,Neha Jain,43,Delhi,MBA,9,NLP,Product Manager,13,Referral
CAND03772,Arjun Verma,42,Kolkata,M.Sc,11,Docker,Cloud Engineer,25,Naukri
CAND03773,Kiran Chopra,31,Kolkata,PhD,8,React,DevOps Engineer,36,Referral
CAND03774,Kavya Chopra,37,Hyderabad,M.Sc,6,Python,DevOps Engineer,37,Recruiter Outreach
CAND03775,Neha Singh,27,Kolkata,B.Tech,6,DevOps,Data Analyst,27,Company Website
CAND03776,Kavya Verma,40,Bangalore,M.Tech,14,TensorFlow,DevOps Engineer,24,Referral
CAND03777,Ananya Patel,35,Bangalore,M.Sc,5,Java,Software Engineer,21,LinkedIn
CAND03778,Sanjay Das,31,Ahmedabad,B.Tech,12,NLP,Data Scientist,35,Referral
CAND03779,Priya Jain,36,Mumbai,B.Tech,0,Cybersecurity,Software Engineer,35,LinkedIn
CAND03780,Kiran Patel,27,Hyderabad,M.Tech,9,Cloud Architecture,Software Engineer,14,Referral
CAND03781,Kavya Chopra,35,Noida,MBA,10,Machine Learning,Software Engineer,10,Referral
CAND03782,Vikram Jain,32,Chennai,B.Tech,10,Statistics,Data Analyst,33,Company Website
CAND03783,Arjun Gupta,28,Kolkata,B.Tech,6,Data Analysis,Data Scientist,33,LinkedIn
CAND03784,Neha Kulkarni,44,Bangalore,MBA,10,NLP,Software Engineer,9,LinkedIn
CAND03785,Meera Bose,22,Delhi,B.Sc,6,Excel,Data Analyst,22,LinkedIn
CAND03786,Sneha Jain,39,Pune,B.Sc,8,React,ML Engineer,23,Recruiter Outreach
CAND03787,Rohit Patel,26,Bangalore,M.Sc,13,Deep Learning,Data Analyst,7,Recruiter Outreach
CAND03788,Aditya Reddy,26,Pune,PhD,10,AWS,DevOps Engineer,28,Referral
CAND03789,Ananya Verma,24,Gurgaon,B.Tech,11,Java,Software Engineer,39,Naukri
CAND03790,Amit Gupta,23,Bangalore,M.Sc,14,SQL,Data Scientist,13,Referral
CAND03791,Kiran Reddy,23,Noida,B.Tech,3,Cybersecurity,DevOps Engineer,32,Naukri
CAND03792,Amit Sharma,40,Hyderabad,MBA,8,Excel,DevOps Engineer,8,Naukri
CAND03793,Pooja Iyer,43,Delhi,MBA,9,Cybersecurity,Software Engineer,13,Referral
CAND03794,Priya Kulkarni,35,Kolkata,M.Sc,10,NodeJS,Data Scientist,25,Company Website
CAND03795,Priya Verma,21,Kolkata,M.Tech,1,TensorFlow,Data Scientist,37,LinkedIn
CAND03796,Rohit Verma,41,Mumbai,PhD,11,SQL,Data Scientist,36,Company Website
CAND03797,Kavya Das,35,Gurgaon,MBA,2,Statistics,Cloud Engineer,37,Company Website
CAND03798,Kiran Mehta,33,Ahmedabad,M.Sc,6,DevOps,Software Engineer,39,LinkedIn
CAND03799,Amit Gupta,43,Noida,PhD,10,Power BI,Software Engineer,33,Company Website
CAND03800,Rahul Sharma,30,Pune,B.Sc,3,SQL,DevOps Engineer,18,Company Website
CAND03801,Vikram Iyer,29,Noida,B.Tech,1,SQL,DevOps Engineer,10,Recruiter Outreach
CAND03802,Priya Reddy,39,Noida,M.Sc,10,AWS,Data Scientist,33,Recruiter Outreach
CAND03803,Rohit Iyer,33,Noida,MBA,4,Python,Product Manager,12,LinkedIn
CAND03804,Vikram Sharma,38,Chennai,MBA,12,Java,ML Engineer,23,LinkedIn
CAND03805,Amit Iyer,37,Delhi,MBA,13,AWS,Cloud Engineer,31,LinkedIn
CAND03806,Kavya Verma,41,Noida,M.Tech,5,Docker,Cloud Engineer,7,Naukri
CAND03807,Sanjay Nair,28,Chennai,M.Tech,11,DevOps,Data Analyst,37,Company Website
CAND03808,Ananya Jain,22,Gurgaon,PhD,3,TensorFlow,ML Engineer,16,Company Website
CAND03809,Vikram Chopra,32,Gurgaon,M.Tech,13,NLP,Data Analyst,13,Referral
CAND03810,Aditya Kulkarni,36,Hyderabad,MBA,3,Data Analysis,ML Engineer,18,Referral
CAND03811,Pooja Patel,40,Noida,M.Sc,13,Machine Learning,Cloud Engineer,21,LinkedIn
CAND03812,Aditya Kulkarni,27,Gurgaon,M.Tech,11,Deep Learning,Cloud Engineer,21,Referral
CAND03813,Sneha Sharma,38,Chennai,B.Sc,4,Power BI,Cloud Engineer,11,Referral
CAND03814,Meera Singh,40,Gurgaon,PhD,12,TensorFlow,Cloud Engineer,12,Referral
CAND03815,Vikram Mehta,40,Pune,M.Sc,9,DevOps,ML Engineer,22,LinkedIn
CAND03816,Nisha Mehta,40,Hyderabad,B.Tech,10,Statistics,Data Scientist,13,Referral
CAND03817,Priya Gupta,44,Gurgaon,MBA,5,Tableau,DevOps Engineer,27,Recruiter Outreach
CAND03818,Rahul Verma,36,Kolkata,B.Tech,3,React,DevOps Engineer,36,Referral
CAND03819,Sanjay Chopra,29,Noida,B.Sc,10,NodeJS,Product Manager,6,Recruiter Outreach
CAND03820,Kiran Das,31,Noida,M.Tech,0,Deep Learning,DevOps Engineer,7,LinkedIn
CAND03821,Arjun Nair,38,Hyderabad,PhD,5,Tableau,Cloud Engineer,27,Company Website
CAND03822,Priya Kulkarni,26,Gurgaon,M.Tech,2,Docker,Software Engineer,6,LinkedIn
CAND03823,Rohit Sharma,35,Hyderabad,PhD,0,Excel,Data Scientist,27,Referral
CAND03824,Rohit Das,34,Mumbai,MBA,0,Tableau,Data Scientist,22,Recruiter Outreach
CAND03825,Neha Kulkarni,36,Bangalore,PhD,1,Power BI,Data Analyst,21,Company Website
CAND03826,Vikram Gupta,31,Noida,M.Tech,14,Java,Data Scientist,26,Naukri
CAND03827,Rahul Reddy,38,Ahmedabad,M.Tech,11,Cybersecurity,Data Analyst,36,Company Website
CAND03828,Sanjay Jain,22,Chennai,MBA,14,Statistics,Software Engineer,10,Company Website
CAND03829,Kiran Nair,38,Kolkata,PhD,1,Cybersecurity,ML Engineer,10,Company Website
CAND03830,Ananya Singh,40,Gurgaon,M.Sc,14,Statistics,DevOps Engineer,29,Naukri
CAND03831,Arjun Nair,42,Delhi,M.Sc,8,Power BI,DevOps Engineer,7,Naukri
CAND03832,Sanjay Mehta,43,Kolkata,B.Sc,11,Java,Data Scientist,20,LinkedIn
CAND03833,Ananya Singh,29,Chennai,M.Sc,12,NLP,Data Analyst,22,Recruiter Outreach
CAND03834,Vikram Reddy,22,Chennai,B.Sc,3,DevOps,Product Manager,19,Naukri
CAND03835,Priya Singh,36,Gurgaon,M.Sc,11,SQL,Software Engineer,24,Referral
CAND03836,Meera Verma,23,Noida,PhD,9,AWS,Cloud Engineer,9,LinkedIn
CAND03837,Nisha Sharma,27,Delhi,PhD,6,Python,Software Engineer,15,Company Website
CAND03838,Sanjay Chopra,37,Chennai,B.Sc,7,Data Analysis,ML Engineer,6,Company Website
CAND03839,Arjun Gupta,35,Ahmedabad,MBA,3,SQL,Cloud Engineer,38,Recruiter Outreach
CAND03840,Neha Verma,35,Mumbai,B.Sc,2,SQL,Software Engineer,34,Recruiter Outreach
CAND03841,Pooja Nair,39,Mumbai,M.Sc,13,Machine Learning,Product Manager,14,Recruiter Outreach
CAND03842,Rohit Verma,24,Chennai,PhD,10,AWS,DevOps Engineer,7,Company Website
CAND03843,Priya Nair,39,Mumbai,M.Sc,8,React,Cloud Engineer,15,Recruiter Outreach
CAND03844,Amit Jain,35,Hyderabad,PhD,10,NLP,Cloud Engineer,38,LinkedIn
CAND03845,Aditya Kulkarni,31,Delhi,M.Sc,6,Cloud Architecture,Product Manager,33,Referral
CAND03846,Neha Das,32,Chennai,PhD,3,Excel,Data Analyst,28,Naukri
CAND03847,Kiran Verma,33,Bangalore,M.Sc,14,NodeJS,Product Manager,37,Company Website
CAND03848,Rohit Gupta,34,Bangalore,PhD,14,AWS,Data Scientist,12,Referral
CAND03849,Priya Gupta,29,Noida,M.Tech,3,NodeJS,Data Analyst,24,Referral
CAND03850,Rohit Mehta,26,Ahmedabad,PhD,12,TensorFlow,Software Engineer,32,Recruiter Outreach
CAND03851,Rohit Gupta,25,Gurgaon,MBA,6,TensorFlow,Data Scientist,6,Company Website
CAND03852,Nisha Mehta,29,Delhi,M.Sc,10,Docker,Product Manager,20,Company Website
CAND03853,Pooja Mehta,27,Pune,MBA,1,TensorFlow,Cloud Engineer,18,LinkedIn
CAND03854,Kavya Nair,33,Bangalore,MBA,7,NodeJS,Cloud Engineer,12,Naukri
CAND03855,Vikram Gupta,42,Chennai,M.Sc,1,NLP,DevOps Engineer,13,Naukri
CAND03856,Arjun Chopra,23,Bangalore,B.Sc,12,Statistics,DevOps Engineer,38,Company Website
CAND03857,Rahul Singh,28,Noida,M.Sc,5,SQL,Software Engineer,23,Recruiter Outreach
CAND03858,Kiran Verma,22,Hyderabad,B.Tech,3,Tableau,DevOps Engineer,8,Referral
CAND03859,Arjun Patel,44,Kolkata,PhD,10,Machine Learning,Product Manager,29,Recruiter Outreach
CAND03860,Amit Singh,37,Bangalore,MBA,14,Cybersecurity,ML Engineer,26,Company Website
CAND03861,Sanjay Sharma,26,Chennai,M.Sc,5,DevOps,Software Engineer,19,Naukri
CAND03862,Aditya Verma,30,Gurgaon,M.Tech,10,Cloud Architecture,Data Scientist,19,Recruiter Outreach
CAND03863,Amit Reddy,38,Bangalore,B.Sc,10,SQL,Product Manager,24,LinkedIn
CAND03864,Sneha Jain,43,Gurgaon,B.Sc,7,NLP,Data Analyst,37,Company Website
CAND03865,Rohit Reddy,34,Delhi,B.Tech,12,Data Analysis,DevOps Engineer,31,Referral
CAND03866,Vikram Kulkarni,27,Noida,MBA,1,SQL,ML Engineer,19,Company Website
CAND03867,Amit Gupta,37,Chennai,B.Sc,13,AWS,Data Scientist,14,LinkedIn
CAND03868,Rahul Nair,37,Ahmedabad,PhD,6,Python,Cloud Engineer,9,Company Website
CAND03869,Kiran Singh,36,Gurgaon,PhD,0,Kubernetes,Product Manager,12,LinkedIn
CAND03870,Rahul Mehta,22,Pune,MBA,14,Docker,Software Engineer,10,Referral
CAND03871,Pooja Iyer,37,Delhi,B.Sc,11,Docker,Cloud Engineer,33,Recruiter Outreach
CAND03872,Rahul Patel,21,Ahmedabad,M.Tech,12,Statistics,DevOps Engineer,25,Company Website
CAND03873,Pooja Patel,42,Bangalore,PhD,2,Cybersecurity,DevOps Engineer,7,Naukri
CAND03874,Ananya Jain,42,Delhi,PhD,11,NLP,ML Engineer,37,Referral
CAND03875,Kiran Mehta,34,Gurgaon,PhD,10,Docker,DevOps Engineer,11,LinkedIn
CAND03876,Sneha Sharma,36,Bangalore,MBA,13,Cloud Architecture,ML Engineer,27,LinkedIn
CAND03877,Rahul Jain,22,Delhi,MBA,5,DevOps,ML Engineer,6,Company Website
CAND03878,Rahul Sharma,41,Delhi,M.Sc,13,Kubernetes,Software Engineer,26,Referral
CAND03879,Pooja Mehta,27,Pune,M.Sc,10,Java,ML Engineer,24,LinkedIn
CAND03880,Neha Das,27,Pune,M.Tech,3,Power BI,Product Manager,36,Naukri
CAND03881,Rohit Bose,37,Delhi,B.Sc,3,DevOps,Data Scientist,26,Referral
CAND03882,Kavya Verma,43,Pune,B.Sc,13,Java,Product Manager,22,Recruiter Outreach
CAND03883,Aditya Singh,32,Ahmedabad,MBA,9,Docker,ML Engineer,24,Referral
CAND03884,Vikram Jain,33,Delhi,MBA,1,AWS,Product Manager,27,Referral
CAND03885,Sneha Sharma,34,Gurgaon,M.Tech,1,Deep Learning,Software Engineer,20,LinkedIn
CAND03886,Ananya Jain,27,Hyderabad,MBA,12,Data Analysis,Product Manager,30,LinkedIn
CAND03887,Priya Chopra,35,Bangalore,M.Tech,2,TensorFlow,Data Analyst,23,Naukri
CAND03888,Pooja Jain,44,Chennai,M.Tech,3,Docker,Data Analyst,38,Referral
CAND03889,Arjun Gupta,30,Gurgaon,M.Tech,9,Statistics,Data Scientist,12,Company Website
CAND03890,Rohit Patel,39,Hyderabad,MBA,12,Tableau,Data Analyst,30,Recruiter Outreach
CAND03891,Pooja Verma,39,Bangalore,B.Sc,5,Cloud Architecture,Data Analyst,34,Naukri
CAND03892,Kavya Kulkarni,41,Pune,MBA,9,Kubernetes,Product Manager,30,Referral
CAND03893,Meera Kulkarni,38,Delhi,B.Tech,10,Statistics,ML Engineer,39,Recruiter Outreach
CAND03894,Pooja Bose,43,Noida,M.Sc,9,Data Analysis,Data Scientist,20,Recruiter Outreach
CAND03895,Nisha Nair,38,Delhi,MBA,10,Excel,ML Engineer,24,Recruiter Outreach
CAND03896,Meera Reddy,44,Bangalore,B.Sc,3,Python,ML Engineer,11,Recruiter Outreach
CAND03897,Amit Mehta,38,Bangalore,B.Sc,9,Deep Learning,Product Manager,18,Recruiter Outreach
CAND03898,Pooja Patel,41,Hyderabad,B.Sc,0,SQL,ML Engineer,11,Company Website
CAND03899,Rohit Iyer,42,Hyderabad,MBA,10,Machine Learning,Product Manager,32,Recruiter Outreach
CAND03900,Arjun Iyer,44,Bangalore,M.Sc,11,Data Analysis,Data Scientist,32,Referral
CAND03901,Meera Chopra,35,Ahmedabad,PhD,11,DevOps,Cloud Engineer,12,Recruiter Outreach
CAND03902,Sanjay Verma,38,Hyderabad,PhD,0,Excel,Software Engineer,33,LinkedIn
CAND03903,Sneha Kulkarni,44,Bangalore,MBA,13,Cloud Architecture,Data Scientist,16,Recruiter Outreach
CAND03904,Priya Mehta,30,Noida,MBA,6,Cloud Architecture,DevOps Engineer,30,Referral
CAND03905,Rohit Verma,23,Kolkata,B.Tech,1,TensorFlow,Cloud Engineer,37,Referral
CAND03906,Priya Chopra,42,Chennai,MBA,8,AWS,Cloud Engineer,34,Company Website
CAND03907,Kavya Bose,36,Noida,PhD,8,Cloud Architecture,ML Engineer,12,LinkedIn
CAND03908,Rohit Kulkarni,31,Mumbai,M.Tech,6,Power BI,DevOps Engineer,12,Recruiter Outreach
CAND03909,Meera Chopra,38,Delhi,PhD,11,Kubernetes,Data Analyst,9,Company Website
CAND03910,Rahul Kulkarni,21,Mumbai,M.Sc,8,Cloud Architecture,Data Analyst,34,LinkedIn
CAND03911,Amit Singh,32,Pune,B.Sc,3,SQL,Product Manager,24,Recruiter Outreach
CAND03912,Pooja Bose,27,Delhi,B.Sc,9,Java,Software Engineer,11,LinkedIn
CAND03913,Vikram Mehta,27,Bangalore,M.Sc,3,Machine Learning,Software Engineer,25,Recruiter Outreach
CAND03914,Rohit Mehta,44,Mumbai,B.Tech,1,NodeJS,Data Analyst,24,Recruiter Outreach
CAND03915,Rahul Reddy,34,Pune,B.Tech,4,Tableau,Product Manager,26,Company Website
CAND03916,Arjun Kulkarni,24,Gurgaon,M.Tech,13,NLP,Product Manager,27,Company Website
CAND03917,Aditya Kulkarni,29,Delhi,M.Sc,8,Cybersecurity,DevOps Engineer,11,Recruiter Outreach
CAND03918,Arjun Verma,26,Hyderabad,MBA,4,Python,Data Scientist,19,Recruiter Outreach
CAND03919,Sanjay Singh,42,Ahmedabad,M.Tech,5,Machine Learning,Software Engineer,30,Company Website
CAND03920,Kavya Gupta,27,Hyderabad,B.Tech,12,Tableau,Data Scientist,36,LinkedIn
CAND03921,Pooja Bose,29,Kolkata,MBA,9,Statistics,Data Scientist,14,Company Website
CAND03922,Rahul Reddy,29,Hyderabad,MBA,11,NodeJS,Cloud Engineer,25,Referral
CAND03923,Vikram Bose,25,Mumbai,M.Tech,9,React,Cloud Engineer,38,LinkedIn
CAND03924,Priya Iyer,39,Pune,B.Tech,14,NodeJS,Data Scientist,26,LinkedIn
CAND03925,Neha Kulkarni,34,Bangalore,M.Sc,9,Data Analysis,Data Analyst,13,Naukri
CAND03926,Sneha Kulkarni,31,Pune,M.Sc,6,Power BI,ML Engineer,25,Recruiter Outreach
CAND03927,Meera Chopra,30,Pune,M.Tech,3,DevOps,Data Scientist,6,LinkedIn
CAND03928,Priya Patel,37,Hyderabad,MBA,0,NodeJS,Software Engineer,22,LinkedIn
CAND03929,Priya Bose,23,Ahmedabad,M.Tech,11,Docker,Data Scientist,25,LinkedIn
CAND03930,Kiran Kulkarni,43,Bangalore,MBA,13,Java,Cloud Engineer,7,LinkedIn
CAND03931,Sanjay Nair,34,Bangalore,B.Tech,9,NodeJS,Product Manager,12,Naukri
CAND03932,Sneha Kulkarni,26,Ahmedabad,PhD,7,Excel,Software Engineer,39,Recruiter Outreach
CAND03933,Meera Sharma,33,Bangalore,M.Sc,1,Excel,ML Engineer,27,LinkedIn
CAND03934,Ananya Singh,41,Kolkata,PhD,9,React,Data Analyst,21,Recruiter Outreach
CAND03935,Priya Gupta,25,Noida,M.Tech,3,Excel,Product Manager,13,Recruiter Outreach
CAND03936,Kavya Reddy,33,Ahmedabad,PhD,9,Docker,ML Engineer,10,LinkedIn
CAND03937,Vikram Verma,35,Delhi,B.Sc,4,Python,DevOps Engineer,20,Naukri
CAND03938,Arjun Singh,40,Delhi,M.Tech,12,Machine Learning,Data Scientist,24,Recruiter Outreach
CAND03939,Sanjay Patel,34,Bangalore,M.Tech,14,AWS,Software Engineer,12,Company Website
CAND03940,Neha Patel,38,Delhi,M.Sc,3,TensorFlow,Data Analyst,33,LinkedIn
CAND03941,Aditya Iyer,39,Noida,M.Sc,4,Cybersecurity,Software Engineer,20,LinkedIn
CAND03942,Pooja Iyer,42,Ahmedabad,M.Sc,13,Power BI,ML Engineer,7,Naukri
CAND03943,Neha Nair,29,Mumbai,M.Tech,0,TensorFlow,Cloud Engineer,10,Recruiter Outreach
CAND03944,Pooja Iyer,37,Pune,B.Sc,7,NLP,DevOps Engineer,35,Recruiter Outreach
CAND03945,Sneha Bose,26,Mumbai,PhD,2,DevOps,Data Analyst,17,Naukri
CAND03946,Neha Iyer,41,Gurgaon,B.Tech,6,Power BI,Software Engineer,18,Naukri
CAND03947,Meera Patel,43,Mumbai,M.Tech,0,Java,Data Scientist,12,Naukri
CAND03948,Pooja Bose,28,Ahmedabad,B.Tech,2,Python,DevOps Engineer,33,Naukri
CAND03949,Pooja Reddy,34,Hyderabad,B.Tech,6,TensorFlow,ML Engineer,33,Company Website
CAND03950,Priya Mehta,40,Bangalore,PhD,0,Kubernetes,Software Engineer,14,Referral
CAND03951,Neha Jain,21,Ahmedabad,M.Tech,11,SQL,Product Manager,30,Naukri
CAND03952,Kiran Jain,37,Gurgaon,M.Tech,8,TensorFlow,DevOps Engineer,21,Company Website
CAND03953,Sanjay Das,40,Delhi,B.Tech,6,Python,DevOps Engineer,11,Naukri
CAND03954,Priya Sharma,41,Kolkata,PhD,7,Data Analysis,ML Engineer,33,Recruiter Outreach
CAND03955,Amit Nair,25,Gurgaon,MBA,12,NodeJS,Data Analyst,8,Company Website
CAND03956,Sneha Jain,39,Noida,M.Sc,12,Java,Data Scientist,35,Company Website
CAND03957,Rahul Jain,39,Hyderabad,M.Tech,0,Statistics,ML Engineer,6,Recruiter Outreach
CAND03958,Kiran Patel,21,Ahmedabad,B.Sc,10,React,Cloud Engineer,16,Naukri
CAND03959,Amit Mehta,37,Gurgaon,PhD,7,Statistics,Data Analyst,13,Referral
CAND03960,Neha Reddy,36,Ahmedabad,M.Sc,11,Cloud Architecture,DevOps Engineer,14,Naukri
CAND03961,Rohit Patel,44,Ahmedabad,B.Sc,11,Cloud Architecture,Cloud Engineer,22,Recruiter Outreach
CAND03962,Rahul Verma,22,Delhi,M.Tech,10,Deep Learning,Product Manager,31,Recruiter Outreach
CAND03963,Nisha Gupta,44,Hyderabad,M.Tech,10,Deep Learning,Data Scientist,19,Referral
CAND03964,Aditya Reddy,34,Ahmedabad,B.Sc,3,Deep Learning,DevOps Engineer,23,Naukri
CAND03965,Neha Patel,27,Ahmedabad,MBA,12,Machine Learning,Product Manager,39,Referral
CAND03966,Arjun Singh,30,Pune,B.Tech,10,React,ML Engineer,22,LinkedIn
CAND03967,Kiran Iyer,39,Noida,M.Tech,4,Java,Product Manager,32,Referral
CAND03968,Sneha Singh,44,Noida,MBA,3,Power BI,DevOps Engineer,19,LinkedIn
CAND03969,Priya Iyer,28,Gurgaon,M.Tech,7,Docker,Software Engineer,8,Referral
CAND03970,Kiran Jain,44,Ahmedabad,B.Sc,5,AWS,Cloud Engineer,14,LinkedIn
CAND03971,Ananya Iyer,36,Bangalore,M.Tech,10,Tableau,Product Manager,11,Referral
CAND03972,Nisha Kulkarni,25,Ahmedabad,M.Tech,6,Deep Learning,Data Scientist,36,Company Website
CAND03973,Meera Iyer,35,Noida,B.Tech,2,SQL,DevOps Engineer,6,Recruiter Outreach
CAND03974,Ananya Patel,40,Mumbai,B.Sc,5,TensorFlow,Product Manager,33,Recruiter Outreach
CAND03975,Kiran Iyer,22,Delhi,M.Tech,12,Tableau,DevOps Engineer,10,Naukri
CAND03976,Aditya Sharma,22,Pune,B.Sc,12,Docker,Data Analyst,11,Naukri
CAND03977,Kiran Patel,21,Ahmedabad,PhD,4,Docker,Data Scientist,24,Recruiter Outreach
CAND03978,Kiran Singh,34,Gurgaon,PhD,11,Excel,Data Analyst,8,Naukri
CAND03979,Nisha Verma,22,Ahmedabad,M.Sc,1,NodeJS,Product Manager,8,LinkedIn
CAND03980,Neha Patel,43,Noida,M.Sc,14,Excel,Cloud Engineer,32,Recruiter Outreach
CAND03981,Ananya Singh,24,Hyderabad,PhD,11,Power BI,Data Analyst,8,Company Website
CAND03982,Amit Nair,22,Chennai,M.Sc,0,Cloud Architecture,Software Engineer,26,Company Website
CAND03983,Sneha Gupta,27,Ahmedabad,M.Tech,10,Data Analysis,Cloud Engineer,10,LinkedIn
CAND03984,Amit Mehta,39,Pune,B.Sc,7,React,Product Manager,8,Naukri
CAND03985,Sneha Patel,42,Kolkata,PhD,13,React,Software Engineer,28,Naukri
CAND03986,Arjun Gupta,27,Chennai,M.Sc,3,Python,Cloud Engineer,19,Recruiter Outreach
CAND03987,Rahul Singh,33,Delhi,MBA,13,React,Software Engineer,6,Referral
CAND03988,Priya Jain,39,Noida,M.Tech,13,Cloud Architecture,Cloud Engineer,29,Referral
CAND03989,Kavya Jain,40,Mumbai,B.Tech,4,NLP,Product Manager,38,Company Website
CAND03990,Aditya Jain,24,Pune,MBA,6,Statistics,DevOps Engineer,25,LinkedIn
CAND03991,Rohit Mehta,41,Pune,M.Sc,9,Python,Data Analyst,18,Company Website
CAND03992,Meera Patel,41,Gurgaon,B.Sc,3,Machine Learning,Software Engineer,34,LinkedIn
CAND03993,Pooja Reddy,38,Mumbai,B.Tech,14,Statistics,Data Scientist,17,Referral
CAND03994,Amit Gupta,33,Noida,PhD,2,DevOps,Data Scientist,26,Naukri
CAND03995,Sneha Sharma,30,Pune,MBA,3,Cybersecurity,Cloud Engineer,22,LinkedIn
CAND03996,Kiran Patel,42,Gurgaon,MBA,7,Kubernetes,DevOps Engineer,30,LinkedIn
CAND03997,Pooja Singh,41,Ahmedabad,M.Sc,7,Deep Learning,ML Engineer,23,Naukri
CAND03998,Meera Reddy,33,Chennai,MBA,0,Tableau,Data Analyst,22,Company Website
CAND03999,Rahul Iyer,38,Bangalore,B.Sc,13,Docker,Product Manager,20,Referral
CAND04000,Kiran Das,30,Chennai,PhD,3,Java,DevOps Engineer,16,Referral
CAND04001,Vikram Reddy,38,Noida,B.Sc,1,Docker,Product Manager,22,Company Website
CAND04002,Nisha Chopra,23,Gurgaon,B.Sc,7,Java,Data Scientist,8,Recruiter Outreach
CAND04003,Arjun Gupta,42,Noida,MBA,13,SQL,Data Scientist,17,Naukri
CAND04004,Vikram Kulkarni,33,Delhi,PhD,0,Machine Learning,DevOps Engineer,8,Naukri
CAND04005,Ananya Iyer,35,Noida,B.Tech,7,Machine Learning,DevOps Engineer,16,Recruiter Outreach
CAND04006,Priya Singh,25,Bangalore,M.Tech,13,Java,DevOps Engineer,17,LinkedIn
CAND04007,Sanjay Iyer,33,Bangalore,PhD,13,TensorFlow,Product Manager,6,Recruiter Outreach
CAND04008,Arjun Iyer,21,Ahmedabad,MBA,2,Cloud Architecture,Data Scientist,16,Naukri
CAND04009,Sneha Nair,42,Delhi,M.Tech,9,AWS,Product Manager,28,Referral
CAND04010,Vikram Gupta,38,Kolkata,MBA,12,Excel,Data Scientist,38,Company Website
CAND04011,Nisha Iyer,31,Noida,M.Tech,10,Machine Learning,Data Analyst,26,Recruiter Outreach
CAND04012,Sneha Jain,41,Chennai,B.Sc,9,Statistics,Cloud Engineer,30,Recruiter Outreach
CAND04013,Rohit Sharma,40,Delhi,M.Tech,11,Cybersecurity,DevOps Engineer,28,Company Website
CAND04014,Arjun Kulkarni,23,Noida,MBA,6,Cybersecurity,ML Engineer,38,Naukri
CAND04015,Vikram Kulkarni,22,Pune,PhD,1,Tableau,DevOps Engineer,37,LinkedIn
CAND04016,Kiran Gupta,27,Chennai,B.Tech,9,Python,Product Manager,9,LinkedIn
CAND04017,Sanjay Singh,21,Gurgaon,M.Sc,9,Kubernetes,ML Engineer,22,Recruiter Outreach
CAND04018,Nisha Patel,34,Mumbai,B.Tech,12,Tableau,Product Manager,36,LinkedIn
CAND04019,Neha Das,33,Mumbai,MBA,13,NLP,DevOps Engineer,35,Naukri
CAND04020,Aditya Gupta,33,Pune,M.Sc,5,Data Analysis,Data Scientist,24,Naukri
CAND04021,Nisha Iyer,22,Delhi,PhD,14,Java,Software Engineer,21,Company Website
CAND04022,Arjun Reddy,43,Bangalore,M.Tech,0,DevOps,Product Manager,7,Referral
CAND04023,Arjun Bose,44,Chennai,B.Tech,14,Machine Learning,Software Engineer,22,Company Website
CAND04024,Meera Chopra,35,Pune,M.Sc,2,Cloud Architecture,Product Manager,23,Naukri
CAND04025,Vikram Jain,21,Bangalore,PhD,9,TensorFlow,Software Engineer,27,Recruiter Outreach
CAND04026,Arjun Verma,30,Mumbai,B.Sc,10,Python,Software Engineer,23,LinkedIn
CAND04027,Meera Verma,38,Kolkata,B.Tech,9,Kubernetes,Cloud Engineer,13,Company Website
CAND04028,Ananya Singh,38,Chennai,B.Sc,14,Java,Cloud Engineer,38,Company Website
CAND04029,Kiran Bose,26,Pune,MBA,8,Cloud Architecture,ML Engineer,13,Recruiter Outreach
CAND04030,Arjun Kulkarni,40,Delhi,MBA,1,AWS,Cloud Engineer,19,Naukri
CAND04031,Rahul Reddy,44,Ahmedabad,B.Tech,9,Python,ML Engineer,23,Referral
CAND04032,Sanjay Nair,33,Kolkata,M.Tech,4,Cybersecurity,Product Manager,15,Naukri
CAND04033,Sneha Kulkarni,30,Kolkata,PhD,9,Cybersecurity,Data Scientist,8,Recruiter Outreach
CAND04034,Sanjay Patel,33,Chennai,B.Tech,5,Statistics,DevOps Engineer,26,LinkedIn
CAND04035,Amit Mehta,21,Hyderabad,PhD,0,Tableau,ML Engineer,14,Company Website
CAND04036,Kiran Reddy,33,Hyderabad,B.Sc,9,Statistics,DevOps Engineer,35,Referral
CAND04037,Pooja Chopra,21,Hyderabad,B.Sc,1,React,Product Manager,32,Company Website
CAND04038,Rohit Mehta,21,Ahmedabad,PhD,4,AWS,DevOps Engineer,20,Naukri
CAND04039,Amit Chopra,34,Pune,M.Tech,9,Excel,Data Analyst,21,Recruiter Outreach
CAND04040,Aditya Singh,33,Kolkata,PhD,13,NLP,Cloud Engineer,38,LinkedIn
CAND04041,Rohit Das,44,Ahmedabad,M.Tech,4,Kubernetes,ML Engineer,6,LinkedIn
CAND04042,Meera Patel,33,Kolkata,MBA,4,NodeJS,Data Analyst,18,Recruiter Outreach
CAND04043,Kiran Bose,44,Noida,MBA,4,Python,Product Manager,8,Referral
CAND04044,Sanjay Singh,40,Kolkata,B.Sc,8,Power BI,Software Engineer,10,LinkedIn
CAND04045,Rohit Gupta,29,Mumbai,M.Tech,2,Python,Data Scientist,37,Recruiter Outreach
CAND04046,Kiran Gupta,43,Kolkata,M.Sc,7,Excel,Data Analyst,9,Naukri
CAND04047,Neha Gupta,32,Delhi,B.Tech,12,Cybersecurity,Data Analyst,38,Recruiter Outreach
CAND04048,Neha Mehta,35,Ahmedabad,B.Sc,1,React,Cloud Engineer,32,Naukri
CAND04049,Priya Das,23,Mumbai,B.Sc,14,SQL,Cloud Engineer,27,Company Website
CAND04050,Kavya Jain,26,Ahmedabad,B.Sc,7,NodeJS,Software Engineer,31,Naukri
CAND04051,Rahul Verma,33,Delhi,B.Sc,9,Python,Cloud Engineer,12,Naukri
CAND04052,Rahul Kulkarni,27,Pune,M.Sc,9,Python,ML Engineer,9,Naukri
CAND04053,Kavya Singh,35,Delhi,PhD,14,Statistics,ML Engineer,18,Referral
CAND04054,Kiran Chopra,22,Mumbai,M.Tech,9,Python,DevOps Engineer,31,Company Website
CAND04055,Neha Chopra,27,Mumbai,MBA,13,NLP,DevOps Engineer,16,Naukri
CAND04056,Rahul Reddy,36,Delhi,B.Sc,4,SQL,Cloud Engineer,11,LinkedIn
CAND04057,Vikram Jain,35,Kolkata,MBA,3,Docker,DevOps Engineer,32,Referral
CAND04058,Priya Mehta,44,Pune,PhD,9,AWS,Data Scientist,27,Naukri
CAND04059,Arjun Chopra,42,Bangalore,B.Sc,2,Cloud Architecture,DevOps Engineer,24,Recruiter Outreach
CAND04060,Kavya Jain,40,Hyderabad,B.Sc,1,TensorFlow,Data Analyst,20,Naukri
CAND04061,Meera Verma,21,Delhi,M.Tech,3,NodeJS,ML Engineer,32,Naukri
CAND04062,Sanjay Iyer,35,Mumbai,MBA,4,Tableau,Software Engineer,30,LinkedIn
CAND04063,Kavya Nair,26,Noida,B.Sc,1,Python,Cloud Engineer,18,Referral
CAND04064,Sneha Patel,27,Chennai,MBA,10,Statistics,ML Engineer,10,Referral
CAND04065,Rahul Chopra,26,Ahmedabad,M.Sc,8,Docker,Data Analyst,35,Naukri
CAND04066,Kiran Gupta,31,Hyderabad,B.Tech,3,Deep Learning,Data Scientist,10,Recruiter Outreach
CAND04067,Meera Verma,23,Chennai,B.Tech,4,AWS,Cloud Engineer,20,Recruiter Outreach
CAND04068,Pooja Bose,33,Mumbai,MBA,13,Excel,ML Engineer,36,Referral
CAND04069,Aditya Iyer,24,Ahmedabad,M.Tech,13,Excel,Product Manager,20,Company Website
CAND04070,Sanjay Mehta,33,Kolkata,M.Sc,1,Tableau,Product Manager,34,Recruiter Outreach
CAND04071,Arjun Verma,36,Hyderabad,PhD,9,Cybersecurity,Cloud Engineer,22,Referral
CAND04072,Ananya Mehta,25,Chennai,MBA,4,Machine Learning,Software Engineer,31,Naukri
CAND04073,Nisha Iyer,23,Kolkata,B.Sc,5,TensorFlow,Cloud Engineer,26,Naukri
CAND04074,Priya Sharma,40,Bangalore,M.Tech,8,Java,Data Scientist,15,LinkedIn
CAND04075,Pooja Mehta,38,Bangalore,B.Sc,14,SQL,Software Engineer,36,Naukri
CAND04076,Arjun Verma,27,Bangalore,M.Sc,8,React,Data Scientist,21,LinkedIn
CAND04077,Arjun Nair,42,Gurgaon,M.Sc,14,SQL,Data Scientist,21,Referral
CAND04078,Amit Iyer,26,Bangalore,PhD,12,Cybersecurity,Software Engineer,28,LinkedIn
CAND04079,Aditya Singh,43,Mumbai,B.Sc,11,NodeJS,DevOps Engineer,37,Company Website
CAND04080,Rahul Mehta,23,Pune,MBA,11,Power BI,Product Manager,35,Recruiter Outreach
CAND04081,Neha Gupta,36,Ahmedabad,B.Tech,11,Tableau,Data Scientist,19,Referral
CAND04082,Vikram Das,21,Kolkata,M.Sc,3,TensorFlow,Software Engineer,13,LinkedIn
CAND04083,Priya Reddy,25,Ahmedabad,M.Sc,14,Cybersecurity,DevOps Engineer,17,Naukri
CAND04084,Kavya Kulkarni,30,Bangalore,B.Sc,13,Kubernetes,ML Engineer,14,LinkedIn
CAND04085,Aditya Bose,23,Chennai,PhD,9,SQL,Cloud Engineer,16,Naukri
CAND04086,Vikram Kulkarni,31,Chennai,M.Tech,10,Docker,Data Analyst,20,Naukri
CAND04087,Amit Nair,26,Delhi,B.Tech,13,Python,Data Analyst,6,Naukri
CAND04088,Rahul Patel,23,Mumbai,B.Sc,2,NLP,Data Scientist,24,Naukri
CAND04089,Kiran Iyer,44,Delhi,B.Tech,0,React,ML Engineer,34,Naukri
CAND04090,Kavya Patel,44,Mumbai,B.Tech,14,Power BI,Product Manager,20,LinkedIn
CAND04091,Meera Das,44,Bangalore,M.Sc,8,TensorFlow,Product Manager,8,Company Website
CAND04092,Ananya Chopra,24,Bangalore,MBA,10,Statistics,Data Analyst,19,Company Website
CAND04093,Arjun Iyer,30,Noida,B.Sc,7,Java,DevOps Engineer,17,LinkedIn
CAND04094,Rahul Gupta,28,Kolkata,M.Sc,7,DevOps,Data Analyst,26,Naukri
CAND04095,Sneha Reddy,28,Noida,MBA,0,DevOps,Data Analyst,14,Referral
CAND04096,Sneha Nair,30,Chennai,B.Sc,4,SQL,DevOps Engineer,16,Referral
CAND04097,Rahul Nair,33,Delhi,B.Sc,1,Excel,Data Analyst,31,Company Website
CAND04098,Neha Verma,32,Delhi,B.Sc,6,Statistics,Data Scientist,11,Naukri
CAND04099,Rohit Bose,28,Pune,M.Sc,0,Python,Data Scientist,37,Recruiter Outreach
CAND04100,Kavya Reddy,44,Ahmedabad,MBA,12,Java,Cloud Engineer,16,Naukri
CAND04101,Ananya Verma,44,Ahmedabad,B.Sc,4,AWS,Cloud Engineer,33,LinkedIn
CAND04102,Kavya Kulkarni,28,Bangalore,B.Sc,11,TensorFlow,ML Engineer,8,Company Website
CAND04103,Kavya Reddy,26,Pune,B.Tech,0,NLP,Data Scientist,16,LinkedIn
CAND04104,Neha Bose,33,Pune,M.Tech,0,Cybersecurity,ML Engineer,18,Referral
CAND04105,Kiran Patel,29,Noida,B.Tech,6,React,DevOps Engineer,21,Recruiter Outreach
CAND04106,Nisha Verma,44,Mumbai,M.Tech,11,SQL,DevOps Engineer,9,Recruiter Outreach
CAND04107,Amit Das,31,Pune,MBA,12,NLP,ML Engineer,14,LinkedIn
CAND04108,Ananya Bose,21,Noida,PhD,8,Kubernetes,ML Engineer,35,Recruiter Outreach
CAND04109,Kavya Kulkarni,24,Pune,PhD,9,Tableau,ML Engineer,37,Recruiter Outreach
CAND04110,Neha Reddy,22,Mumbai,M.Sc,10,Deep Learning,Data Analyst,20,Recruiter Outreach
CAND04111,Ananya Chopra,30,Mumbai,B.Sc,10,Deep Learning,ML Engineer,10,Recruiter Outreach
CAND04112,Aditya Das,28,Gurgaon,M.Tech,11,Docker,Data Analyst,15,LinkedIn
CAND04113,Ananya Kulkarni,41,Hyderabad,MBA,0,Cloud Architecture,Data Scientist,38,LinkedIn
CAND04114,Neha Das,42,Bangalore,M.Sc,6,Power BI,Product Manager,37,Company Website
CAND04115,Neha Gupta,24,Noida,PhD,12,Statistics,Product Manager,33,LinkedIn
CAND04116,Pooja Nair,43,Pune,PhD,6,React,Software Engineer,35,Referral
CAND04117,Neha Bose,35,Delhi,MBA,2,Power BI,Cloud Engineer,30,Recruiter Outreach
CAND04118,Nisha Reddy,28,Chennai,MBA,9,NodeJS,Data Analyst,27,Recruiter Outreach
CAND04119,Rohit Singh,30,Noida,B.Sc,4,Power BI,Data Scientist,32,Referral
CAND04120,Meera Jain,31,Noida,B.Tech,7,Cybersecurity,ML Engineer,27,Naukri
CAND04121,Rohit Chopra,25,Noida,B.Tech,7,TensorFlow,Data Scientist,17,Naukri
CAND04122,Ananya Bose,41,Bangalore,B.Tech,10,Cybersecurity,DevOps Engineer,27,Referral
CAND04123,Arjun Mehta,21,Pune,M.Sc,13,SQL,Cloud Engineer,16,Referral
CAND04124,Arjun Jain,22,Delhi,M.Tech,10,Java,DevOps Engineer,27,Naukri
CAND04125,Ananya Iyer,27,Mumbai,M.Sc,14,Cloud Architecture,Data Scientist,18,Company Website
CAND04126,Amit Kulkarni,24,Chennai,MBA,0,Cloud Architecture,ML Engineer,22,Recruiter Outreach
CAND04127,Sanjay Singh,22,Noida,M.Sc,11,Docker,Data Analyst,12,Recruiter Outreach
CAND04128,Rohit Chopra,30,Kolkata,B.Tech,6,Deep Learning,ML Engineer,38,LinkedIn
CAND04129,Rohit Bose,30,Noida,M.Tech,10,DevOps,Data Scientist,31,Company Website
CAND04130,Kiran Das,24,Ahmedabad,M.Tech,1,Power BI,Software Engineer,9,Company Website
CAND04131,Sanjay Nair,40,Delhi,MBA,7,NLP,DevOps Engineer,22,LinkedIn
CAND04132,Amit Mehta,42,Chennai,B.Sc,0,Excel,Data Scientist,21,Recruiter Outreach
CAND04133,Rahul Kulkarni,38,Bangalore,M.Tech,9,NLP,Product Manager,36,Naukri
CAND04134,Rahul Kulkarni,33,Noida,M.Sc,3,NLP,Data Analyst,31,Company Website
CAND04135,Neha Sharma,43,Kolkata,PhD,2,Data Analysis,ML Engineer,35,Company Website
CAND04136,Priya Kulkarni,29,Hyderabad,B.Tech,1,React,Data Scientist,21,Referral
CAND04137,Priya Chopra,31,Mumbai,B.Tech,4,Python,Product Manager,11,Referral
CAND04138,Sanjay Verma,21,Mumbai,PhD,14,Excel,DevOps Engineer,30,Referral
CAND04139,Rahul Chopra,37,Noida,B.Sc,14,Machine Learning,Product Manager,13,Company Website
CAND04140,Kiran Mehta,23,Noida,PhD,1,Kubernetes,Cloud Engineer,27,Company Website
CAND04141,Amit Kulkarni,36,Pune,M.Sc,14,TensorFlow,Product Manager,19,Company Website
CAND04142,Sanjay Sharma,39,Mumbai,M.Sc,8,Cybersecurity,Product Manager,17,LinkedIn
CAND04143,Amit Mehta,26,Noida,B.Tech,4,Deep Learning,Cloud Engineer,10,LinkedIn
CAND04144,Rohit Singh,35,Hyderabad,B.Sc,14,AWS,Cloud Engineer,33,Company Website
CAND04145,Arjun Gupta,28,Chennai,MBA,3,Python,Cloud Engineer,29,Recruiter Outreach
CAND04146,Amit Sharma,30,Bangalore,PhD,2,Power BI,ML Engineer,17,Referral
CAND04147,Priya Verma,33,Gurgaon,B.Tech,3,NLP,DevOps Engineer,31,Naukri
CAND04148,Sanjay Singh,26,Gurgaon,B.Tech,2,AWS,Product Manager,39,Recruiter Outreach
CAND04149,Priya Mehta,40,Mumbai,B.Sc,7,Power BI,Product Manager,30,Referral
CAND04150,Nisha Gupta,30,Mumbai,PhD,2,React,Data Scientist,38,Naukri
CAND04151,Kavya Kulkarni,32,Delhi,PhD,3,AWS,Data Scientist,21,LinkedIn
CAND04152,Neha Singh,40,Noida,B.Sc,5,Statistics,ML Engineer,18,Referral
CAND04153,Kavya Singh,26,Pune,MBA,9,Java,Cloud Engineer,34,Referral
CAND04154,Meera Nair,31,Pune,M.Tech,12,Statistics,Software Engineer,28,Company Website
CAND04155,Amit Sharma,44,Noida,PhD,1,Cybersecurity,DevOps Engineer,26,Referral
CAND04156,Arjun Bose,30,Chennai,M.Tech,9,NodeJS,Data Scientist,27,Naukri
CAND04157,Amit Sharma,23,Pune,B.Tech,1,Cloud Architecture,Data Scientist,39,Referral
CAND04158,Kiran Singh,27,Noida,B.Sc,14,Java,Cloud Engineer,29,LinkedIn
CAND04159,Sneha Iyer,43,Mumbai,MBA,4,Deep Learning,Software Engineer,33,Company Website
CAND04160,Kiran Kulkarni,39,Bangalore,MBA,12,Python,Data Scientist,7,Company Website
CAND04161,Kiran Gupta,40,Gurgaon,PhD,11,Cybersecurity,ML Engineer,30,Company Website
CAND04162,Rohit Bose,27,Bangalore,M.Tech,4,Excel,Software Engineer,16,Naukri
CAND04163,Neha Mehta,41,Mumbai,PhD,4,Excel,Software Engineer,10,LinkedIn
CAND04164,Rahul Nair,30,Ahmedabad,M.Tech,4,Kubernetes,Product Manager,15,Naukri
CAND04165,Amit Gupta,40,Bangalore,M.Tech,7,Power BI,ML Engineer,34,Company Website
CAND04166,Meera Sharma,42,Delhi,B.Tech,6,Kubernetes,DevOps Engineer,33,Naukri
CAND04167,Nisha Mehta,25,Kolkata,M.Sc,9,Statistics,ML Engineer,16,Company Website
CAND04168,Arjun Kulkarni,43,Ahmedabad,PhD,6,Data Analysis,Data Analyst,12,Referral
CAND04169,Kiran Singh,36,Kolkata,PhD,11,DevOps,Software Engineer,20,Naukri
CAND04170,Aditya Jain,38,Hyderabad,M.Tech,6,AWS,Software Engineer,17,Referral
CAND04171,Sneha Verma,39,Kolkata,M.Sc,4,Excel,DevOps Engineer,21,Recruiter Outreach
CAND04172,Vikram Jain,25,Mumbai,B.Tech,4,Statistics,DevOps Engineer,32,LinkedIn
CAND04173,Vikram Reddy,38,Hyderabad,B.Sc,10,Tableau,Data Scientist,17,Referral
CAND04174,Meera Chopra,26,Pune,M.Sc,2,SQL,ML Engineer,11,Company Website
CAND04175,Rahul Kulkarni,27,Delhi,B.Tech,4,NLP,ML Engineer,9,LinkedIn
CAND04176,Neha Nair,23,Kolkata,B.Tech,4,Cloud Architecture,Product Manager,29,Naukri
CAND04177,Rohit Jain,25,Gurgaon,B.Tech,9,AWS,Software Engineer,12,LinkedIn
CAND04178,Aditya Verma,44,Ahmedabad,M.Sc,1,Docker,DevOps Engineer,13,Naukri
CAND04179,Kiran Bose,28,Pune,B.Sc,6,React,Data Analyst,33,Referral
CAND04180,Rahul Das,30,Gurgaon,B.Tech,10,Machine Learning,Software Engineer,9,LinkedIn
CAND04181,Sanjay Patel,32,Gurgaon,B.Sc,13,Java,Data Scientist,28,Naukri
CAND04182,Aditya Verma,38,Chennai,M.Sc,6,Power BI,Data Analyst,6,Referral
CAND04183,Neha Singh,34,Mumbai,M.Tech,14,Statistics,Product Manager,38,LinkedIn
CAND04184,Kavya Bose,33,Pune,B.Sc,9,SQL,Product Manager,30,Naukri
CAND04185,Nisha Chopra,41,Ahmedabad,M.Tech,11,NodeJS,Software Engineer,33,Naukri
CAND04186,Kiran Patel,32,Bangalore,M.Tech,3,TensorFlow,Data Analyst,28,Company Website
CAND04187,Aditya Patel,39,Noida,MBA,13,Java,Software Engineer,19,Recruiter Outreach
CAND04188,Rahul Sharma,42,Ahmedabad,MBA,3,SQL,Product Manager,39,Company Website
CAND04189,Nisha Singh,37,Chennai,MBA,2,DevOps,Data Analyst,32,Company Website
CAND04190,Sneha Patel,21,Bangalore,M.Tech,1,SQL,Product Manager,9,Company Website
CAND04191,Arjun Das,27,Chennai,MBA,9,NodeJS,Cloud Engineer,25,Company Website
CAND04192,Nisha Kulkarni,35,Bangalore,B.Sc,9,Cybersecurity,Software Engineer,24,Company Website
CAND04193,Ananya Chopra,32,Pune,MBA,2,Data Analysis,Data Analyst,15,Company Website
CAND04194,Aditya Gupta,27,Kolkata,B.Sc,13,NLP,Data Analyst,21,Naukri
CAND04195,Nisha Kulkarni,29,Hyderabad,B.Tech,4,AWS,ML Engineer,39,Company Website
CAND04196,Aditya Patel,22,Noida,B.Tech,9,AWS,Cloud Engineer,8,Recruiter Outreach
CAND04197,Priya Bose,26,Gurgaon,PhD,7,DevOps,Data Analyst,37,Naukri
CAND04198,Kiran Iyer,39,Delhi,MBA,8,Docker,ML Engineer,29,Referral
CAND04199,Aditya Patel,21,Delhi,B.Sc,11,TensorFlow,Data Analyst,9,Naukri
CAND04200,Kiran Iyer,41,Pune,M.Sc,13,Deep Learning,Cloud Engineer,16,LinkedIn
CAND04201,Priya Chopra,29,Delhi,B.Tech,10,NLP,Software Engineer,34,Referral
CAND04202,Pooja Patel,40,Gurgaon,PhD,13,Deep Learning,DevOps Engineer,29,Recruiter Outreach
CAND04203,Priya Nair,27,Pune,MBA,13,React,Product Manager,8,LinkedIn
CAND04204,Amit Das,40,Bangalore,PhD,5,Python,Software Engineer,11,Recruiter Outreach
CAND04205,Aditya Das,34,Noida,MBA,8,DevOps,Product Manager,37,Naukri
CAND04206,Sneha Iyer,41,Ahmedabad,MBA,2,Cybersecurity,Software Engineer,11,Referral
CAND04207,Kiran Sharma,22,Hyderabad,B.Sc,13,TensorFlow,Data Analyst,27,Naukri
CAND04208,Rohit Singh,40,Kolkata,M.Tech,14,TensorFlow,Cloud Engineer,39,Recruiter Outreach
CAND04209,Meera Iyer,27,Pune,B.Sc,13,Java,Data Scientist,11,LinkedIn
CAND04210,Sanjay Verma,29,Delhi,PhD,11,NodeJS,DevOps Engineer,7,Naukri
CAND04211,Sneha Reddy,22,Ahmedabad,B.Sc,12,AWS,Data Analyst,33,Referral
CAND04212,Priya Singh,43,Chennai,B.Tech,11,NodeJS,DevOps Engineer,38,Naukri
CAND04213,Vikram Patel,36,Delhi,M.Sc,3,DevOps,Product Manager,23,Company Website
CAND04214,Rohit Kulkarni,44,Pune,B.Tech,3,Docker,Data Analyst,13,Recruiter Outreach
CAND04215,Priya Iyer,34,Delhi,B.Tech,7,Python,Product Manager,8,Referral
CAND04216,Priya Verma,24,Delhi,M.Tech,6,DevOps,Data Analyst,36,Company Website
CAND04217,Neha Sharma,29,Ahmedabad,M.Tech,11,Power BI,ML Engineer,33,Naukri
CAND04218,Sneha Jain,31,Bangalore,B.Tech,11,Tableau,DevOps Engineer,36,Naukri
CAND04219,Vikram Verma,24,Hyderabad,B.Tech,14,Docker,ML Engineer,32,LinkedIn
CAND04220,Kavya Iyer,43,Noida,M.Sc,11,Statistics,Product Manager,20,Recruiter Outreach
CAND04221,Vikram Sharma,43,Ahmedabad,MBA,0,AWS,ML Engineer,22,LinkedIn
CAND04222,Meera Reddy,34,Bangalore,M.Tech,5,Deep Learning,Data Analyst,18,LinkedIn
CAND04223,Kavya Iyer,35,Noida,MBA,4,NodeJS,Cloud Engineer,30,Company Website
CAND04224,Pooja Gupta,37,Kolkata,M.Sc,9,Kubernetes,Data Scientist,9,Naukri
CAND04225,Ananya Bose,37,Noida,M.Sc,5,Java,Data Analyst,7,LinkedIn
CAND04226,Meera Nair,22,Chennai,M.Tech,14,AWS,Data Analyst,38,Company Website
CAND04227,Aditya Iyer,33,Bangalore,M.Tech,4,Cybersecurity,Software Engineer,16,Referral
CAND04228,Nisha Kulkarni,39,Bangalore,PhD,6,DevOps,DevOps Engineer,7,Recruiter Outreach
CAND04229,Arjun Gupta,40,Mumbai,B.Sc,12,NLP,Software Engineer,28,Recruiter Outreach
CAND04230,Meera Jain,35,Pune,PhD,5,AWS,Software Engineer,19,Naukri
CAND04231,Meera Sharma,42,Chennai,M.Tech,0,Cloud Architecture,ML Engineer,13,Naukri
CAND04232,Kavya Das,35,Pune,B.Tech,4,Docker,DevOps Engineer,20,Naukri
CAND04233,Arjun Das,30,Mumbai,MBA,5,Power BI,Product Manager,21,Company Website
CAND04234,Meera Sharma,31,Noida,M.Tech,9,Machine Learning,ML Engineer,26,Recruiter Outreach
CAND04235,Rohit Iyer,37,Mumbai,M.Sc,10,Python,Software Engineer,37,Company Website
CAND04236,Kavya Mehta,42,Pune,M.Sc,8,React,ML Engineer,35,LinkedIn
CAND04237,Sanjay Bose,26,Delhi,B.Tech,6,TensorFlow,ML Engineer,34,LinkedIn
CAND04238,Kavya Kulkarni,28,Ahmedabad,B.Sc,7,Kubernetes,Product Manager,22,Company Website
CAND04239,Kiran Verma,36,Gurgaon,MBA,2,Cybersecurity,DevOps Engineer,24,Referral
CAND04240,Kiran Das,39,Mumbai,B.Sc,2,React,Product Manager,10,Naukri
CAND04241,Nisha Chopra,30,Pune,MBA,9,Data Analysis,DevOps Engineer,25,Naukri
CAND04242,Rahul Singh,36,Gurgaon,B.Sc,12,AWS,DevOps Engineer,28,Naukri
CAND04243,Kavya Kulkarni,21,Gurgaon,M.Sc,7,NLP,Cloud Engineer,36,Referral
CAND04244,Rohit Das,28,Hyderabad,M.Tech,0,Deep Learning,DevOps Engineer,7,LinkedIn
CAND04245,Arjun Gupta,43,Ahmedabad,M.Tech,14,Docker,Cloud Engineer,35,Referral
CAND04246,Kavya Chopra,34,Kolkata,M.Sc,4,Kubernetes,Software Engineer,23,Company Website
CAND04247,Vikram Sharma,41,Gurgaon,PhD,11,TensorFlow,Data Scientist,9,Company Website
CAND04248,Nisha Iyer,26,Gurgaon,MBA,13,Deep Learning,Data Analyst,39,Recruiter Outreach
CAND04249,Ananya Chopra,27,Gurgaon,PhD,14,NLP,Data Scientist,21,LinkedIn
CAND04250,Vikram Reddy,44,Pune,M.Tech,1,Machine Learning,Data Scientist,19,LinkedIn
CAND04251,Vikram Iyer,44,Gurgaon,M.Sc,2,Statistics,Data Scientist,12,LinkedIn
CAND04252,Rahul Iyer,42,Ahmedabad,PhD,9,Cybersecurity,Data Scientist,8,Naukri
CAND04253,Kavya Kulkarni,28,Bangalore,M.Tech,11,Data Analysis,DevOps Engineer,8,Naukri
CAND04254,Amit Chopra,40,Mumbai,B.Tech,12,TensorFlow,DevOps Engineer,15,LinkedIn
CAND04255,Kiran Sharma,32,Hyderabad,B.Sc,8,NodeJS,Product Manager,15,Naukri
CAND04256,Pooja Sharma,41,Bangalore,PhD,2,Tableau,Software Engineer,21,LinkedIn
CAND04257,Rohit Singh,41,Ahmedabad,B.Tech,10,Excel,Software Engineer,26,Company Website
CAND04258,Rohit Jain,31,Chennai,B.Sc,10,Docker,Data Analyst,39,Naukri
CAND04259,Aditya Gupta,28,Noida,PhD,7,Java,Cloud Engineer,33,LinkedIn
CAND04260,Ananya Jain,44,Ahmedabad,B.Tech,9,Machine Learning,Product Manager,22,LinkedIn
CAND04261,Meera Bose,31,Gurgaon,B.Sc,3,Statistics,Cloud Engineer,37,Company Website
CAND04262,Arjun Gupta,31,Gurgaon,B.Tech,12,Deep Learning,Data Analyst,24,Recruiter Outreach
CAND04263,Rohit Chopra,36,Ahmedabad,M.Tech,0,Machine Learning,Product Manager,20,Recruiter Outreach
CAND04264,Aditya Verma,43,Noida,MBA,12,DevOps,ML Engineer,13,Naukri
CAND04265,Meera Kulkarni,24,Bangalore,M.Tech,12,Statistics,Data Analyst,20,Naukri
CAND04266,Neha Mehta,44,Gurgaon,B.Tech,10,Cloud Architecture,ML Engineer,7,Recruiter Outreach
CAND04267,Kavya Chopra,31,Hyderabad,M.Sc,12,SQL,ML Engineer,11,Recruiter Outreach
CAND04268,Rohit Chopra,21,Hyderabad,M.Tech,13,Cloud Architecture,Software Engineer,38,Recruiter Outreach
CAND04269,Amit Das,28,Noida,PhD,2,NLP,Cloud Engineer,12,Referral
CAND04270,Rohit Jain,32,Hyderabad,M.Tech,8,Python,Software Engineer,25,Naukri
CAND04271,Kavya Singh,37,Mumbai,B.Sc,9,Statistics,Cloud Engineer,9,LinkedIn
CAND04272,Rahul Chopra,34,Ahmedabad,M.Sc,14,NLP,DevOps Engineer,26,LinkedIn
CAND04273,Meera Bose,24,Delhi,MBA,11,React,DevOps Engineer,39,Referral
CAND04274,Priya Iyer,32,Noida,MBA,8,Java,ML Engineer,21,Recruiter Outreach
CAND04275,Aditya Sharma,26,Kolkata,M.Sc,8,Machine Learning,Product Manager,10,Naukri
CAND04276,Rohit Mehta,27,Noida,B.Tech,2,DevOps,ML Engineer,6,Naukri
CAND04277,Nisha Chopra,38,Noida,M.Sc,4,Docker,Software Engineer,31,Recruiter Outreach
CAND04278,Aditya Reddy,40,Gurgaon,M.Sc,6,TensorFlow,Cloud Engineer,9,Naukri
CAND04279,Ananya Verma,24,Bangalore,M.Sc,13,Machine Learning,DevOps Engineer,16,Referral
CAND04280,Nisha Sharma,35,Kolkata,MBA,12,DevOps,Software Engineer,34,Company Website
CAND04281,Nisha Reddy,31,Gurgaon,MBA,9,DevOps,ML Engineer,24,Referral
CAND04282,Rahul Nair,29,Pune,B.Sc,1,Statistics,Data Analyst,35,Referral
CAND04283,Sanjay Patel,38,Pune,B.Sc,10,Python,Data Analyst,35,Recruiter Outreach
CAND04284,Amit Bose,26,Kolkata,PhD,6,SQL,Data Scientist,28,Naukri
CAND04285,Aditya Iyer,39,Kolkata,PhD,9,AWS,ML Engineer,37,Referral
CAND04286,Aditya Bose,30,Ahmedabad,B.Tech,6,SQL,ML Engineer,7,Recruiter Outreach
CAND04287,Nisha Gupta,23,Pune,B.Tech,10,Java,ML Engineer,14,Company Website
CAND04288,Ananya Jain,40,Kolkata,PhD,3,Cloud Architecture,Software Engineer,15,Company Website
CAND04289,Aditya Nair,41,Kolkata,MBA,2,React,Data Scientist,36,Referral
CAND04290,Sneha Patel,34,Gurgaon,B.Sc,3,Cloud Architecture,DevOps Engineer,27,Company Website
CAND04291,Vikram Sharma,38,Chennai,B.Tech,13,Statistics,DevOps Engineer,14,Recruiter Outreach
CAND04292,Sneha Patel,24,Delhi,B.Tech,1,SQL,ML Engineer,13,LinkedIn
CAND04293,Sanjay Nair,29,Chennai,MBA,4,Cloud Architecture,Product Manager,33,LinkedIn
CAND04294,Rohit Chopra,29,Mumbai,M.Sc,5,Python,DevOps Engineer,35,Naukri
CAND04295,Arjun Mehta,39,Delhi,M.Sc,12,Excel,Software Engineer,6,Company Website
CAND04296,Sneha Singh,29,Bangalore,PhD,5,NLP,ML Engineer,18,LinkedIn
CAND04297,Rahul Nair,38,Bangalore,M.Tech,13,Deep Learning,Data Analyst,24,Naukri
CAND04298,Nisha Kulkarni,28,Mumbai,M.Tech,14,NodeJS,Product Manager,13,LinkedIn
CAND04299,Vikram Verma,35,Chennai,B.Sc,9,SQL,Data Scientist,30,Recruiter Outreach
CAND04300,Pooja Singh,26,Mumbai,B.Sc,5,Cloud Architecture,Data Scientist,31,Company Website
CAND04301,Vikram Verma,34,Kolkata,B.Tech,8,DevOps,Software Engineer,34,Recruiter Outreach
CAND04302,Rahul Jain,22,Kolkata,MBA,10,React,Product Manager,32,Referral
CAND04303,Neha Reddy,38,Kolkata,PhD,1,Java,ML Engineer,34,Company Website
CAND04304,Meera Sharma,21,Hyderabad,B.Tech,12,Docker,Cloud Engineer,18,Referral
CAND04305,Sneha Patel,44,Pune,M.Sc,6,Kubernetes,DevOps Engineer,16,LinkedIn
CAND04306,Arjun Kulkarni,41,Delhi,MBA,12,Excel,ML Engineer,16,Naukri
CAND04307,Rahul Reddy,34,Noida,B.Sc,9,Excel,Product Manager,35,Naukri
CAND04308,Sanjay Jain,42,Mumbai,B.Sc,12,Tableau,ML Engineer,28,Naukri
CAND04309,Amit Nair,40,Kolkata,M.Sc,1,TensorFlow,Data Analyst,17,Recruiter Outreach
CAND04310,Amit Kulkarni,24,Chennai,B.Sc,0,Python,DevOps Engineer,30,Referral
CAND04311,Aditya Chopra,38,Kolkata,B.Tech,1,AWS,DevOps Engineer,13,Company Website
CAND04312,Sneha Gupta,30,Mumbai,M.Tech,13,Data Analysis,Cloud Engineer,15,LinkedIn
CAND04313,Sanjay Chopra,41,Chennai,PhD,14,AWS,DevOps Engineer,6,Recruiter Outreach
CAND04314,Vikram Sharma,41,Chennai,B.Tech,14,Python,DevOps Engineer,38,Naukri
CAND04315,Kavya Nair,43,Mumbai,M.Sc,4,Statistics,ML Engineer,14,Company Website
CAND04316,Kavya Jain,31,Gurgaon,B.Sc,3,Tableau,Software Engineer,31,Referral
CAND04317,Pooja Chopra,25,Ahmedabad,B.Tech,5,TensorFlow,Software Engineer,10,Referral
CAND04318,Amit Chopra,24,Delhi,B.Tech,12,Machine Learning,Software Engineer,7,Recruiter Outreach
CAND04319,Sanjay Mehta,24,Hyderabad,PhD,3,Docker,Data Scientist,28,LinkedIn
CAND04320,Ananya Chopra,44,Noida,B.Tech,8,React,Data Scientist,9,Naukri
CAND04321,Aditya Kulkarni,35,Hyderabad,B.Tech,9,Cybersecurity,Data Analyst,10,Referral
CAND04322,Amit Nair,29,Hyderabad,B.Tech,5,Python,Cloud Engineer,17,Referral
CAND04323,Kiran Sharma,31,Gurgaon,B.Sc,7,Kubernetes,Product Manager,25,Company Website
CAND04324,Pooja Iyer,25,Delhi,PhD,9,SQL,Product Manager,6,Company Website
CAND04325,Aditya Kulkarni,34,Bangalore,M.Tech,11,Power BI,Data Analyst,10,Naukri
CAND04326,Neha Sharma,31,Chennai,M.Sc,2,Java,Product Manager,17,Company Website
CAND04327,Amit Das,40,Kolkata,M.Sc,7,Java,Data Analyst,29,LinkedIn
CAND04328,Arjun Chopra,21,Delhi,M.Tech,2,Cybersecurity,Data Analyst,9,Referral
CAND04329,Sneha Bose,43,Mumbai,B.Tech,0,NodeJS,ML Engineer,15,Company Website
CAND04330,Nisha Patel,22,Kolkata,MBA,9,DevOps,DevOps Engineer,12,Company Website
CAND04331,Kiran Jain,31,Gurgaon,B.Tech,7,NodeJS,Software Engineer,16,LinkedIn
CAND04332,Neha Sharma,29,Bangalore,B.Tech,3,Docker,Data Analyst,14,Recruiter Outreach
CAND04333,Aditya Singh,38,Ahmedabad,MBA,0,SQL,Product Manager,27,Naukri
CAND04334,Amit Chopra,36,Ahmedabad,M.Sc,14,Cybersecurity,Data Analyst,8,Referral
CAND04335,Kiran Sharma,25,Ahmedabad,PhD,12,Deep Learning,Software Engineer,37,Naukri
CAND04336,Vikram Sharma,32,Hyderabad,B.Sc,14,SQL,DevOps Engineer,14,Referral
CAND04337,Nisha Sharma,33,Ahmedabad,M.Tech,1,NodeJS,Cloud Engineer,39,Naukri
CAND04338,Sanjay Kulkarni,32,Kolkata,M.Tech,0,Docker,DevOps Engineer,30,LinkedIn
CAND04339,Ananya Chopra,21,Kolkata,B.Sc,3,SQL,Data Scientist,18,LinkedIn
CAND04340,Aditya Patel,25,Delhi,M.Tech,1,AWS,ML Engineer,16,Recruiter Outreach
CAND04341,Amit Patel,33,Bangalore,B.Sc,6,React,Data Scientist,38,Company Website
CAND04342,Kiran Kulkarni,27,Bangalore,M.Sc,9,Tableau,Product Manager,39,Referral
CAND04343,Priya Gupta,34,Ahmedabad,PhD,2,NodeJS,Software Engineer,26,Recruiter Outreach
CAND04344,Rohit Das,24,Delhi,B.Tech,5,AWS,Data Analyst,7,Company Website
CAND04345,Neha Jain,38,Ahmedabad,M.Tech,8,Excel,Product Manager,36,Company Website
CAND04346,Nisha Das,25,Delhi,M.Tech,4,Deep Learning,Product Manager,22,Company Website
CAND04347,Kavya Bose,36,Delhi,B.Sc,6,NLP,ML Engineer,6,Recruiter Outreach
CAND04348,Meera Kulkarni,41,Mumbai,M.Tech,8,Cloud Architecture,Product Manager,33,Recruiter Outreach
CAND04349,Kavya Chopra,29,Chennai,PhD,14,Excel,Cloud Engineer,7,Referral
CAND04350,Rohit Iyer,24,Delhi,PhD,4,NodeJS,DevOps Engineer,18,Company Website
CAND04351,Nisha Sharma,21,Pune,M.Tech,1,Excel,ML Engineer,8,LinkedIn
CAND04352,Meera Verma,29,Pune,MBA,13,AWS,DevOps Engineer,20,Naukri
CAND04353,Ananya Sharma,23,Delhi,MBA,8,Kubernetes,DevOps Engineer,33,LinkedIn
CAND04354,Kavya Bose,42,Bangalore,B.Tech,7,Tableau,Data Analyst,10,LinkedIn
CAND04355,Sneha Verma,44,Gurgaon,PhD,10,NodeJS,DevOps Engineer,10,Company Website
CAND04356,Pooja Jain,44,Chennai,M.Sc,14,Statistics,ML Engineer,38,Referral
CAND04357,Rohit Reddy,43,Chennai,M.Tech,1,DevOps,DevOps Engineer,12,LinkedIn
CAND04358,Meera Singh,35,Pune,B.Sc,12,Statistics,ML Engineer,9,Recruiter Outreach
CAND04359,Kiran Das,28,Chennai,MBA,9,Python,Software Engineer,25,Recruiter Outreach
CAND04360,Meera Gupta,31,Delhi,M.Tech,8,Cybersecurity,Data Analyst,15,Referral
CAND04361,Sanjay Kulkarni,27,Delhi,M.Tech,12,NodeJS,ML Engineer,38,Naukri
CAND04362,Aditya Verma,41,Bangalore,B.Tech,4,Power BI,Product Manager,11,Referral
CAND04363,Aditya Jain,31,Mumbai,M.Sc,11,Data Analysis,Product Manager,25,Recruiter Outreach
CAND04364,Nisha Das,30,Ahmedabad,B.Sc,8,Java,Data Analyst,37,Company Website
CAND04365,Ananya Patel,37,Ahmedabad,PhD,14,Cloud Architecture,Data Analyst,30,Naukri
CAND04366,Arjun Singh,29,Ahmedabad,B.Tech,7,Cloud Architecture,Software Engineer,6,Recruiter Outreach
CAND04367,Sanjay Nair,29,Bangalore,B.Sc,10,Java,ML Engineer,12,Company Website
CAND04368,Kavya Iyer,26,Noida,B.Sc,7,Docker,Product Manager,10,LinkedIn
CAND04369,Meera Singh,22,Pune,B.Sc,5,Docker,Software Engineer,37,Naukri
CAND04370,Amit Gupta,21,Ahmedabad,PhD,5,Machine Learning,Product Manager,12,Recruiter Outreach
CAND04371,Aditya Patel,30,Mumbai,MBA,13,AWS,Data Scientist,7,Naukri
CAND04372,Arjun Kulkarni,44,Chennai,B.Tech,12,Cloud Architecture,Data Scientist,19,LinkedIn
CAND04373,Priya Iyer,27,Kolkata,B.Tech,3,Data Analysis,Data Analyst,15,Company Website
CAND04374,Nisha Nair,36,Gurgaon,MBA,12,NodeJS,Cloud Engineer,11,Naukri
CAND04375,Sneha Iyer,28,Kolkata,M.Tech,8,TensorFlow,Software Engineer,21,Referral
CAND04376,Arjun Das,28,Chennai,B.Tech,1,Tableau,Cloud Engineer,36,Recruiter Outreach
CAND04377,Meera Iyer,24,Mumbai,B.Tech,11,SQL,Data Scientist,13,Recruiter Outreach
CAND04378,Meera Bose,34,Mumbai,M.Tech,2,NLP,Cloud Engineer,39,Naukri
CAND04379,Sneha Sharma,36,Pune,B.Tech,13,SQL,Data Analyst,28,Company Website
CAND04380,Nisha Kulkarni,29,Mumbai,MBA,6,Excel,ML Engineer,18,Referral
CAND04381,Sanjay Reddy,33,Chennai,B.Sc,13,Kubernetes,DevOps Engineer,29,Company Website
CAND04382,Vikram Gupta,32,Mumbai,M.Tech,7,Deep Learning,Cloud Engineer,17,Recruiter Outreach
CAND04383,Sneha Singh,27,Pune,B.Tech,1,AWS,Product Manager,13,Referral
CAND04384,Priya Chopra,37,Chennai,B.Sc,11,TensorFlow,Data Scientist,13,Recruiter Outreach
CAND04385,Rohit Bose,34,Gurgaon,B.Tech,10,NLP,DevOps Engineer,6,LinkedIn
CAND04386,Rohit Reddy,22,Noida,M.Sc,4,DevOps,Software Engineer,28,Naukri
CAND04387,Rohit Iyer,32,Mumbai,MBA,3,Data Analysis,Data Analyst,8,LinkedIn
CAND04388,Pooja Das,30,Ahmedabad,MBA,12,Kubernetes,Data Analyst,12,Naukri
CAND04389,Rahul Nair,40,Delhi,M.Tech,11,Machine Learning,Cloud Engineer,6,Company Website
CAND04390,Rohit Iyer,28,Hyderabad,M.Tech,4,NLP,Software Engineer,8,Recruiter Outreach
CAND04391,Priya Das,43,Hyderabad,B.Tech,10,DevOps,ML Engineer,36,LinkedIn
CAND04392,Vikram Kulkarni,35,Kolkata,B.Sc,3,Docker,Data Analyst,6,Recruiter Outreach
CAND04393,Sneha Verma,24,Chennai,B.Tech,2,Docker,DevOps Engineer,27,Recruiter Outreach
CAND04394,Amit Mehta,30,Bangalore,M.Sc,9,AWS,Cloud Engineer,17,LinkedIn
CAND04395,Rohit Singh,42,Chennai,M.Tech,12,Deep Learning,Data Scientist,10,Recruiter Outreach
CAND04396,Ananya Iyer,27,Mumbai,B.Sc,13,Statistics,Data Analyst,16,Recruiter Outreach
CAND04397,Kavya Das,37,Pune,B.Sc,6,Excel,Data Scientist,9,LinkedIn
CAND04398,Neha Iyer,39,Hyderabad,B.Sc,2,Python,DevOps Engineer,16,LinkedIn
CAND04399,Pooja Das,37,Bangalore,M.Sc,8,Statistics,DevOps Engineer,33,Company Website
CAND04400,Kiran Chopra,23,Hyderabad,B.Sc,10,Python,Cloud Engineer,27,Naukri
CAND04401,Sanjay Das,29,Mumbai,PhD,14,DevOps,ML Engineer,33,Referral
CAND04402,Rohit Sharma,29,Noida,M.Tech,1,NLP,Cloud Engineer,29,Naukri
CAND04403,Ananya Gupta,29,Pune,M.Sc,9,Java,DevOps Engineer,37,Referral
CAND04404,Sanjay Singh,42,Bangalore,MBA,7,Deep Learning,DevOps Engineer,9,Recruiter Outreach
CAND04405,Aditya Nair,21,Ahmedabad,B.Sc,8,React,DevOps Engineer,11,Referral
CAND04406,Rohit Bose,33,Mumbai,MBA,1,AWS,Data Analyst,19,LinkedIn
CAND04407,Kavya Mehta,44,Bangalore,PhD,0,Machine Learning,Data Scientist,23,Recruiter Outreach
CAND04408,Neha Bose,42,Delhi,M.Tech,9,Data Analysis,Cloud Engineer,32,Recruiter Outreach
CAND04409,Sanjay Iyer,35,Hyderabad,B.Sc,2,Deep Learning,Software Engineer,10,Recruiter Outreach
CAND04410,Kavya Mehta,44,Hyderabad,B.Tech,9,React,Data Scientist,9,Recruiter Outreach
CAND04411,Kiran Sharma,30,Pune,B.Sc,0,DevOps,DevOps Engineer,33,LinkedIn
CAND04412,Meera Das,35,Chennai,B.Tech,12,NLP,Product Manager,24,Company Website
CAND04413,Sneha Iyer,34,Gurgaon,MBA,4,DevOps,DevOps Engineer,20,Referral
CAND04414,Kiran Gupta,22,Delhi,B.Tech,6,Power BI,ML Engineer,13,Naukri
CAND04415,Nisha Das,21,Ahmedabad,M.Tech,5,Java,Cloud Engineer,29,Naukri
CAND04416,Nisha Kulkarni,42,Noida,MBA,6,Data Analysis,Cloud Engineer,33,Recruiter Outreach
CAND04417,Nisha Sharma,25,Gurgaon,M.Tech,7,DevOps,Software Engineer,7,Naukri
CAND04418,Vikram Sharma,29,Chennai,MBA,9,Cloud Architecture,Data Analyst,7,Referral
CAND04419,Kiran Kulkarni,35,Noida,B.Tech,10,NodeJS,Cloud Engineer,32,LinkedIn
CAND04420,Vikram Reddy,34,Delhi,M.Sc,14,Excel,ML Engineer,36,Naukri
CAND04421,Kiran Iyer,33,Kolkata,M.Sc,2,Cybersecurity,Software Engineer,13,Recruiter Outreach
CAND04422,Rohit Nair,44,Delhi,MBA,13,NodeJS,Data Analyst,30,Company Website
CAND04423,Sneha Gupta,39,Chennai,B.Tech,9,Cybersecurity,Data Scientist,34,Recruiter Outreach
CAND04424,Neha Nair,43,Mumbai,B.Tech,4,Docker,ML Engineer,9,LinkedIn
CAND04425,Vikram Mehta,36,Kolkata,M.Sc,13,AWS,DevOps Engineer,12,Naukri
CAND04426,Rohit Iyer,44,Chennai,PhD,10,TensorFlow,ML Engineer,10,Company Website
CAND04427,Ananya Patel,35,Gurgaon,PhD,2,Statistics,ML Engineer,32,Recruiter Outreach
CAND04428,Rahul Gupta,34,Noida,MBA,2,AWS,Software Engineer,32,Referral
CAND04429,Vikram Sharma,40,Mumbai,MBA,9,Deep Learning,Data Scientist,10,Company Website
CAND04430,Nisha Reddy,41,Noida,B.Tech,10,Power BI,DevOps Engineer,11,Referral
CAND04431,Sanjay Bose,22,Chennai,B.Tech,0,AWS,ML Engineer,28,Naukri
CAND04432,Sanjay Chopra,42,Bangalore,M.Sc,9,React,DevOps Engineer,36,Company Website
CAND04433,Priya Mehta,37,Bangalore,MBA,7,Data Analysis,Cloud Engineer,32,Recruiter Outreach
CAND04434,Meera Nair,42,Noida,MBA,14,Python,Data Analyst,11,Naukri
CAND04435,Amit Kulkarni,38,Mumbai,MBA,11,Cloud Architecture,Product Manager,19,Naukri
CAND04436,Sanjay Chopra,43,Noida,M.Tech,13,Statistics,ML Engineer,8,Recruiter Outreach
CAND04437,Arjun Gupta,27,Kolkata,PhD,0,Java,Product Manager,14,Naukri
CAND04438,Vikram Reddy,25,Mumbai,M.Sc,11,Data Analysis,Software Engineer,25,Referral
CAND04439,Neha Reddy,25,Mumbai,M.Sc,5,Power BI,Software Engineer,17,Referral
CAND04440,Kavya Sharma,27,Mumbai,MBA,8,Cybersecurity,Product Manager,26,Company Website
CAND04441,Vikram Reddy,26,Gurgaon,M.Sc,13,Cybersecurity,Data Analyst,16,Company Website
CAND04442,Rahul Bose,31,Kolkata,MBA,13,Data Analysis,Cloud Engineer,25,Naukri
CAND04443,Kiran Bose,25,Ahmedabad,B.Sc,3,Data Analysis,Cloud Engineer,27,LinkedIn
CAND04444,Rohit Patel,24,Mumbai,B.Tech,3,Power BI,Data Analyst,12,LinkedIn
CAND04445,Aditya Singh,33,Chennai,M.Sc,10,Deep Learning,Software Engineer,7,Referral
CAND04446,Kiran Mehta,40,Mumbai,B.Tech,13,Power BI,Data Analyst,17,LinkedIn
CAND04447,Kavya Singh,24,Hyderabad,M.Sc,9,NLP,Software Engineer,7,Naukri
CAND04448,Vikram Kulkarni,33,Hyderabad,B.Sc,0,Java,Software Engineer,11,Naukri
CAND04449,Meera Sharma,36,Noida,B.Tech,2,NodeJS,ML Engineer,15,Referral
CAND04450,Rahul Chopra,37,Ahmedabad,B.Sc,11,Cybersecurity,Product Manager,17,Recruiter Outreach
CAND04451,Ananya Jain,23,Kolkata,M.Tech,11,NLP,DevOps Engineer,15,Referral
CAND04452,Ananya Verma,38,Mumbai,MBA,13,Power BI,Cloud Engineer,7,Recruiter Outreach
CAND04453,Aditya Verma,21,Bangalore,B.Tech,7,Power BI,DevOps Engineer,12,LinkedIn
CAND04454,Neha Kulkarni,26,Bangalore,M.Sc,6,Python,Software Engineer,36,Company Website
CAND04455,Sneha Reddy,28,Bangalore,B.Sc,1,AWS,Software Engineer,30,Recruiter Outreach
CAND04456,Kiran Iyer,41,Hyderabad,MBA,11,Tableau,Product Manager,21,Recruiter Outreach
CAND04457,Kiran Nair,25,Noida,PhD,14,Statistics,Data Scientist,6,Naukri
CAND04458,Vikram Sharma,39,Gurgaon,B.Sc,0,Excel,Software Engineer,18,Referral
CAND04459,Meera Chopra,44,Ahmedabad,B.Sc,7,Cybersecurity,Cloud Engineer,37,Referral
CAND04460,Meera Mehta,44,Gurgaon,B.Tech,5,Excel,Data Analyst,33,Naukri
CAND04461,Kiran Mehta,28,Bangalore,B.Sc,11,Machine Learning,DevOps Engineer,31,Recruiter Outreach
CAND04462,Neha Reddy,23,Pune,M.Sc,11,Data Analysis,Data Scientist,14,Referral
CAND04463,Sneha Jain,26,Hyderabad,PhD,3,DevOps,ML Engineer,19,Recruiter Outreach
CAND04464,Kiran Iyer,39,Gurgaon,B.Sc,14,NLP,DevOps Engineer,6,Recruiter Outreach
CAND04465,Pooja Iyer,25,Ahmedabad,M.Tech,2,Cloud Architecture,Software Engineer,35,LinkedIn
CAND04466,Ananya Iyer,36,Hyderabad,M.Sc,11,React,Data Analyst,9,Recruiter Outreach
CAND04467,Neha Verma,29,Pune,B.Tech,11,NodeJS,Product Manager,27,Naukri
CAND04468,Nisha Jain,39,Mumbai,M.Tech,2,Cybersecurity,DevOps Engineer,15,Company Website
CAND04469,Aditya Gupta,35,Mumbai,PhD,10,AWS,DevOps Engineer,25,Referral
CAND04470,Priya Bose,35,Noida,M.Sc,4,Kubernetes,ML Engineer,34,Referral
CAND04471,Aditya Gupta,39,Delhi,PhD,4,Java,DevOps Engineer,16,Naukri
CAND04472,Amit Verma,43,Noida,MBA,1,React,Product Manager,6,LinkedIn
CAND04473,Priya Sharma,29,Mumbai,M.Sc,11,NodeJS,DevOps Engineer,28,Company Website
CAND04474,Aditya Singh,33,Chennai,M.Sc,12,SQL,Cloud Engineer,24,Company Website
CAND04475,Priya Verma,36,Pune,M.Tech,7,AWS,Product Manager,10,LinkedIn
CAND04476,Neha Kulkarni,40,Hyderabad,PhD,11,AWS,Product Manager,7,Referral
CAND04477,Aditya Gupta,32,Noida,PhD,5,Data Analysis,Software Engineer,23,Naukri
CAND04478,Kiran Chopra,29,Bangalore,B.Tech,8,Java,Software Engineer,26,Company Website
CAND04479,Arjun Jain,41,Noida,M.Sc,11,Python,ML Engineer,9,Referral
CAND04480,Kavya Singh,43,Bangalore,MBA,6,Deep Learning,Cloud Engineer,26,Recruiter Outreach
CAND04481,Aditya Nair,34,Delhi,M.Sc,9,Deep Learning,Software Engineer,21,Naukri
CAND04482,Pooja Chopra,23,Chennai,B.Sc,2,Deep Learning,Cloud Engineer,10,Naukri
CAND04483,Meera Gupta,27,Hyderabad,M.Tech,7,Kubernetes,Cloud Engineer,26,LinkedIn
CAND04484,Arjun Bose,32,Pune,B.Tech,12,Power BI,DevOps Engineer,27,Company Website
CAND04485,Ananya Gupta,37,Delhi,B.Sc,11,SQL,Data Scientist,11,Recruiter Outreach
CAND04486,Neha Das,37,Ahmedabad,PhD,4,Java,DevOps Engineer,28,Referral
CAND04487,Rahul Patel,40,Noida,M.Sc,8,React,ML Engineer,13,Naukri
CAND04488,Sanjay Reddy,21,Gurgaon,M.Tech,9,Statistics,Data Analyst,26,LinkedIn
CAND04489,Sanjay Kulkarni,32,Kolkata,PhD,14,Cloud Architecture,ML Engineer,33,Referral
CAND04490,Nisha Kulkarni,37,Mumbai,MBA,12,Cybersecurity,Data Scientist,37,LinkedIn
CAND04491,Pooja Chopra,44,Gurgaon,B.Sc,12,Data Analysis,DevOps Engineer,14,Company Website
CAND04492,Sneha Jain,24,Bangalore,M.Tech,11,NodeJS,Data Analyst,17,Recruiter Outreach
CAND04493,Meera Patel,42,Noida,B.Sc,5,Java,DevOps Engineer,9,LinkedIn
CAND04494,Amit Gupta,21,Ahmedabad,B.Sc,5,Machine Learning,Data Analyst,38,Company Website
CAND04495,Amit Mehta,25,Kolkata,M.Sc,6,SQL,Software Engineer,17,Naukri
CAND04496,Nisha Singh,41,Chennai,MBA,6,Machine Learning,Data Scientist,33,Company Website
CAND04497,Amit Singh,39,Kolkata,B.Sc,14,Excel,ML Engineer,37,Naukri
CAND04498,Sneha Chopra,44,Noida,B.Sc,13,Python,Product Manager,22,Recruiter Outreach
CAND04499,Priya Das,35,Pune,MBA,13,Cloud Architecture,Cloud Engineer,29,LinkedIn
CAND04500,Kavya Sharma,35,Bangalore,B.Sc,9,NodeJS,Data Analyst,22,LinkedIn
CAND04501,Kiran Singh,33,Ahmedabad,B.Tech,2,Kubernetes,Data Scientist,25,Referral
CAND04502,Sanjay Nair,33,Ahmedabad,PhD,2,Machine Learning,Product Manager,14,Company Website
CAND04503,Sanjay Singh,33,Kolkata,B.Tech,4,DevOps,Cloud Engineer,34,LinkedIn
CAND04504,Amit Patel,28,Hyderabad,PhD,9,Python,Data Scientist,10,LinkedIn
CAND04505,Kavya Mehta,41,Hyderabad,M.Sc,5,TensorFlow,ML Engineer,28,Company Website
CAND04506,Sanjay Mehta,29,Kolkata,PhD,9,NodeJS,ML Engineer,37,Naukri
CAND04507,Pooja Iyer,35,Mumbai,B.Tech,13,Deep Learning,Product Manager,33,Company Website
CAND04508,Arjun Das,37,Kolkata,M.Tech,5,Machine Learning,Product Manager,31,Referral
CAND04509,Priya Reddy,33,Noida,B.Tech,13,React,Software Engineer,28,LinkedIn
CAND04510,Sanjay Nair,35,Noida,MBA,7,Cloud Architecture,ML Engineer,38,Naukri
CAND04511,Sanjay Kulkarni,22,Chennai,PhD,12,Tableau,DevOps Engineer,35,LinkedIn
CAND04512,Pooja Bose,28,Ahmedabad,M.Sc,0,Java,ML Engineer,15,Naukri
CAND04513,Nisha Patel,31,Gurgaon,M.Sc,4,Tableau,Data Scientist,27,Recruiter Outreach
CAND04514,Ananya Patel,30,Mumbai,PhD,13,Tableau,ML Engineer,20,LinkedIn
CAND04515,Sneha Reddy,42,Delhi,B.Tech,13,Data Analysis,ML Engineer,15,Referral
CAND04516,Kiran Singh,42,Kolkata,M.Sc,8,Statistics,Data Scientist,33,Recruiter Outreach
CAND04517,Pooja Reddy,38,Mumbai,M.Tech,0,Data Analysis,DevOps Engineer,7,Referral
CAND04518,Ananya Das,29,Gurgaon,M.Sc,0,Deep Learning,Software Engineer,10,Referral
CAND04519,Nisha Gupta,22,Bangalore,M.Sc,6,React,Data Analyst,9,Company Website
CAND04520,Meera Patel,39,Delhi,M.Sc,13,Kubernetes,Data Analyst,12,LinkedIn
CAND04521,Rohit Mehta,42,Kolkata,MBA,5,Kubernetes,Cloud Engineer,23,LinkedIn
CAND04522,Nisha Das,32,Chennai,B.Sc,13,AWS,Cloud Engineer,38,Recruiter Outreach
CAND04523,Aditya Chopra,40,Mumbai,MBA,8,Data Analysis,Data Analyst,39,Recruiter Outreach
CAND04524,Arjun Das,43,Mumbai,B.Sc,2,NLP,Cloud Engineer,36,Recruiter Outreach
CAND04525,Amit Kulkarni,34,Gurgaon,MBA,8,SQL,Data Analyst,31,LinkedIn
CAND04526,Amit Das,26,Ahmedabad,MBA,5,Machine Learning,Data Scientist,21,Naukri
CAND04527,Nisha Verma,21,Bangalore,M.Tech,3,Docker,Product Manager,32,Recruiter Outreach
CAND04528,Pooja Gupta,39,Ahmedabad,MBA,10,Power BI,Cloud Engineer,15,Recruiter Outreach
CAND04529,Nisha Kulkarni,34,Chennai,M.Sc,3,NodeJS,Software Engineer,28,Referral
CAND04530,Kiran Das,24,Mumbai,PhD,13,Cloud Architecture,Software Engineer,6,Naukri
CAND04531,Kiran Reddy,22,Delhi,B.Tech,12,Docker,Product Manager,36,LinkedIn
CAND04532,Ananya Verma,44,Ahmedabad,M.Tech,11,SQL,Software Engineer,39,LinkedIn
CAND04533,Pooja Singh,28,Bangalore,B.Sc,1,Python,Software Engineer,31,Referral
CAND04534,Rohit Kulkarni,28,Ahmedabad,M.Sc,14,Deep Learning,Cloud Engineer,11,Referral
CAND04535,Priya Patel,36,Noida,M.Tech,7,NLP,Software Engineer,14,Recruiter Outreach
CAND04536,Amit Verma,29,Hyderabad,M.Tech,10,Java,Software Engineer,31,LinkedIn
CAND04537,Arjun Bose,42,Noida,B.Tech,2,Cybersecurity,Cloud Engineer,22,Naukri
CAND04538,Meera Patel,37,Chennai,B.Tech,11,Excel,ML Engineer,24,Naukri
CAND04539,Priya Mehta,29,Mumbai,B.Tech,4,NodeJS,Data Scientist,19,LinkedIn
CAND04540,Aditya Sharma,27,Kolkata,M.Sc,10,Deep Learning,Software Engineer,34,Naukri
CAND04541,Rahul Sharma,41,Hyderabad,PhD,4,Python,ML Engineer,11,Recruiter Outreach
CAND04542,Arjun Jain,35,Delhi,MBA,13,SQL,Software Engineer,21,LinkedIn
CAND04543,Kiran Singh,43,Gurgaon,M.Tech,10,Tableau,Data Scientist,13,LinkedIn
CAND04544,Rahul Reddy,29,Mumbai,PhD,6,Tableau,DevOps Engineer,29,LinkedIn
CAND04545,Rohit Gupta,21,Gurgaon,M.Tech,6,Power BI,Data Analyst,15,LinkedIn
CAND04546,Meera Jain,42,Hyderabad,B.Tech,0,TensorFlow,ML Engineer,16,Recruiter Outreach
CAND04547,Sneha Gupta,26,Delhi,B.Tech,4,React,DevOps Engineer,11,LinkedIn
CAND04548,Rahul Das,41,Chennai,MBA,11,NodeJS,ML Engineer,35,Referral
CAND04549,Kavya Gupta,38,Gurgaon,M.Sc,12,SQL,Data Scientist,13,Recruiter Outreach
CAND04550,Sneha Sharma,26,Pune,MBA,14,Tableau,Data Analyst,35,Recruiter Outreach
CAND04551,Kavya Verma,39,Pune,MBA,1,Kubernetes,ML Engineer,37,LinkedIn
CAND04552,Sneha Sharma,22,Chennai,MBA,3,Docker,Cloud Engineer,38,Referral
CAND04553,Kavya Verma,30,Pune,PhD,11,Statistics,Software Engineer,17,LinkedIn
CAND04554,Neha Gupta,29,Bangalore,M.Sc,5,Tableau,Data Analyst,28,LinkedIn
CAND04555,Rahul Das,36,Noida,B.Sc,3,Excel,Software Engineer,34,Recruiter Outreach
CAND04556,Pooja Das,33,Kolkata,MBA,4,Statistics,Data Analyst,8,Referral
CAND04557,Rohit Das,35,Noida,B.Sc,13,Data Analysis,Data Scientist,8,Company Website
CAND04558,Arjun Sharma,32,Hyderabad,PhD,12,Docker,Product Manager,13,LinkedIn
CAND04559,Neha Verma,38,Kolkata,B.Sc,0,Python,ML Engineer,39,Referral
CAND04560,Kiran Jain,24,Chennai,M.Sc,12,Machine Learning,Software Engineer,9,Referral
CAND04561,Nisha Gupta,38,Pune,B.Tech,8,Java,Cloud Engineer,32,Naukri
CAND04562,Amit Gupta,22,Gurgaon,PhD,12,Power BI,Software Engineer,34,Recruiter Outreach
CAND04563,Aditya Chopra,23,Delhi,PhD,9,Statistics,DevOps Engineer,36,Referral
CAND04564,Priya Iyer,38,Hyderabad,M.Sc,10,Java,Data Scientist,23,Company Website
CAND04565,Ananya Verma,24,Noida,PhD,8,TensorFlow,Software Engineer,23,Naukri
CAND04566,Nisha Das,39,Gurgaon,B.Sc,11,DevOps,Cloud Engineer,31,Company Website
CAND04567,Sneha Sharma,24,Bangalore,M.Tech,12,Python,ML Engineer,27,Referral
CAND04568,Kiran Kulkarni,24,Pune,B.Sc,7,Python,Software Engineer,32,Naukri
CAND04569,Aditya Nair,43,Delhi,B.Sc,1,Statistics,Data Scientist,18,Company Website
CAND04570,Rohit Reddy,25,Mumbai,B.Tech,1,Docker,Data Analyst,37,Naukri
CAND04571,Priya Bose,42,Noida,M.Tech,6,Machine Learning,Software Engineer,20,Company Website
CAND04572,Pooja Iyer,29,Chennai,M.Tech,7,TensorFlow,Product Manager,14,LinkedIn
CAND04573,Meera Mehta,40,Bangalore,B.Sc,12,Docker,Software Engineer,31,Referral
CAND04574,Arjun Chopra,43,Delhi,B.Tech,0,Kubernetes,Cloud Engineer,27,LinkedIn
CAND04575,Pooja Iyer,23,Hyderabad,M.Sc,13,React,Product Manager,7,LinkedIn
CAND04576,Vikram Chopra,28,Hyderabad,B.Tech,0,Deep Learning,Cloud Engineer,11,LinkedIn
CAND04577,Aditya Patel,34,Bangalore,PhD,7,Excel,Cloud Engineer,7,Referral
CAND04578,Pooja Singh,41,Noida,M.Sc,6,SQL,DevOps Engineer,25,Referral
CAND04579,Ananya Patel,25,Ahmedabad,MBA,8,AWS,Data Analyst,35,Company Website
CAND04580,Kiran Verma,25,Noida,MBA,0,TensorFlow,Data Scientist,16,Naukri
CAND04581,Kiran Chopra,29,Bangalore,M.Sc,11,Kubernetes,Data Scientist,9,Company Website
CAND04582,Nisha Chopra,25,Kolkata,B.Tech,2,React,Software Engineer,34,Recruiter Outreach
CAND04583,Meera Jain,27,Pune,M.Sc,11,Machine Learning,DevOps Engineer,30,Company Website
CAND04584,Kiran Verma,24,Bangalore,B.Sc,8,AWS,Data Scientist,24,Naukri
CAND04585,Rohit Das,40,Mumbai,M.Tech,13,TensorFlow,Product Manager,12,Recruiter Outreach
CAND04586,Priya Kulkarni,40,Kolkata,PhD,14,Java,Product Manager,28,Referral
CAND04587,Arjun Bose,24,Mumbai,B.Sc,12,Deep Learning,Data Scientist,18,Recruiter Outreach
CAND04588,Priya Verma,33,Delhi,B.Tech,6,NodeJS,Data Scientist,14,LinkedIn
CAND04589,Rahul Bose,36,Pune,B.Sc,6,Python,Cloud Engineer,15,Recruiter Outreach
CAND04590,Pooja Gupta,36,Bangalore,MBA,9,Deep Learning,ML Engineer,8,Referral
CAND04591,Pooja Singh,44,Noida,M.Sc,9,Statistics,ML Engineer,22,Company Website
CAND04592,Nisha Das,36,Kolkata,MBA,11,Python,ML Engineer,31,Referral
CAND04593,Amit Iyer,37,Mumbai,PhD,7,Power BI,DevOps Engineer,34,Referral
CAND04594,Arjun Iyer,21,Pune,PhD,6,Data Analysis,Data Scientist,30,Referral
CAND04595,Rahul Jain,22,Bangalore,B.Tech,1,Excel,ML Engineer,35,Company Website
CAND04596,Pooja Singh,35,Ahmedabad,MBA,2,NLP,Software Engineer,38,LinkedIn
CAND04597,Sneha Iyer,42,Mumbai,M.Tech,12,NLP,DevOps Engineer,13,LinkedIn
CAND04598,Aditya Reddy,30,Pune,MBA,14,Cybersecurity,Product Manager,20,Recruiter Outreach
CAND04599,Amit Mehta,36,Chennai,B.Tech,9,Python,ML Engineer,17,LinkedIn
CAND04600,Kavya Nair,26,Hyderabad,B.Sc,5,SQL,ML Engineer,29,Company Website
CAND04601,Neha Bose,31,Mumbai,B.Tech,0,NLP,Data Analyst,34,Referral
CAND04602,Kiran Jain,39,Delhi,B.Sc,0,Cloud Architecture,Software Engineer,36,Referral
CAND04603,Neha Verma,36,Noida,MBA,10,Excel,DevOps Engineer,9,Referral
CAND04604,Neha Verma,23,Pune,PhD,9,Python,ML Engineer,23,Referral
CAND04605,Meera Reddy,42,Noida,PhD,4,AWS,DevOps Engineer,9,Company Website
CAND04606,Nisha Bose,43,Mumbai,B.Sc,2,Kubernetes,Product Manager,17,Recruiter Outreach
CAND04607,Aditya Gupta,32,Gurgaon,MBA,1,Tableau,DevOps Engineer,22,Referral
CAND04608,Meera Patel,29,Bangalore,M.Sc,10,Java,Cloud Engineer,27,LinkedIn
CAND04609,Priya Jain,33,Bangalore,M.Sc,9,DevOps,Data Scientist,32,LinkedIn
CAND04610,Rahul Bose,40,Pune,B.Tech,4,DevOps,Product Manager,39,Company Website
CAND04611,Arjun Reddy,31,Kolkata,MBA,10,Statistics,DevOps Engineer,17,Recruiter Outreach
CAND04612,Priya Verma,21,Delhi,PhD,12,TensorFlow,DevOps Engineer,25,LinkedIn
CAND04613,Meera Singh,22,Noida,M.Tech,7,Data Analysis,ML Engineer,8,Naukri
CAND04614,Sanjay Reddy,40,Bangalore,B.Tech,3,Power BI,Data Analyst,9,Referral
CAND04615,Rohit Reddy,39,Mumbai,PhD,0,TensorFlow,DevOps Engineer,38,Referral
CAND04616,Ananya Patel,39,Mumbai,PhD,11,Power BI,DevOps Engineer,37,Recruiter Outreach
CAND04617,Kavya Kulkarni,24,Chennai,B.Sc,8,DevOps,Data Scientist,37,Referral
CAND04618,Rohit Singh,25,Hyderabad,B.Sc,5,Kubernetes,Data Scientist,14,Referral
CAND04619,Kiran Kulkarni,30,Gurgaon,MBA,0,Statistics,Data Analyst,28,LinkedIn
CAND04620,Vikram Gupta,26,Gurgaon,MBA,12,Python,Cloud Engineer,13,Recruiter Outreach
CAND04621,Kiran Jain,30,Hyderabad,PhD,13,NodeJS,Software Engineer,29,Recruiter Outreach
CAND04622,Sanjay Nair,34,Chennai,PhD,7,Cloud Architecture,DevOps Engineer,22,Recruiter Outreach
CAND04623,Aditya Bose,27,Hyderabad,MBA,4,Machine Learning,Product Manager,37,Referral
CAND04624,Rohit Patel,23,Noida,M.Tech,9,NodeJS,Product Manager,18,LinkedIn
CAND04625,Kiran Nair,30,Noida,M.Tech,13,Machine Learning,DevOps Engineer,27,Recruiter Outreach
CAND04626,Vikram Chopra,38,Noida,B.Tech,8,Statistics,Cloud Engineer,28,Company Website
CAND04627,Pooja Reddy,35,Mumbai,MBA,0,Statistics,Data Scientist,32,Referral
CAND04628,Kavya Iyer,28,Hyderabad,B.Sc,2,Python,Data Scientist,7,LinkedIn
CAND04629,Rahul Gupta,28,Ahmedabad,M.Sc,1,AWS,DevOps Engineer,21,Company Website
CAND04630,Neha Gupta,35,Hyderabad,M.Sc,6,Excel,Cloud Engineer,21,Recruiter Outreach
CAND04631,Rahul Singh,25,Pune,MBA,6,DevOps,ML Engineer,13,LinkedIn
CAND04632,Ananya Reddy,41,Pune,M.Tech,8,Data Analysis,DevOps Engineer,33,Naukri
CAND04633,Rohit Gupta,41,Mumbai,PhD,11,NodeJS,Software Engineer,34,Naukri
CAND04634,Meera Verma,21,Gurgaon,M.Sc,1,SQL,Data Scientist,8,Naukri
CAND04635,Nisha Sharma,44,Mumbai,B.Sc,14,Deep Learning,Software Engineer,29,Referral
CAND04636,Pooja Reddy,21,Delhi,B.Tech,3,TensorFlow,Data Analyst,35,Referral
CAND04637,Priya Verma,32,Hyderabad,MBA,7,Excel,Cloud Engineer,15,Referral
CAND04638,Rahul Iyer,37,Mumbai,B.Sc,3,Cybersecurity,Product Manager,27,Recruiter Outreach
CAND04639,Nisha Gupta,28,Kolkata,PhD,5,TensorFlow,Product Manager,27,Recruiter Outreach
CAND04640,Rohit Iyer,25,Gurgaon,B.Sc,12,TensorFlow,Data Scientist,6,LinkedIn
CAND04641,Priya Sharma,22,Kolkata,MBA,0,Python,Product Manager,33,Company Website
CAND04642,Amit Singh,38,Ahmedabad,MBA,7,Deep Learning,Data Analyst,31,Naukri
CAND04643,Arjun Sharma,21,Ahmedabad,MBA,8,NodeJS,ML Engineer,15,Referral
CAND04644,Neha Gupta,32,Gurgaon,B.Tech,8,Statistics,DevOps Engineer,16,LinkedIn
CAND04645,Ananya Jain,30,Delhi,B.Tech,5,TensorFlow,Data Scientist,32,Company Website
CAND04646,Meera Bose,44,Noida,M.Sc,5,NodeJS,Data Analyst,33,Referral
CAND04647,Sneha Gupta,43,Chennai,MBA,13,SQL,Cloud Engineer,8,LinkedIn
CAND04648,Sanjay Reddy,40,Pune,PhD,3,NodeJS,Product Manager,18,Recruiter Outreach
CAND04649,Pooja Singh,38,Hyderabad,MBA,7,NLP,Software Engineer,27,Recruiter Outreach
CAND04650,Sneha Chopra,34,Chennai,PhD,5,Cloud Architecture,ML Engineer,10,Naukri
CAND04651,Rohit Chopra,29,Mumbai,M.Tech,11,AWS,DevOps Engineer,39,Naukri
CAND04652,Kavya Patel,24,Kolkata,M.Tech,12,Machine Learning,ML Engineer,13,Naukri
CAND04653,Kiran Patel,44,Ahmedabad,B.Sc,12,Cloud Architecture,Product Manager,35,LinkedIn
CAND04654,Kiran Mehta,30,Chennai,M.Sc,1,TensorFlow,Software Engineer,8,LinkedIn
CAND04655,Sanjay Bose,31,Chennai,B.Tech,1,AWS,ML Engineer,35,Referral
CAND04656,Arjun Bose,24,Kolkata,B.Sc,5,Cloud Architecture,ML Engineer,7,Referral
CAND04657,Priya Patel,27,Chennai,M.Tech,6,Java,Software Engineer,29,LinkedIn
CAND04658,Nisha Nair,36,Noida,M.Sc,0,NLP,Cloud Engineer,18,LinkedIn
CAND04659,Kavya Iyer,31,Delhi,B.Sc,13,SQL,Product Manager,21,Recruiter Outreach
CAND04660,Vikram Verma,35,Bangalore,B.Sc,13,NLP,Cloud Engineer,9,Recruiter Outreach
CAND04661,Pooja Bose,26,Gurgaon,M.Tech,6,Excel,DevOps Engineer,29,Referral
CAND04662,Arjun Singh,22,Pune,M.Tech,11,Power BI,ML Engineer,27,Company Website
CAND04663,Rahul Patel,42,Bangalore,B.Sc,8,Data Analysis,Product Manager,16,LinkedIn
CAND04664,Kavya Nair,31,Noida,MBA,9,AWS,Product Manager,22,Recruiter Outreach
CAND04665,Priya Mehta,29,Gurgaon,M.Sc,13,Deep Learning,DevOps Engineer,24,Recruiter Outreach
CAND04666,Kiran Chopra,27,Ahmedabad,B.Tech,1,Data Analysis,Cloud Engineer,29,LinkedIn
CAND04667,Nisha Reddy,36,Gurgaon,M.Tech,3,Cloud Architecture,Software Engineer,24,Referral
CAND04668,Arjun Bose,34,Mumbai,B.Tech,6,Docker,Data Analyst,8,Referral
CAND04669,Meera Gupta,30,Kolkata,B.Tech,13,Python,Cloud Engineer,24,LinkedIn
CAND04670,Kiran Iyer,43,Chennai,M.Tech,8,Data Analysis,Software Engineer,17,Referral
CAND04671,Kavya Reddy,42,Mumbai,MBA,5,Cloud Architecture,Cloud Engineer,20,Company Website
CAND04672,Nisha Sharma,25,Delhi,B.Tech,0,Machine Learning,Product Manager,18,Company Website
CAND04673,Pooja Gupta,36,Pune,B.Tech,8,Statistics,Product Manager,17,LinkedIn
CAND04674,Amit Verma,44,Chennai,PhD,4,NLP,Software Engineer,14,Referral
CAND04675,Kiran Patel,32,Chennai,B.Sc,4,Kubernetes,Data Analyst,17,Recruiter Outreach
CAND04676,Amit Patel,21,Mumbai,M.Sc,14,Tableau,Software Engineer,30,Recruiter Outreach
CAND04677,Arjun Patel,24,Kolkata,M.Sc,7,Kubernetes,Data Analyst,13,Naukri
CAND04678,Meera Patel,37,Delhi,B.Tech,2,Cybersecurity,Cloud Engineer,31,Company Website
CAND04679,Sanjay Bose,42,Ahmedabad,B.Sc,0,SQL,Software Engineer,20,Referral
CAND04680,Meera Jain,24,Chennai,PhD,5,Excel,ML Engineer,26,Recruiter Outreach
CAND04681,Nisha Sharma,34,Delhi,MBA,0,Docker,ML Engineer,10,Naukri
CAND04682,Neha Das,32,Kolkata,PhD,6,NLP,Cloud Engineer,13,Company Website
CAND04683,Neha Das,27,Bangalore,PhD,6,Excel,Product Manager,36,Referral
CAND04684,Sanjay Jain,36,Ahmedabad,B.Sc,13,DevOps,Data Scientist,34,LinkedIn
CAND04685,Neha Reddy,42,Pune,B.Tech,5,Deep Learning,Product Manager,8,Naukri
CAND04686,Amit Gupta,26,Ahmedabad,B.Sc,4,Machine Learning,Data Scientist,36,Naukri
CAND04687,Vikram Singh,22,Noida,PhD,9,Docker,Data Analyst,34,Naukri
CAND04688,Arjun Chopra,29,Delhi,B.Sc,9,Java,Data Scientist,10,Recruiter Outreach
CAND04689,Sanjay Das,28,Bangalore,M.Sc,0,Python,Product Manager,14,Company Website
CAND04690,Amit Singh,38,Delhi,B.Sc,1,DevOps,Cloud Engineer,12,Referral
CAND04691,Meera Gupta,33,Delhi,MBA,2,NLP,Software Engineer,35,Naukri
CAND04692,Arjun Das,21,Ahmedabad,PhD,11,SQL,DevOps Engineer,35,LinkedIn
CAND04693,Sanjay Chopra,29,Kolkata,B.Tech,3,React,Cloud Engineer,30,Company Website
CAND04694,Arjun Mehta,38,Chennai,MBA,14,Tableau,ML Engineer,14,LinkedIn
CAND04695,Arjun Verma,32,Hyderabad,B.Tech,6,Tableau,DevOps Engineer,37,LinkedIn
CAND04696,Arjun Mehta,34,Hyderabad,B.Sc,14,Power BI,Software Engineer,34,Naukri
CAND04697,Rahul Singh,27,Hyderabad,PhD,3,SQL,Cloud Engineer,35,Recruiter Outreach
CAND04698,Sneha Kulkarni,28,Mumbai,PhD,6,DevOps,Data Analyst,18,Referral
CAND04699,Aditya Das,24,Mumbai,M.Tech,2,Python,Cloud Engineer,29,LinkedIn
CAND04700,Kavya Jain,22,Gurgaon,M.Sc,12,Tableau,DevOps Engineer,28,LinkedIn
CAND04701,Nisha Singh,21,Bangalore,PhD,8,NLP,DevOps Engineer,11,Recruiter Outreach
CAND04702,Sanjay Reddy,35,Chennai,PhD,1,Kubernetes,Data Scientist,25,Company Website
CAND04703,Aditya Mehta,24,Noida,B.Sc,11,AWS,Cloud Engineer,24,Naukri
CAND04704,Vikram Patel,34,Noida,M.Tech,13,Excel,ML Engineer,25,Recruiter Outreach
CAND04705,Pooja Reddy,43,Hyderabad,MBA,10,AWS,Software Engineer,17,LinkedIn
CAND04706,Pooja Patel,37,Gurgaon,M.Sc,12,Deep Learning,Data Analyst,28,Company Website
CAND04707,Rohit Mehta,34,Pune,B.Sc,4,SQL,Cloud Engineer,36,Referral
CAND04708,Kavya Iyer,23,Chennai,MBA,6,Statistics,DevOps Engineer,26,Referral
CAND04709,Priya Reddy,32,Pune,M.Tech,12,Kubernetes,ML Engineer,35,Recruiter Outreach
CAND04710,Kavya Chopra,42,Delhi,B.Sc,9,React,Software Engineer,32,Recruiter Outreach
CAND04711,Kavya Gupta,30,Mumbai,MBA,9,TensorFlow,ML Engineer,16,Recruiter Outreach
CAND04712,Vikram Nair,40,Ahmedabad,MBA,11,Statistics,DevOps Engineer,31,LinkedIn
CAND04713,Arjun Bose,38,Noida,PhD,9,Docker,Cloud Engineer,28,Company Website
CAND04714,Kavya Kulkarni,27,Bangalore,B.Tech,1,Cybersecurity,DevOps Engineer,38,Referral
CAND04715,Priya Iyer,24,Noida,M.Tech,3,AWS,Cloud Engineer,17,Referral
CAND04716,Pooja Reddy,21,Hyderabad,PhD,11,Deep Learning,DevOps Engineer,11,LinkedIn
CAND04717,Arjun Nair,27,Delhi,PhD,3,Kubernetes,Product Manager,29,Naukri
CAND04718,Amit Kulkarni,28,Pune,M.Tech,9,Statistics,Product Manager,27,Recruiter Outreach
CAND04719,Neha Iyer,36,Delhi,PhD,7,DevOps,ML Engineer,26,Referral
CAND04720,Arjun Singh,34,Pune,M.Tech,9,AWS,Software Engineer,31,Naukri
CAND04721,Rahul Kulkarni,32,Pune,B.Tech,3,Statistics,Data Scientist,23,Company Website
CAND04722,Meera Gupta,38,Delhi,M.Tech,4,Machine Learning,ML Engineer,7,Company Website
CAND04723,Nisha Nair,39,Delhi,B.Sc,10,Python,Data Analyst,35,Referral
CAND04724,Sanjay Sharma,38,Bangalore,B.Tech,2,Power BI,DevOps Engineer,15,LinkedIn
CAND04725,Sanjay Reddy,42,Mumbai,M.Tech,4,Deep Learning,Product Manager,14,Recruiter Outreach
CAND04726,Meera Chopra,29,Chennai,M.Sc,14,TensorFlow,DevOps Engineer,33,Naukri
CAND04727,Vikram Gupta,40,Ahmedabad,B.Sc,2,SQL,Product Manager,33,Company Website
CAND04728,Amit Nair,31,Gurgaon,B.Sc,8,AWS,Data Analyst,23,Naukri
CAND04729,Sanjay Mehta,25,Mumbai,PhD,2,Cybersecurity,Product Manager,29,Referral
CAND04730,Rahul Reddy,24,Ahmedabad,M.Tech,10,SQL,Cloud Engineer,8,Referral
CAND04731,Arjun Bose,23,Chennai,PhD,1,Python,Data Analyst,15,Company Website
CAND04732,Priya Reddy,43,Delhi,MBA,8,Docker,Product Manager,14,Recruiter Outreach
CAND04733,Kiran Gupta,25,Mumbai,PhD,6,Statistics,Product Manager,20,Referral
CAND04734,Aditya Bose,41,Hyderabad,M.Sc,10,Python,Software Engineer,18,LinkedIn
CAND04735,Arjun Das,39,Gurgaon,M.Tech,0,Python,ML Engineer,8,LinkedIn
CAND04736,Sanjay Verma,31,Hyderabad,M.Tech,7,Statistics,Data Scientist,29,Naukri
CAND04737,Rahul Sharma,42,Pune,B.Sc,8,Kubernetes,Product Manager,26,Referral
CAND04738,Neha Patel,42,Mumbai,B.Sc,3,NodeJS,Data Analyst,18,Recruiter Outreach
CAND04739,Vikram Nair,43,Ahmedabad,M.Tech,4,NLP,Data Analyst,36,Referral
CAND04740,Ananya Iyer,32,Kolkata,M.Tech,10,Data Analysis,ML Engineer,18,Naukri
CAND04741,Amit Gupta,28,Mumbai,PhD,8,Tableau,Software Engineer,10,Referral
CAND04742,Kavya Das,22,Ahmedabad,M.Sc,8,Deep Learning,Software Engineer,34,Naukri
CAND04743,Neha Reddy,41,Kolkata,M.Tech,14,Power BI,DevOps Engineer,10,Company Website
CAND04744,Rohit Patel,41,Hyderabad,M.Sc,6,TensorFlow,ML Engineer,8,Company Website
CAND04745,Sneha Sharma,33,Noida,B.Tech,13,NodeJS,Cloud Engineer,22,Company Website
CAND04746,Rohit Singh,22,Bangalore,MBA,14,DevOps,Software Engineer,25,Naukri
CAND04747,Ananya Nair,40,Bangalore,B.Tech,8,Tableau,ML Engineer,15,Naukri
CAND04748,Arjun Bose,28,Gurgaon,B.Sc,3,Cybersecurity,Data Scientist,34,Referral
CAND04749,Aditya Patel,34,Bangalore,M.Tech,6,Power BI,Data Scientist,15,Recruiter Outreach
CAND04750,Aditya Iyer,36,Hyderabad,M.Tech,0,Kubernetes,ML Engineer,38,Company Website
CAND04751,Sneha Kulkarni,24,Hyderabad,M.Tech,10,NodeJS,Cloud Engineer,27,Recruiter Outreach
CAND04752,Amit Mehta,22,Pune,M.Tech,4,Cloud Architecture,Cloud Engineer,12,Company Website
CAND04753,Sneha Singh,22,Kolkata,B.Tech,13,Statistics,Product Manager,19,LinkedIn
CAND04754,Pooja Bose,44,Noida,B.Sc,9,SQL,Software Engineer,8,Referral
CAND04755,Sneha Kulkarni,43,Kolkata,PhD,7,Cybersecurity,DevOps Engineer,34,Naukri
CAND04756,Kavya Mehta,31,Delhi,M.Tech,2,NodeJS,ML Engineer,28,Referral
CAND04757,Kiran Jain,31,Pune,M.Sc,1,NodeJS,Data Scientist,20,Recruiter Outreach
CAND04758,Arjun Sharma,30,Bangalore,B.Sc,10,Python,Data Analyst,29,Naukri
CAND04759,Aditya Jain,29,Hyderabad,M.Tech,11,Tableau,DevOps Engineer,26,Referral
CAND04760,Neha Kulkarni,34,Ahmedabad,B.Tech,3,TensorFlow,Cloud Engineer,26,Naukri
CAND04761,Pooja Kulkarni,29,Bangalore,M.Sc,0,Statistics,Data Scientist,19,Referral
CAND04762,Kavya Bose,35,Noida,B.Tech,4,Deep Learning,Cloud Engineer,17,LinkedIn
CAND04763,Pooja Kulkarni,30,Pune,MBA,11,Tableau,Software Engineer,14,Recruiter Outreach
CAND04764,Rahul Singh,36,Ahmedabad,B.Tech,8,DevOps,ML Engineer,32,Recruiter Outreach
CAND04765,Kiran Gupta,43,Noida,M.Sc,1,Statistics,Data Scientist,22,Company Website
CAND04766,Rohit Verma,25,Chennai,PhD,1,Data Analysis,ML Engineer,21,Referral
CAND04767,Priya Kulkarni,22,Hyderabad,M.Tech,1,Cloud Architecture,Data Analyst,30,Recruiter Outreach
CAND04768,Meera Gupta,33,Hyderabad,M.Tech,11,Cloud Architecture,ML Engineer,24,Referral
CAND04769,Rohit Verma,23,Bangalore,B.Sc,11,Machine Learning,Software Engineer,38,Recruiter Outreach
CAND04770,Amit Verma,26,Delhi,B.Sc,6,Python,Data Analyst,14,Recruiter Outreach
CAND04771,Vikram Mehta,39,Kolkata,MBA,10,Python,Data Scientist,7,LinkedIn
CAND04772,Kiran Sharma,31,Bangalore,MBA,0,SQL,Product Manager,20,Referral
CAND04773,Amit Singh,34,Gurgaon,M.Tech,8,NodeJS,Software Engineer,24,Company Website
CAND04774,Nisha Sharma,39,Delhi,M.Tech,4,Excel,Cloud Engineer,33,Referral
CAND04775,Sanjay Patel,24,Gurgaon,B.Sc,12,React,DevOps Engineer,27,Recruiter Outreach
CAND04776,Kavya Singh,32,Gurgaon,M.Sc,7,Java,Cloud Engineer,37,Company Website
CAND04777,Kavya Patel,21,Mumbai,M.Sc,12,Kubernetes,Software Engineer,8,Referral
CAND04778,Sanjay Gupta,32,Mumbai,B.Sc,8,NodeJS,ML Engineer,24,Company Website
CAND04779,Sanjay Verma,26,Ahmedabad,M.Sc,6,TensorFlow,ML Engineer,34,LinkedIn
CAND04780,Rohit Reddy,42,Pune,B.Sc,14,Data Analysis,ML Engineer,23,Referral
CAND04781,Kiran Jain,27,Delhi,MBA,14,AWS,Data Analyst,15,LinkedIn
CAND04782,Aditya Bose,25,Gurgaon,MBA,6,Tableau,DevOps Engineer,32,LinkedIn
CAND04783,Sneha Nair,21,Delhi,B.Sc,5,Data Analysis,Cloud Engineer,35,Company Website
CAND04784,Arjun Jain,24,Mumbai,M.Tech,9,Kubernetes,Product Manager,14,LinkedIn
CAND04785,Nisha Bose,26,Mumbai,M.Sc,2,Docker,Cloud Engineer,24,Company Website
CAND04786,Rahul Reddy,26,Noida,M.Tech,5,Cloud Architecture,Software Engineer,33,LinkedIn
CAND04787,Meera Das,38,Kolkata,B.Tech,12,Python,Data Analyst,11,Recruiter Outreach
CAND04788,Neha Patel,42,Hyderabad,MBA,13,Deep Learning,Product Manager,6,Recruiter Outreach
CAND04789,Rahul Verma,41,Delhi,B.Tech,6,Docker,DevOps Engineer,31,Referral
CAND04790,Kavya Singh,43,Ahmedabad,M.Tech,5,Docker,Software Engineer,31,Naukri
CAND04791,Pooja Sharma,42,Kolkata,MBA,13,Statistics,Cloud Engineer,11,Company Website
CAND04792,Sanjay Gupta,31,Delhi,B.Tech,3,React,Data Scientist,26,Naukri
CAND04793,Aditya Jain,30,Noida,M.Tech,0,Python,DevOps Engineer,30,LinkedIn
CAND04794,Rohit Reddy,36,Ahmedabad,B.Sc,1,Tableau,Product Manager,38,Recruiter Outreach
CAND04795,Sneha Iyer,28,Gurgaon,MBA,1,Cloud Architecture,Data Analyst,33,Recruiter Outreach
CAND04796,Nisha Iyer,35,Chennai,PhD,13,DevOps,DevOps Engineer,13,Naukri
CAND04797,Kavya Singh,44,Noida,B.Tech,0,Cloud Architecture,Data Scientist,25,Naukri
CAND04798,Kiran Chopra,25,Hyderabad,M.Sc,4,Tableau,DevOps Engineer,30,LinkedIn
CAND04799,Rohit Das,39,Ahmedabad,B.Sc,9,SQL,Software Engineer,15,Company Website
CAND04800,Ananya Singh,43,Mumbai,B.Sc,9,Deep Learning,Product Manager,11,Naukri
CAND04801,Rahul Iyer,33,Bangalore,M.Sc,12,Cloud Architecture,Software Engineer,20,Referral
CAND04802,Arjun Sharma,29,Hyderabad,B.Tech,14,Data Analysis,Software Engineer,30,Referral
CAND04803,Neha Singh,27,Bangalore,M.Sc,6,Cybersecurity,Software Engineer,23,LinkedIn
CAND04804,Kavya Chopra,25,Delhi,M.Tech,3,Python,DevOps Engineer,26,Company Website
CAND04805,Nisha Das,28,Gurgaon,B.Sc,1,Tableau,Product Manager,28,LinkedIn
CAND04806,Priya Mehta,38,Kolkata,M.Tech,13,TensorFlow,Software Engineer,38,Naukri
CAND04807,Meera Nair,33,Delhi,MBA,5,Deep Learning,ML Engineer,27,Recruiter Outreach
CAND04808,Kavya Singh,26,Noida,M.Sc,13,Python,Cloud Engineer,10,LinkedIn
CAND04809,Arjun Nair,34,Delhi,PhD,5,NLP,Data Analyst,19,LinkedIn
CAND04810,Rahul Kulkarni,40,Mumbai,PhD,11,Java,Data Analyst,11,Company Website
CAND04811,Sneha Verma,21,Gurgaon,M.Sc,9,Kubernetes,Product Manager,31,Recruiter Outreach
CAND04812,Pooja Kulkarni,21,Mumbai,B.Sc,10,Machine Learning,Data Analyst,39,LinkedIn
CAND04813,Arjun Jain,44,Delhi,B.Sc,9,Deep Learning,DevOps Engineer,32,Referral
CAND04814,Kiran Mehta,38,Ahmedabad,PhD,4,Docker,Product Manager,14,Company Website
CAND04815,Amit Sharma,34,Gurgaon,M.Tech,1,Data Analysis,ML Engineer,29,Naukri
CAND04816,Sneha Gupta,42,Delhi,PhD,0,React,Product Manager,6,Naukri
CAND04817,Meera Kulkarni,35,Hyderabad,B.Sc,6,Statistics,Product Manager,15,Referral
CAND04818,Nisha Kulkarni,33,Kolkata,B.Sc,13,Statistics,Data Analyst,16,Naukri
CAND04819,Aditya Kulkarni,26,Kolkata,B.Sc,9,NodeJS,Software Engineer,21,LinkedIn
CAND04820,Neha Das,40,Hyderabad,M.Sc,10,TensorFlow,ML Engineer,16,Recruiter Outreach
CAND04821,Kavya Gupta,39,Pune,M.Sc,3,NodeJS,Data Scientist,20,Naukri
CAND04822,Kavya Verma,28,Delhi,B.Tech,7,Java,Product Manager,6,Referral
CAND04823,Arjun Verma,38,Noida,M.Sc,6,TensorFlow,Data Analyst,33,Referral
CAND04824,Nisha Mehta,38,Ahmedabad,M.Sc,2,Docker,DevOps Engineer,19,Referral
CAND04825,Vikram Mehta,23,Kolkata,PhD,9,Python,ML Engineer,33,Naukri
CAND04826,Pooja Iyer,24,Bangalore,PhD,5,Kubernetes,Software Engineer,7,LinkedIn
CAND04827,Nisha Mehta,35,Bangalore,PhD,6,Deep Learning,Cloud Engineer,35,Company Website
CAND04828,Pooja Chopra,35,Ahmedabad,B.Tech,8,AWS,DevOps Engineer,27,LinkedIn
CAND04829,Sanjay Bose,36,Hyderabad,B.Sc,0,React,ML Engineer,13,Referral
CAND04830,Rahul Nair,29,Chennai,PhD,14,Python,Data Scientist,31,Recruiter Outreach
CAND04831,Priya Reddy,41,Hyderabad,PhD,3,Power BI,Cloud Engineer,31,Naukri
CAND04832,Amit Verma,31,Hyderabad,B.Sc,10,Java,Data Scientist,30,Recruiter Outreach
CAND04833,Ananya Das,25,Delhi,PhD,11,SQL,Data Scientist,35,Company Website
CAND04834,Rahul Reddy,23,Bangalore,PhD,2,Deep Learning,Software Engineer,38,Company Website
CAND04835,Kiran Chopra,42,Chennai,B.Tech,3,Cybersecurity,Product Manager,11,LinkedIn
CAND04836,Aditya Patel,37,Hyderabad,PhD,6,Power BI,DevOps Engineer,15,Naukri
CAND04837,Arjun Sharma,32,Pune,B.Sc,12,Python,Data Scientist,7,Referral
CAND04838,Pooja Patel,26,Gurgaon,B.Sc,9,NodeJS,Product Manager,8,LinkedIn
CAND04839,Pooja Iyer,23,Kolkata,M.Tech,7,AWS,Product Manager,9,LinkedIn
CAND04840,Amit Bose,24,Chennai,PhD,12,SQL,DevOps Engineer,29,LinkedIn
CAND04841,Kavya Mehta,23,Bangalore,M.Tech,7,Docker,Data Scientist,26,LinkedIn
CAND04842,Kiran Gupta,33,Noida,MBA,13,Deep Learning,Data Scientist,7,Naukri
CAND04843,Meera Singh,25,Delhi,M.Tech,11,Kubernetes,Product Manager,20,LinkedIn
CAND04844,Vikram Mehta,24,Delhi,PhD,2,Statistics,Cloud Engineer,9,Recruiter Outreach
CAND04845,Amit Reddy,27,Delhi,MBA,5,Data Analysis,Cloud Engineer,12,Naukri
CAND04846,Ananya Patel,37,Gurgaon,B.Tech,0,NodeJS,Data Analyst,7,Recruiter Outreach
CAND04847,Priya Verma,32,Mumbai,B.Tech,3,Python,DevOps Engineer,23,LinkedIn
CAND04848,Arjun Patel,24,Mumbai,PhD,0,Power BI,ML Engineer,8,LinkedIn
CAND04849,Meera Das,38,Mumbai,M.Tech,1,DevOps,Data Scientist,32,Recruiter Outreach
CAND04850,Amit Iyer,32,Pune,M.Sc,0,Java,ML Engineer,37,Referral
CAND04851,Neha Das,25,Ahmedabad,B.Tech,10,Statistics,DevOps Engineer,35,Company Website
CAND04852,Priya Chopra,37,Gurgaon,PhD,6,Java,Software Engineer,34,LinkedIn
CAND04853,Neha Patel,44,Noida,B.Sc,7,Tableau,DevOps Engineer,31,LinkedIn
CAND04854,Pooja Patel,33,Noida,M.Tech,11,Machine Learning,Data Analyst,36,Naukri
CAND04855,Rahul Jain,24,Mumbai,PhD,12,Python,Data Analyst,36,Naukri
CAND04856,Rohit Singh,28,Bangalore,M.Tech,7,Data Analysis,Product Manager,13,LinkedIn
CAND04857,Kiran Nair,35,Gurgaon,PhD,6,Docker,DevOps Engineer,26,LinkedIn
CAND04858,Ananya Sharma,44,Chennai,B.Sc,9,NodeJS,Product Manager,16,Referral
CAND04859,Rohit Gupta,43,Delhi,MBA,6,Data Analysis,Product Manager,34,LinkedIn
CAND04860,Sanjay Kulkarni,43,Gurgaon,B.Tech,6,Tableau,DevOps Engineer,6,Recruiter Outreach
CAND04861,Priya Bose,40,Mumbai,M.Tech,4,Machine Learning,Product Manager,20,Recruiter Outreach
CAND04862,Vikram Gupta,34,Gurgaon,B.Tech,2,NodeJS,ML Engineer,18,LinkedIn
CAND04863,Aditya Das,36,Noida,PhD,2,Machine Learning,Data Analyst,34,Naukri
CAND04864,Pooja Verma,38,Chennai,B.Tech,9,DevOps,Data Scientist,16,Referral
CAND04865,Aditya Patel,38,Chennai,B.Tech,12,Machine Learning,Data Scientist,36,LinkedIn
CAND04866,Ananya Reddy,36,Mumbai,B.Tech,6,React,Data Scientist,22,Company Website
CAND04867,Arjun Gupta,24,Bangalore,PhD,1,Data Analysis,Data Scientist,29,Recruiter Outreach
CAND04868,Sneha Singh,42,Bangalore,PhD,9,TensorFlow,Software Engineer,24,Company Website
CAND04869,Aditya Nair,21,Kolkata,M.Sc,13,NLP,Cloud Engineer,20,Recruiter Outreach
CAND04870,Neha Singh,31,Pune,B.Tech,7,Statistics,Product Manager,16,Company Website
CAND04871,Rohit Gupta,31,Bangalore,B.Sc,0,Cloud Architecture,Product Manager,15,Naukri
CAND04872,Rohit Verma,44,Pune,PhD,1,Tableau,ML Engineer,27,Recruiter Outreach
CAND04873,Sneha Nair,23,Bangalore,B.Tech,7,Tableau,Data Analyst,17,Company Website
CAND04874,Meera Kulkarni,32,Mumbai,M.Sc,12,Excel,Data Analyst,35,Company Website
CAND04875,Vikram Kulkarni,29,Bangalore,B.Tech,0,Power BI,Data Scientist,10,Company Website
CAND04876,Sanjay Gupta,23,Gurgaon,M.Sc,11,Tableau,Data Scientist,13,LinkedIn
CAND04877,Ananya Verma,26,Gurgaon,B.Sc,11,SQL,Software Engineer,7,Company Website
CAND04878,Neha Mehta,31,Hyderabad,PhD,0,Data Analysis,Cloud Engineer,35,Company Website
CAND04879,Aditya Mehta,42,Gurgaon,MBA,3,DevOps,Software Engineer,20,Naukri
CAND04880,Ananya Iyer,30,Noida,M.Sc,0,TensorFlow,Software Engineer,7,Naukri
CAND04881,Aditya Nair,42,Ahmedabad,PhD,8,Java,Product Manager,7,Recruiter Outreach
CAND04882,Sanjay Nair,38,Kolkata,M.Tech,2,NodeJS,Software Engineer,37,LinkedIn
CAND04883,Neha Reddy,40,Bangalore,B.Sc,13,Deep Learning,DevOps Engineer,35,Naukri
CAND04884,Meera Bose,41,Delhi,MBA,1,React,Product Manager,15,Company Website
CAND04885,Rahul Chopra,38,Gurgaon,MBA,9,Kubernetes,Data Scientist,28,Referral
CAND04886,Pooja Patel,38,Hyderabad,M.Sc,11,DevOps,Data Analyst,14,Referral
CAND04887,Priya Verma,24,Delhi,M.Tech,2,NodeJS,Software Engineer,34,LinkedIn
CAND04888,Pooja Mehta,38,Chennai,B.Tech,3,Cloud Architecture,Data Scientist,30,Referral
CAND04889,Kiran Jain,22,Hyderabad,MBA,11,Cloud Architecture,Data Scientist,21,Referral
CAND04890,Neha Gupta,38,Pune,M.Sc,1,Kubernetes,DevOps Engineer,37,Recruiter Outreach
CAND04891,Nisha Gupta,36,Mumbai,B.Tech,6,Power BI,DevOps Engineer,13,LinkedIn
CAND04892,Kavya Singh,39,Gurgaon,MBA,3,Data Analysis,Data Analyst,39,Company Website
CAND04893,Rohit Gupta,36,Kolkata,M.Sc,0,Data Analysis,DevOps Engineer,15,LinkedIn
CAND04894,Kiran Verma,29,Noida,MBA,6,Excel,Cloud Engineer,36,Company Website
CAND04895,Sneha Singh,29,Bangalore,B.Sc,7,NLP,Data Scientist,35,Naukri
CAND04896,Amit Gupta,35,Mumbai,B.Sc,5,Data Analysis,Data Scientist,25,Naukri
CAND04897,Nisha Kulkarni,32,Noida,M.Sc,12,Docker,Software Engineer,10,Recruiter Outreach
CAND04898,Ananya Bose,29,Pune,PhD,1,NLP,Data Analyst,31,Company Website
CAND04899,Meera Chopra,32,Delhi,MBA,6,Data Analysis,Product Manager,29,LinkedIn
CAND04900,Meera Singh,33,Ahmedabad,MBA,2,NodeJS,Product Manager,35,Referral
CAND04901,Kiran Reddy,26,Mumbai,M.Tech,11,Data Analysis,Cloud Engineer,13,Referral
CAND04902,Aditya Iyer,36,Delhi,MBA,8,SQL,Software Engineer,14,Company Website
CAND04903,Aditya Bose,28,Ahmedabad,PhD,10,Python,DevOps Engineer,18,Recruiter Outreach
CAND04904,Rahul Verma,27,Hyderabad,B.Sc,1,Cybersecurity,Data Scientist,18,Company Website
CAND04905,Nisha Nair,31,Kolkata,M.Sc,6,Statistics,Data Analyst,6,Naukri
CAND04906,Neha Bose,23,Kolkata,MBA,0,React,Data Scientist,11,Company Website
CAND04907,Rohit Patel,35,Chennai,M.Sc,4,Java,Product Manager,22,Company Website
CAND04908,Sneha Verma,38,Hyderabad,M.Sc,14,Docker,Data Analyst,38,LinkedIn
CAND04909,Kavya Gupta,43,Noida,B.Sc,10,NLP,Cloud Engineer,10,Naukri
CAND04910,Sanjay Patel,27,Noida,PhD,1,Data Analysis,Data Scientist,14,Company Website
CAND04911,Sneha Singh,33,Chennai,PhD,5,Statistics,Product Manager,35,Company Website
CAND04912,Amit Mehta,33,Pune,B.Tech,13,Cloud Architecture,Data Analyst,7,Referral
CAND04913,Aditya Jain,38,Gurgaon,M.Tech,2,NodeJS,Data Scientist,9,LinkedIn
CAND04914,Pooja Reddy,35,Bangalore,PhD,11,AWS,Software Engineer,36,Referral
CAND04915,Priya Chopra,40,Pune,MBA,4,Docker,ML Engineer,14,Referral
CAND04916,Neha Das,41,Mumbai,M.Tech,7,Statistics,Data Scientist,16,Recruiter Outreach
CAND04917,Priya Verma,23,Chennai,M.Sc,13,React,Data Scientist,6,Company Website
CAND04918,Ananya Bose,29,Pune,B.Sc,10,Docker,DevOps Engineer,19,Recruiter Outreach
CAND04919,Priya Mehta,36,Hyderabad,B.Tech,4,Java,Product Manager,39,LinkedIn
CAND04920,Nisha Mehta,34,Bangalore,B.Tech,0,TensorFlow,DevOps Engineer,39,Company Website
CAND04921,Kiran Iyer,32,Chennai,M.Sc,3,Cloud Architecture,DevOps Engineer,27,LinkedIn
CAND04922,Meera Gupta,25,Gurgaon,M.Sc,6,Excel,Data Scientist,28,Naukri
CAND04923,Ananya Bose,34,Chennai,MBA,2,NLP,ML Engineer,27,Referral
CAND04924,Kiran Singh,38,Delhi,PhD,13,TensorFlow,Data Scientist,29,Recruiter Outreach
CAND04925,Sneha Reddy,21,Pune,B.Tech,0,TensorFlow,Product Manager,23,Company Website
CAND04926,Pooja Gupta,35,Pune,PhD,8,Power BI,Cloud Engineer,12,Naukri
CAND04927,Kiran Singh,42,Ahmedabad,B.Tech,14,Deep Learning,Product Manager,35,Naukri
CAND04928,Neha Das,34,Noida,B.Sc,5,Cybersecurity,Product Manager,35,Company Website
CAND04929,Neha Reddy,43,Mumbai,PhD,8,Kubernetes,ML Engineer,10,Company Website
CAND04930,Rohit Das,29,Delhi,B.Sc,1,Statistics,Data Analyst,9,Naukri
CAND04931,Pooja Nair,21,Mumbai,M.Sc,10,AWS,DevOps Engineer,32,Company Website
CAND04932,Kiran Chopra,37,Mumbai,MBA,14,Docker,Cloud Engineer,7,Company Website
CAND04933,Vikram Gupta,26,Hyderabad,M.Tech,11,SQL,DevOps Engineer,33,LinkedIn
CAND04934,Kavya Nair,21,Noida,M.Tech,2,Kubernetes,Data Analyst,39,Referral
CAND04935,Kiran Iyer,25,Noida,B.Tech,5,Excel,Data Scientist,7,Recruiter Outreach
CAND04936,Sanjay Mehta,43,Gurgaon,M.Tech,10,Deep Learning,Product Manager,33,Referral
CAND04937,Aditya Das,39,Pune,M.Tech,11,Cybersecurity,DevOps Engineer,10,Recruiter Outreach
CAND04938,Nisha Nair,27,Pune,M.Sc,6,Data Analysis,Cloud Engineer,15,Naukri
CAND04939,Rohit Iyer,35,Delhi,M.Tech,14,Deep Learning,ML Engineer,24,Referral
CAND04940,Arjun Bose,29,Kolkata,B.Tech,3,TensorFlow,Data Scientist,29,Referral
CAND04941,Arjun Sharma,25,Gurgaon,M.Sc,11,TensorFlow,Product Manager,9,Naukri
CAND04942,Sneha Nair,44,Noida,B.Sc,7,Tableau,Cloud Engineer,9,LinkedIn
CAND04943,Kiran Jain,40,Mumbai,M.Tech,10,NLP,Cloud Engineer,15,Referral
CAND04944,Aditya Kulkarni,29,Kolkata,M.Sc,8,Machine Learning,Data Analyst,29,Company Website
CAND04945,Rohit Chopra,29,Ahmedabad,M.Tech,6,Kubernetes,Product Manager,19,Recruiter Outreach
CAND04946,Amit Nair,40,Delhi,M.Sc,12,Kubernetes,ML Engineer,15,Recruiter Outreach
CAND04947,Kavya Das,32,Hyderabad,B.Tech,12,Kubernetes,Cloud Engineer,11,Referral
CAND04948,Sanjay Verma,30,Noida,B.Sc,12,Cybersecurity,Data Analyst,38,Company Website
CAND04949,Kiran Verma,30,Noida,B.Sc,1,Tableau,ML Engineer,29,Referral
CAND04950,Ananya Gupta,31,Ahmedabad,MBA,6,React,Cloud Engineer,39,Recruiter Outreach
CAND04951,Vikram Das,33,Pune,M.Sc,11,React,Software Engineer,22,Recruiter Outreach
CAND04952,Ananya Gupta,21,Delhi,MBA,13,Cybersecurity,ML Engineer,33,Naukri
CAND04953,Aditya Jain,32,Gurgaon,B.Sc,5,NodeJS,DevOps Engineer,27,Company Website
CAND04954,Kiran Gupta,31,Hyderabad,M.Tech,11,Python,Cloud Engineer,23,Recruiter Outreach
CAND04955,Nisha Gupta,27,Kolkata,B.Sc,8,Kubernetes,Software Engineer,22,LinkedIn
CAND04956,Arjun Bose,29,Mumbai,M.Sc,3,TensorFlow,Product Manager,23,Referral
CAND04957,Rohit Gupta,31,Pune,PhD,13,Docker,DevOps Engineer,20,Company Website
CAND04958,Priya Mehta,29,Gurgaon,MBA,6,AWS,Data Scientist,27,LinkedIn
CAND04959,Kiran Das,42,Pune,MBA,9,Kubernetes,Software Engineer,22,Company Website
CAND04960,Sneha Iyer,33,Chennai,MBA,4,Docker,Product Manager,39,Referral
CAND04961,Meera Iyer,33,Bangalore,PhD,0,Power BI,ML Engineer,36,Referral
CAND04962,Priya Singh,27,Noida,PhD,6,TensorFlow,Product Manager,21,Recruiter Outreach
CAND04963,Ananya Gupta,42,Mumbai,B.Sc,10,Java,Data Analyst,19,Naukri
CAND04964,Sneha Gupta,21,Hyderabad,M.Sc,4,Cloud Architecture,DevOps Engineer,31,Company Website
CAND04965,Neha Sharma,34,Ahmedabad,B.Tech,13,Machine Learning,DevOps Engineer,27,Company Website
CAND04966,Amit Mehta,25,Hyderabad,M.Sc,11,Deep Learning,Data Analyst,13,Naukri
CAND04967,Amit Reddy,39,Delhi,M.Sc,9,Kubernetes,Data Analyst,34,Naukri
CAND04968,Ananya Sharma,30,Ahmedabad,M.Sc,12,Kubernetes,Data Analyst,29,Recruiter Outreach
CAND04969,Ananya Nair,28,Noida,B.Sc,12,Statistics,DevOps Engineer,27,Recruiter Outreach
CAND04970,Ananya Nair,22,Gurgaon,PhD,10,NLP,Cloud Engineer,32,LinkedIn
CAND04971,Sanjay Sharma,39,Ahmedabad,B.Sc,12,Python,Data Analyst,13,Naukri
CAND04972,Rahul Reddy,30,Noida,PhD,10,NLP,Data Analyst,33,Company Website
CAND04973,Meera Bose,27,Kolkata,M.Tech,12,AWS,Cloud Engineer,10,Company Website
CAND04974,Aditya Nair,41,Delhi,B.Sc,1,Excel,Cloud Engineer,32,Naukri
CAND04975,Arjun Mehta,21,Kolkata,MBA,5,NLP,DevOps Engineer,26,Company Website
CAND04976,Amit Singh,32,Noida,PhD,13,Statistics,Data Analyst,25,Naukri
CAND04977,Rohit Iyer,24,Hyderabad,PhD,7,Docker,DevOps Engineer,30,LinkedIn
CAND04978,Sanjay Chopra,24,Delhi,PhD,0,React,Data Analyst,16,Referral
CAND04979,Vikram Bose,21,Hyderabad,M.Tech,12,NodeJS,Data Analyst,32,LinkedIn
CAND04980,Priya Bose,25,Hyderabad,MBA,9,Power BI,ML Engineer,6,Company Website
CAND04981,Sanjay Gupta,43,Bangalore,B.Tech,13,NodeJS,Data Analyst,29,Recruiter Outreach
CAND04982,Kiran Reddy,31,Chennai,PhD,0,TensorFlow,Data Analyst,33,Referral
CAND04983,Sanjay Iyer,44,Hyderabad,M.Tech,2,NodeJS,Data Scientist,6,Company Website
CAND04984,Sneha Reddy,27,Noida,B.Sc,7,NLP,Product Manager,29,Recruiter Outreach
CAND04985,Sneha Reddy,39,Hyderabad,MBA,2,Cybersecurity,DevOps Engineer,32,Referral
CAND04986,Ananya Nair,23,Chennai,PhD,7,Deep Learning,Data Scientist,23,Recruiter Outreach
CAND04987,Rohit Iyer,23,Pune,M.Sc,5,Java,ML Engineer,26,LinkedIn
CAND04988,Sneha Bose,21,Hyderabad,M.Sc,3,Power BI,Data Analyst,8,Company Website
CAND04989,Vikram Patel,42,Hyderabad,B.Sc,11,AWS,Product Manager,39,LinkedIn
CAND04990,Kavya Sharma,37,Ahmedabad,B.Tech,0,Tableau,Data Analyst,38,Company Website
CAND04991,Neha Chopra,38,Chennai,PhD,13,NLP,Cloud Engineer,31,LinkedIn
CAND04992,Vikram Verma,43,Mumbai,B.Tech,2,NLP,Data Scientist,6,Recruiter Outreach
CAND04993,Kavya Reddy,28,Hyderabad,MBA,8,Statistics,Data Analyst,20,Referral
CAND04994,Kiran Nair,38,Gurgaon,MBA,14,NLP,Cloud Engineer,33,Referral
CAND04995,Neha Gupta,33,Pune,MBA,1,Cybersecurity,Cloud Engineer,28,Naukri
CAND04996,Aditya Iyer,34,Pune,PhD,13,NLP,ML Engineer,36,Recruiter Outreach
CAND04997,Nisha Singh,36,Hyderabad,M.Tech,4,SQL,DevOps Engineer,26,LinkedIn
CAND04998,Nisha Reddy,32,Hyderabad,B.Sc,11,Java,Data Scientist,30,Referral
CAND04999,Ananya Nair,21,Chennai,M.Tech,12,Deep Learning,Data Scientist,17,Company Website
